image_id,unetpp_prnu_illum_iou,unetpp_prnu_freq_iou,unetpp_freq_illum_iou,unetpp_all_iou,attenunet_prnu_illum_iou,attenunet_prnu_freq_iou,attenunet_freq_illum_iou,attenunet_all_iou,ensemble_prnu_illum_iou,ensemble_prnu_freq_iou,ensemble_freq_illum_iou,ensemble_all_iou
0,0.970818,0.963253,0.922843,0.969215,0.955496,0.964479,0.948056,0.954808,0.965763,0.966984,0.942568,0.964346
1,0.952806,0.954604,0.93591,0.945249,0.936705,0.933877,0.945118,0.939574,0.945827,0.941343,0.947588,0.945283
2,0.942455,0.938419,0.921994,0.932862,0.917587,0.949698,0.924647,0.941902,0.932459,0.948234,0.936603,0.939778
3,0.92548,0.963012,0.949675,0.954747,0.951426,0.953395,0.963339,0.952004,0.93842,0.957721,0.959596,0.959202
4,0.926904,0.935931,0.941154,0.955455,0.934216,0.937857,0.936741,0.927843,0.934095,0.936106,0.95168,0.944088
5,0.949393,0.965925,0.953232,0.944154,0.938177,0.959155,0.942485,0.964943,0.942281,0.965984,0.955188,0.957143
6,0.957272,0.959788,0.945335,0.964972,0.950551,0.953657,0.932281,0.949176,0.957802,0.959184,0.94008,0.962838
7,0.962694,0.953409,0.93926,0.937584,0.971767,0.943045,0.941156,0.92797,0.968056,0.949725,0.94454,0.934415
8,0.947368,0.949604,0.941135,0.95348,0.946082,0.968226,0.949928,0.967372,0.946877,0.961235,0.948024,0.961085
9,0.954251,0.964396,0.940395,0.944802,0.975571,0.947511,0.959305,0.950838,0.970941,0.964715,0.957911,0.949146
10,0.961758,0.959382,0.90271,0.957672,0.960843,0.953651,0.896641,0.962741,0.9631,0.958822,0.902439,0.966412
11,0.930603,0.956114,0.926767,0.935869,0.932402,0.961653,0.902146,0.959626,0.935252,0.962907,0.919384,0.956571
12,0.979381,0.976436,0.936555,0.974274,0.979305,0.981965,0.951327,0.977565,0.981905,0.98084,0.94174,0.983782
13,0.94271,0.967081,0.918015,0.958104,0.94014,0.966606,0.928623,0.95633,0.945956,0.972824,0.92708,0.955213
14,0.905697,0.9138,0.884155,0.901435,0.919305,0.892747,0.906842,0.919106,0.919172,0.907157,0.898324,0.911417
15,0.945553,0.933492,0.945946,0.943691,0.949341,0.920613,0.948234,0.95322,0.952268,0.931105,0.947927,0.952413
16,0.961763,0.968647,0.96443,0.959957,0.952295,0.944627,0.90939,0.949458,0.960713,0.959766,0.958884,0.958755
17,0.917266,0.902975,0.873225,0.910421,0.893759,0.902086,0.872465,0.910242,0.903009,0.904003,0.870268,0.911701
18,0.935906,0.947402,0.924511,0.966064,0.953914,0.952806,0.954574,0.949588,0.95,0.947737,0.959459,0.955252
19,0.954668,0.966644,0.950984,0.959599,0.962353,0.967643,0.948615,0.973184,0.960995,0.972156,0.94935,0.970946
20,0.971793,0.96412,0.925241,0.954563,0.951967,0.958127,0.915997,0.954184,0.964012,0.963119,0.919882,0.952741
21,0.933552,0.943062,0.945581,0.941201,0.942389,0.926141,0.938317,0.943987,0.940441,0.948588,0.941946,0.942952
22,0.948375,0.940106,0.894698,0.960526,0.954511,0.955039,0.928896,0.945739,0.956655,0.947147,0.918161,0.955367
23,0.963507,0.972222,0.958219,0.956951,0.97515,0.96514,0.979167,0.955608,0.971679,0.974878,0.971859,0.959176
24,0.95074,0.954944,0.931074,0.958884,0.955816,0.956114,0.897689,0.942442,0.953614,0.95639,0.91605,0.954683
25,0.938737,0.914695,0.955991,0.931618,0.922305,0.913768,0.970037,0.918516,0.932538,0.91925,0.969369,0.925302
26,0.973014,0.975094,0.952009,0.97283,0.971258,0.956234,0.96367,0.960253,0.981089,0.969392,0.961092,0.971107
27,0.944148,0.937767,0.810453,0.942693,0.934485,0.94659,0.791852,0.94347,0.945878,0.956974,0.800484,0.950502
28,0.97115,0.938001,0.943101,0.920775,0.944075,0.956429,0.954093,0.906703,0.956106,0.947664,0.958125,0.913205
29,0.850995,0.876761,0.884315,0.8836,0.933549,0.914376,0.936051,0.896637,0.922327,0.911268,0.918852,0.894423
30,0.970445,0.97391,0.946284,0.969174,0.960262,0.960087,0.933608,0.972572,0.974084,0.972724,0.953731,0.973053
31,0.943425,0.962667,0.884128,0.967263,0.955337,0.956621,0.939864,0.954927,0.955048,0.961876,0.911103,0.96374
32,0.912288,0.912935,0.903921,0.897765,0.920833,0.870093,0.868347,0.855838,0.918706,0.898236,0.886289,0.868167
33,0.914274,0.90967,0.827773,0.908983,0.90012,0.910364,0.807692,0.919841,0.907784,0.916467,0.822335,0.924182
34,0.904367,0.879518,0.939701,0.899326,0.929092,0.85806,0.974587,0.887988,0.916161,0.863799,0.962302,0.891111
35,0.959073,0.964104,0.930672,0.966833,0.965852,0.968761,0.922581,0.971613,0.966739,0.965905,0.930561,0.972372
36,0.948471,0.957288,0.947229,0.958292,0.950568,0.965901,0.930542,0.95919,0.953224,0.96275,0.941176,0.962358
37,0.920659,0.899365,0.894531,0.899414,0.931818,0.930878,0.908822,0.906189,0.927602,0.911067,0.903337,0.903969
38,0.955848,0.966667,0.947576,0.956202,0.949807,0.9517,0.936112,0.957221,0.959192,0.965949,0.9427,0.968198
39,0.94077,0.909983,0.838843,0.943057,0.93288,0.925705,0.828996,0.929327,0.940671,0.917984,0.836296,0.945407
40,0.968297,0.959582,0.919795,0.950617,0.960864,0.95857,0.94608,0.959518,0.96687,0.96305,0.933898,0.961422
41,0.969276,0.955811,0.971175,0.963768,0.969192,0.96558,0.94086,0.948431,0.968716,0.970784,0.965947,0.965855
42,0.926157,0.923948,0.948649,0.925194,0.930378,0.916855,0.953199,0.933508,0.930944,0.922977,0.960678,0.933965
43,0.953333,0.961392,0.92068,0.967824,0.967516,0.954242,0.917001,0.932287,0.96865,0.962174,0.942525,0.950219
44,0.952977,0.959372,0.916407,0.975164,0.9547,0.957011,0.933333,0.949577,0.959114,0.959686,0.927997,0.95883
45,0.936116,0.920743,0.944341,0.905367,0.930581,0.926829,0.926784,0.919582,0.936131,0.923214,0.93902,0.909996
46,0.917466,0.874548,0.940491,0.924383,0.892434,0.856624,0.915848,0.95045,0.906727,0.86578,0.943692,0.938161
47,0.969031,0.965147,0.967323,0.96419,0.956423,0.960253,0.967183,0.960197,0.971532,0.969356,0.973732,0.962399
48,0.946671,0.94076,0.943857,0.95753,0.947047,0.938931,0.941826,0.956888,0.95318,0.947823,0.954515,0.965913
49,0.940031,0.962554,0.946822,0.967604,0.966425,0.938927,0.969771,0.959159,0.973595,0.959247,0.961468,0.966972
50,0.959106,0.950566,0.957093,0.951558,0.944403,0.942007,0.91564,0.963504,0.949381,0.951091,0.93634,0.958602
51,0.912842,0.920488,0.860825,0.901823,0.904445,0.909481,0.875865,0.871592,0.910841,0.918679,0.874445,0.892814
52,0.973373,0.952759,0.969573,0.982554,0.976778,0.964299,0.960586,0.942608,0.984404,0.962976,0.97006,0.958563
53,0.950826,0.935287,0.869549,0.962792,0.957039,0.937832,0.893674,0.954755,0.956204,0.936954,0.888805,0.96238
54,0.975441,0.966922,0.950225,0.97314,0.968044,0.972213,0.927002,0.957018,0.974991,0.977115,0.941136,0.967984
55,0.878462,0.923738,0.867292,0.873892,0.891955,0.919588,0.871957,0.909797,0.88706,0.926156,0.871778,0.893511
56,0.934252,0.955477,0.959813,0.945042,0.938456,0.935055,0.960252,0.943498,0.939513,0.946604,0.963443,0.948609
57,0.949227,0.928045,0.932404,0.951166,0.925108,0.947069,0.933946,0.922654,0.940841,0.935624,0.944756,0.945525
58,0.942126,0.949842,0.968494,0.945871,0.9588,0.938407,0.946042,0.944048,0.953025,0.945232,0.963366,0.947327
59,0.934541,0.89833,0.914077,0.92487,0.939383,0.950495,0.918681,0.922483,0.935855,0.934965,0.924376,0.934566
60,0.933636,0.919007,0.941152,0.909454,0.925226,0.929334,0.938038,0.911085,0.92623,0.92638,0.944966,0.9136
61,0.915713,0.937761,0.888734,0.936568,0.898145,0.927447,0.756388,0.920028,0.904583,0.93437,0.865243,0.929213
62,0.945185,0.960046,0.927692,0.95669,0.965035,0.965491,0.909509,0.959646,0.958751,0.964327,0.921093,0.961435
63,0.889793,0.928158,0.906939,0.936385,0.942165,0.923195,0.875198,0.917777,0.915813,0.92714,0.896994,0.925585
64,0.973538,0.960247,0.96753,0.972541,0.972366,0.965145,0.970052,0.968374,0.973273,0.973584,0.97134,0.971982
65,0.973538,0.960247,0.96753,0.972541,0.972366,0.965145,0.970052,0.968374,0.973273,0.973584,0.97134,0.971982
66,0.93637,0.940351,0.915718,0.941917,0.936252,0.944327,0.937249,0.934403,0.937871,0.944425,0.926768,0.940847
67,0.961715,0.932359,0.955749,0.945825,0.958972,0.951363,0.940076,0.961491,0.964628,0.948298,0.963399,0.956021
68,0.970206,0.946074,0.945312,0.966456,0.975433,0.963591,0.968631,0.946596,0.979107,0.959068,0.95476,0.955144
69,0.921162,0.929844,0.941132,0.935629,0.926324,0.939727,0.891967,0.939782,0.926383,0.937711,0.914795,0.942083
70,0.923301,0.959942,0.924396,0.951087,0.950938,0.934349,0.931521,0.956943,0.940558,0.953387,0.936463,0.972061
71,0.95127,0.938255,0.939973,0.950842,0.945411,0.942592,0.932169,0.924458,0.949042,0.944633,0.942236,0.946816
72,0.961246,0.950909,0.952155,0.963477,0.944668,0.960332,0.93923,0.964156,0.957711,0.961176,0.958909,0.96474
73,0.96102,0.960058,0.953018,0.944989,0.958591,0.934449,0.95207,0.970962,0.961776,0.954125,0.960613,0.964592
74,0.956211,0.961451,0.960938,0.965327,0.969261,0.975673,0.975321,0.967605,0.962866,0.972331,0.972396,0.973529
75,0.942088,0.942378,0.919968,0.961948,0.919229,0.952869,0.932746,0.939211,0.940622,0.948833,0.930084,0.958418
76,0.943396,0.954138,0.90953,0.941869,0.955405,0.953431,0.853072,0.914418,0.955746,0.954984,0.886364,0.924938
77,0.930715,0.96411,0.885435,0.962811,0.945783,0.928571,0.881967,0.882374,0.940912,0.951577,0.896903,0.934269
78,0.963455,0.959486,0.948624,0.960092,0.942728,0.9666,0.949203,0.965654,0.95557,0.965826,0.957681,0.96627
79,0.975142,0.96282,0.924797,0.958511,0.961579,0.959815,0.967856,0.953537,0.968507,0.966312,0.946188,0.962478
80,0.942479,0.954469,0.902765,0.956751,0.923692,0.940114,0.872148,0.956982,0.936318,0.945819,0.886478,0.96257
81,0.963504,0.96553,0.930938,0.971816,0.957786,0.945687,0.947854,0.951132,0.971182,0.956225,0.942857,0.978801
82,0.947777,0.963472,0.977842,0.934266,0.954792,0.950054,0.976259,0.949426,0.957424,0.960636,0.983678,0.941634
83,0.961286,0.956239,0.934822,0.957286,0.951211,0.934038,0.918588,0.935733,0.963656,0.954115,0.928855,0.963557
84,0.966366,0.936585,0.943213,0.969466,0.960293,0.957698,0.962873,0.961699,0.966202,0.949513,0.957957,0.968663
85,0.955283,0.949292,0.941956,0.921762,0.94386,0.954959,0.924809,0.911776,0.950588,0.950433,0.93622,0.913323
86,0.954985,0.961317,0.912846,0.969303,0.963685,0.963275,0.873654,0.974925,0.964741,0.964467,0.898163,0.976557
87,0.966585,0.966922,0.901445,0.967562,0.974549,0.961941,0.928691,0.960208,0.972467,0.976174,0.915699,0.965925
88,0.962535,0.943198,0.946794,0.96462,0.969571,0.949463,0.945633,0.97104,0.971429,0.952398,0.962871,0.973849
89,0.924958,0.921886,0.824697,0.927204,0.916464,0.9329,0.824016,0.916158,0.924528,0.929129,0.822882,0.920273
90,0.962994,0.967648,0.914935,0.977843,0.974594,0.96281,0.903238,0.965015,0.974113,0.967675,0.908534,0.972037
91,0.903982,0.850947,0.851201,0.897017,0.927935,0.914348,0.913674,0.922189,0.916915,0.871194,0.90402,0.902421
92,0.938586,0.934039,0.909228,0.945373,0.946515,0.95638,0.91711,0.954746,0.940986,0.944104,0.913225,0.95987
93,0.903861,0.877064,0.915966,0.90478,0.885331,0.929224,0.892233,0.901815,0.891353,0.898179,0.907442,0.90123
94,0.945331,0.942183,0.961617,0.975485,0.952317,0.953763,0.951629,0.964298,0.949983,0.952316,0.958742,0.971225
95,0.957831,0.961231,0.897629,0.934241,0.932459,0.940828,0.877469,0.958931,0.948405,0.954329,0.884615,0.950217
96,0.951975,0.962911,0.892323,0.945044,0.946077,0.957173,0.931373,0.956657,0.955311,0.961888,0.915622,0.961248
97,0.919601,0.932687,0.916765,0.945226,0.952795,0.906231,0.859772,0.949868,0.955198,0.924372,0.894335,0.950161
98,0.918052,0.921492,0.931452,0.929791,0.961771,0.943083,0.967113,0.931289,0.938262,0.932941,0.956592,0.936062
99,0.965787,0.91135,0.953498,0.971202,0.973211,0.964963,0.967755,0.935809,0.970918,0.954809,0.96264,0.954863
100,0.959464,0.955423,0.953464,0.953136,0.956184,0.958838,0.946936,0.954183,0.960014,0.962859,0.954843,0.955229
101,0.906111,0.943618,0.922251,0.924024,0.929512,0.933386,0.91028,0.924647,0.932394,0.94076,0.914966,0.925897
102,0.947104,0.948183,0.940921,0.965829,0.950775,0.939515,0.955094,0.955283,0.948623,0.949715,0.947492,0.960347
103,0.939614,0.900865,0.955662,0.915912,0.94454,0.931895,0.953697,0.93998,0.94454,0.935375,0.959366,0.927798
104,0.956384,0.961322,0.961485,0.977003,0.970857,0.965517,0.951076,0.946031,0.964863,0.965845,0.956597,0.970619
105,0.961876,0.948096,0.957313,0.95122,0.947123,0.934827,0.93342,0.943562,0.958628,0.944821,0.946763,0.950435
106,0.96532,0.953711,0.951547,0.955412,0.965231,0.949673,0.936138,0.956373,0.97107,0.955121,0.945794,0.964095
107,0.920532,0.950787,0.921766,0.93516,0.930604,0.91462,0.905524,0.930108,0.928681,0.934388,0.917192,0.934439
108,0.960352,0.957695,0.955782,0.950284,0.973073,0.954895,0.950887,0.953481,0.971874,0.95996,0.95501,0.961061
109,0.959632,0.959473,0.964465,0.965166,0.939512,0.953216,0.957955,0.957447,0.951976,0.959384,0.96633,0.963863
110,0.965361,0.969668,0.959249,0.973243,0.951243,0.969823,0.959125,0.957898,0.963894,0.970039,0.966281,0.966741
111,0.941715,0.955462,0.879523,0.942833,0.955192,0.934487,0.92057,0.95071,0.951374,0.949124,0.902092,0.947938
112,0.946099,0.936538,0.912104,0.924318,0.948414,0.946862,0.923245,0.942432,0.95581,0.943673,0.923495,0.948037
113,0.89964,0.903059,0.877215,0.907921,0.886651,0.924929,0.845387,0.879377,0.896057,0.914825,0.86758,0.893735
114,0.952633,0.95286,0.935754,0.955385,0.959938,0.947304,0.943225,0.968789,0.9574,0.954163,0.941581,0.964363
115,0.912119,0.949136,0.953452,0.958713,0.946278,0.946771,0.926355,0.930248,0.931855,0.946034,0.957871,0.943152
116,0.927349,0.934029,0.940565,0.956195,0.929912,0.927826,0.927197,0.941841,0.928154,0.931942,0.931638,0.948095
117,0.962647,0.952474,0.935445,0.940661,0.933592,0.914331,0.904608,0.923742,0.944006,0.948201,0.923763,0.930912
118,0.866514,0.931373,0.853311,0.929639,0.884175,0.903933,0.83531,0.829138,0.877741,0.92689,0.845163,0.854959
119,0.933536,0.917845,0.933071,0.937354,0.948604,0.91003,0.910567,0.940621,0.947065,0.916527,0.924096,0.944911
120,0.952381,0.956673,0.932302,0.931682,0.926284,0.958333,0.924801,0.942388,0.941667,0.959026,0.935025,0.93975
121,0.947736,0.967201,0.94868,0.960326,0.963493,0.943652,0.941328,0.960586,0.956877,0.954244,0.95013,0.967054
122,0.945455,0.944238,0.934568,0.944467,0.946738,0.941904,0.927442,0.931384,0.947912,0.94188,0.930527,0.937908
123,0.940584,0.919245,0.896163,0.926299,0.91664,0.935191,0.91515,0.929591,0.932314,0.927852,0.915232,0.929175
124,0.931206,0.938482,0.918402,0.916446,0.923077,0.925731,0.918319,0.917158,0.929024,0.93862,0.9179,0.921148
125,0.953945,0.951209,0.912127,0.951115,0.925831,0.904782,0.900511,0.921273,0.937766,0.935115,0.906003,0.936838
126,0.973323,0.966057,0.968085,0.980734,0.9701,0.970078,0.957302,0.967359,0.980698,0.969156,0.966231,0.978091
127,0.937384,0.951319,0.931148,0.962039,0.949348,0.94729,0.910773,0.959404,0.946741,0.95041,0.953412,0.961653
128,0.971733,0.963991,0.958445,0.955155,0.967731,0.972982,0.963967,0.951543,0.969236,0.975561,0.973199,0.958691
129,0.937525,0.946586,0.947558,0.963355,0.929004,0.930922,0.912804,0.931809,0.933225,0.94025,0.931583,0.951358
130,0.95285,0.91958,0.926671,0.953959,0.951046,0.933216,0.937149,0.953448,0.950866,0.926641,0.937196,0.956278
131,0.980731,0.965957,0.945894,0.968016,0.972549,0.964064,0.952044,0.92654,0.980852,0.964648,0.949792,0.939317
132,0.979687,0.949528,0.931885,0.97596,0.967633,0.971807,0.915059,0.957588,0.976774,0.967309,0.92691,0.965344
133,0.96393,0.958348,0.953747,0.947632,0.949295,0.960831,0.929342,0.960663,0.955887,0.962938,0.942544,0.960665
134,0,0,0,0,0,0,0,0,0,0,0,0
135,0.936779,0.956393,0.850052,0.941176,0.926284,0.96077,0.862314,0.948162,0.935616,0.960726,0.854035,0.950795
136,0.943687,0.86991,0.914437,0.95677,0.950963,0.904541,0.876194,0.964925,0.960428,0.912934,0.896743,0.966954
137,0.976483,0.975385,0.946882,0.975212,0.973845,0.953682,0.937866,0.973836,0.977172,0.965924,0.947783,0.97619
138,0.938367,0.924757,0.890736,0.932981,0.925151,0.939729,0.918072,0.908696,0.929264,0.935261,0.905939,0.924407
139,0.967469,0.925385,0.945584,0.973507,0.916565,0.943326,0.961088,0.977947,0.95842,0.935866,0.966807,0.981356
140,0.955164,0.950544,0.960969,0.972644,0.944633,0.961692,0.904114,0.964046,0.965947,0.957228,0.932388,0.968708
141,0.925993,0.939988,0.778349,0.923054,0.940176,0.93608,0.768055,0.903857,0.938738,0.942883,0.772755,0.913416
142,0.899935,0.928594,0.862091,0.913198,0.885825,0.905147,0.885733,0.926993,0.898344,0.927634,0.883825,0.928802
143,0.904148,0.953236,0.931575,0.963644,0.961285,0.948633,0.864025,0.938925,0.937322,0.955019,0.893982,0.948602
144,0.940063,0.948108,0.917818,0.938768,0.952891,0.961898,0.926227,0.94339,0.951722,0.958559,0.925848,0.940084
145,0.949558,0.951488,0.929087,0.95274,0.93441,0.966557,0.90816,0.934804,0.940362,0.964694,0.92699,0.947644
146,0.963297,0.94315,0.96063,0.957606,0.956157,0.953496,0.940134,0.960723,0.959514,0.946417,0.957361,0.958229
147,0.906887,0.905079,0.924682,0.890378,0.895028,0.88018,0.933746,0.89287,0.902787,0.89986,0.936627,0.892696
148,0.963423,0.964691,0.936701,0.957134,0.954398,0.947506,0.953247,0.93099,0.960026,0.960573,0.950262,0.947556
149,0.950152,0.944763,0.937082,0.948675,0.931267,0.927419,0.906586,0.954193,0.939353,0.940047,0.927419,0.952925
150,0.963294,0.965471,0.922802,0.963702,0.968905,0.970164,0.912917,0.953268,0.968243,0.969597,0.92113,0.963946
151,0.948868,0.965633,0.932763,0.938909,0.92367,0.925301,0.92376,0.896006,0.935391,0.948148,0.932438,0.910507
152,0.949731,0.964217,0.965182,0.95,0.923403,0.940138,0.964688,0.963401,0.936947,0.956873,0.965854,0.963176
153,0.943505,0.955521,0.965021,0.95752,0.956002,0.954789,0.941586,0.948747,0.955178,0.955939,0.955831,0.958684
154,0.969499,0.973159,0.955483,0.977124,0.965555,0.969057,0.94414,0.964299,0.970051,0.976346,0.955791,0.967835
155,0.956579,0.94624,0.949518,0.925498,0.944407,0.915488,0.934492,0.96609,0.961526,0.932358,0.941667,0.944897
156,0.911775,0.918949,0.901947,0.928192,0.952175,0.889006,0.928748,0.921344,0.9353,0.905256,0.914008,0.935403
157,0.906785,0.8981,0.942645,0.8979,0.934246,0.910231,0.9261,0.924021,0.921673,0.906126,0.932751,0.91016
158,0.948655,0.951517,0.946868,0.963707,0.974395,0.906841,0.953652,0.945946,0.964574,0.935675,0.953488,0.955944
159,0.959563,0.898823,0.932049,0.945966,0.92448,0.941697,0.922722,0.937179,0.946676,0.925544,0.934867,0.950018
160,0.88285,0.909677,0.932166,0.904737,0.911623,0.893082,0.8624,0.929795,0.900585,0.905269,0.90948,0.927095
161,0.976392,0.971691,0.957178,0.957162,0.966036,0.966585,0.949345,0.9609,0.974278,0.973286,0.955508,0.964434
162,0.970294,0.965152,0.941115,0.959239,0.95951,0.967885,0.91655,0.961969,0.971468,0.966177,0.930575,0.960312
163,0.942857,0.963184,0.934114,0.939229,0.955972,0.944824,0.876195,0.943683,0.955119,0.956565,0.927327,0.940945
164,0.779196,0.785729,0.726437,0.762453,0.796568,0.735466,0.722977,0.776266,0.800126,0.77171,0.72465,0.772499
165,0.970522,0.983545,0.970434,0.983446,0.976119,0.976021,0.950562,0.970741,0.975364,0.981252,0.964406,0.978723
166,0.95618,0.94857,0.931973,0.95082,0.936306,0.944344,0.912489,0.947304,0.947926,0.951932,0.926148,0.95341
167,0.97967,0.971154,0.921082,0.971014,0.972382,0.968846,0.920341,0.966717,0.976967,0.974576,0.921736,0.970331
168,0.940184,0.954718,0.971418,0.944951,0.944018,0.951985,0.936782,0.921101,0.940545,0.955944,0.963588,0.930726
169,0.972185,0.97346,0.924344,0.951364,0.973746,0.971755,0.924579,0.980372,0.979675,0.976957,0.926599,0.968291
170,0.965465,0.959774,0.921369,0.955844,0.944083,0.946975,0.883491,0.957246,0.964571,0.956473,0.906132,0.95509
171,0.951513,0.940722,0.949622,0.975974,0.973626,0.951103,0.944546,0.970481,0.971073,0.949577,0.95706,0.97378
172,0.957265,0.909305,0.930128,0.94543,0.950676,0.913219,0.935529,0.904356,0.958063,0.908999,0.937893,0.926012
173,0.926154,0.920755,0.913128,0.909901,0.925977,0.942407,0.920474,0.940597,0.926345,0.931389,0.917519,0.934062
174,0.915361,0.930368,0.935644,0.934875,0.918264,0.937356,0.928433,0.928544,0.922684,0.940426,0.935125,0.932558
175,0.959039,0.969356,0.912236,0.936289,0.969325,0.940983,0.91012,0.959066,0.968313,0.957325,0.917232,0.944003
176,0.931701,0.935783,0.894417,0.922023,0.944049,0.944706,0.938204,0.944887,0.939969,0.942421,0.914667,0.932642
177,0.948357,0.928595,0.907479,0.941744,0.919788,0.914407,0.884839,0.904496,0.935731,0.921485,0.899838,0.918705
178,0.974199,0.948846,0.939533,0.951057,0.936403,0.954213,0.935471,0.928626,0.962456,0.953059,0.953899,0.937332
179,0.929724,0.87695,0.911748,0.923611,0.851221,0.961761,0.707388,0.90625,0.916188,0.932676,0.895101,0.923919
180,0.95702,0.955548,0.939287,0.963121,0.939793,0.962025,0.905831,0.940601,0.951648,0.959298,0.923571,0.964363
181,0.945946,0.941682,0.936216,0.950109,0.946384,0.931706,0.946906,0.933357,0.947084,0.936367,0.94637,0.944644
182,0.956333,0.951951,0.933097,0.966696,0.944935,0.94862,0.933728,0.946565,0.961268,0.9534,0.934577,0.964768
183,0.971921,0.961893,0.926852,0.955583,0.967804,0.95398,0.919899,0.953444,0.972826,0.961659,0.926266,0.953561
184,0.909555,0.916492,0.859492,0.921931,0.916272,0.889892,0.897345,0.913351,0.917437,0.904551,0.875364,0.920701
185,0.976162,0.964834,0.961738,0.974597,0.958599,0.960048,0.944771,0.967897,0.965172,0.970576,0.960683,0.97619
186,0.95935,0.964411,0.931381,0.970806,0.979332,0.965801,0.929759,0.965532,0.979895,0.978518,0.934194,0.975588
187,0.9625,0.957205,0.931784,0.966601,0.948113,0.948276,0.922029,0.976917,0.957924,0.954796,0.924521,0.976835
188,0.965777,0.963876,0.97269,0.974306,0.975443,0.971361,0.958291,0.964213,0.97435,0.972279,0.969278,0.970418
189,0.970017,0.968177,0.891438,0.980596,0.974084,0.962963,0.947694,0.970924,0.979627,0.971369,0.933517,0.976075
190,0.953209,0.942144,0.92082,0.929542,0.946671,0.938608,0.928481,0.943343,0.951327,0.938924,0.929136,0.942496
191,0.948128,0.956401,0.939192,0.951919,0.93703,0.925132,0.945024,0.961146,0.969469,0.948302,0.955742,0.959359
192,0.9777,0.967067,0.9625,0.982401,0.962427,0.976022,0.922864,0.981213,0.971417,0.976088,0.950237,0.985485
193,0.939054,0.897466,0.955756,0.933871,0.91949,0.911624,0.952106,0.924679,0.9292,0.903302,0.957113,0.928457
194,0.954516,0.971244,0.944773,0.958227,0.967208,0.963462,0.958224,0.957311,0.96252,0.968116,0.953213,0.959158
195,0.960521,0.948697,0.903862,0.949718,0.936812,0.949247,0.871964,0.946856,0.96146,0.953637,0.895799,0.955411
196,0.927536,0.945255,0.954396,0.970412,0.962409,0.959987,0.962902,0.958403,0.949304,0.957043,0.961386,0.967667
197,0.94515,0.952058,0.799648,0.941097,0.946043,0.918992,0.719496,0.94447,0.951971,0.936286,0.776656,0.950045
198,0.960609,0.92301,0.877807,0.962189,0.959101,0.929684,0.898335,0.957995,0.958818,0.929608,0.8886,0.964045
199,0.96295,0.974592,0.932782,0.94914,0.961221,0.963643,0.938754,0.962164,0.965567,0.976087,0.936259,0.969729
200,0.962188,0.910903,0.938842,0.962813,0.931298,0.952033,0.916121,0.95296,0.949255,0.932116,0.930697,0.964663
201,0.964906,0.961995,0.9501,0.966825,0.96909,0.961734,0.937564,0.965194,0.969718,0.964019,0.955571,0.969983
202,0.79172,0.87663,0.853822,0.834596,0.884713,0.898248,0.881529,0.884743,0.833493,0.914268,0.877707,0.887427
203,0.946817,0.925955,0.939382,0.941438,0.937375,0.932143,0.949583,0.914969,0.94288,0.931501,0.949979,0.933307
204,0.957011,0.953226,0.909184,0.964846,0.946083,0.96314,0.90735,0.968367,0.951311,0.962051,0.912538,0.972014
205,0.92931,0.929861,0.889908,0.940311,0.887063,0.935376,0.908903,0.938767,0.913663,0.934426,0.905169,0.945923
206,0.948378,0.954613,0.927895,0.944934,0.94652,0.946726,0.914039,0.941112,0.948143,0.95085,0.931633,0.942899
207,0.964518,0.961939,0.914276,0.959897,0.955093,0.964239,0.871795,0.935002,0.959297,0.96582,0.898404,0.955433
208,0.945764,0.959269,0.964582,0.974113,0.950257,0.960721,0.94011,0.945766,0.948364,0.961118,0.962021,0.962396
209,0.951555,0.952476,0.933113,0.958126,0.95015,0.953473,0.940728,0.929306,0.960186,0.95379,0.936382,0.946844
210,0.966318,0.91467,0.938185,0.936431,0.938714,0.911594,0.9375,0.963735,0.950702,0.915969,0.94208,0.952237
211,0.962737,0.956537,0.968829,0.96822,0.956584,0.943741,0.945235,0.926168,0.960057,0.953497,0.96263,0.945244
212,0.932739,0.915744,0.952073,0.924639,0.901961,0.922922,0.961777,0.922376,0.918845,0.924191,0.957236,0.927254
213,0.954504,0.962625,0.934927,0.95386,0.95924,0.964237,0.909617,0.947534,0.956221,0.964351,0.934492,0.950406
214,0.905686,0.924037,0.908291,0.911133,0.931228,0.929142,0.885724,0.914226,0.91618,0.927778,0.898424,0.921098
215,0.93844,0.954465,0.928724,0.943007,0.959257,0.97434,0.915315,0.958289,0.950513,0.961497,0.93132,0.956352
216,0.946535,0.965832,0.962684,0.950137,0.953815,0.951942,0.957637,0.94645,0.954436,0.967509,0.978146,0.951066
217,0.899963,0.944617,0.841822,0.938696,0.930651,0.959795,0.795652,0.957126,0.914491,0.952325,0.838873,0.9477
218,0.967407,0.968538,0.931366,0.974104,0.967914,0.972549,0.924561,0.950697,0.972053,0.976753,0.928992,0.967201
219,0.961022,0.961681,0.954031,0.975485,0.960081,0.973729,0.948925,0.961109,0.96431,0.973845,0.955749,0.969111
220,0.932064,0.929793,0.95954,0.93353,0.89884,0.913012,0.96336,0.942082,0.915627,0.920479,0.961809,0.9375
221,0.972176,0.967055,0.950842,0.972557,0.975952,0.973342,0.958742,0.968201,0.984848,0.970333,0.954376,0.974325
222,0.947826,0.961862,0.93037,0.948188,0.958035,0.969421,0.934919,0.946247,0.959662,0.965707,0.936463,0.946298
223,0.848697,0.831407,0.838206,0.831807,0.907377,0.787494,0.770202,0.874169,0.880289,0.806331,0.815524,0.849234
224,0.900534,0.945575,0.897626,0.915388,0.923699,0.920852,0.893617,0.864865,0.914683,0.936484,0.906988,0.892262
225,0.952874,0.963771,0.950399,0.942867,0.967696,0.941626,0.967184,0.942877,0.964349,0.960674,0.960743,0.94974
226,0.937083,0.952717,0.928843,0.936067,0.956829,0.953961,0.956194,0.955245,0.959133,0.959402,0.952263,0.952195
227,0.958978,0.920314,0.855727,0.952744,0.968701,0.951693,0.800303,0.923222,0.964258,0.936934,0.850224,0.939796
228,0.96327,0.968852,0.958069,0.977601,0.962305,0.971929,0.951672,0.96221,0.964919,0.974891,0.969479,0.971634
229,0.958455,0.937345,0.942118,0.940671,0.960343,0.935208,0.945319,0.959006,0.96613,0.939145,0.949503,0.956989
230,0.963743,0.962056,0.909873,0.966586,0.945059,0.941909,0.941339,0.943131,0.952644,0.949914,0.930273,0.954311
231,0.971662,0.939108,0.852419,0.947785,0.942782,0.975943,0.880711,0.904882,0.960879,0.958757,0.860835,0.922958
232,0.861538,0.849289,0.867432,0.819563,0.84633,0.864844,0.817684,0.826837,0.854455,0.855403,0.848006,0.823289
233,0.959951,0.948852,0.880179,0.938677,0.948269,0.946881,0.934075,0.926471,0.964286,0.950787,0.904488,0.936451
234,0.940561,0.946302,0.943941,0.933873,0.958812,0.953299,0.949256,0.942451,0.95103,0.950931,0.948701,0.942847
235,0.928927,0.939099,0.882536,0.938298,0.921541,0.952933,0.921128,0.921254,0.926429,0.94659,0.899331,0.936147
236,0.936746,0.902312,0.889897,0.937135,0.902511,0.91354,0.892157,0.926306,0.922197,0.911256,0.89477,0.931914
237,0.949714,0.94568,0.909644,0.950287,0.960204,0.9589,0.908579,0.950287,0.960178,0.951649,0.913968,0.950605
238,0.97482,0.958454,0.963172,0.968605,0.963117,0.971,0.959177,0.958293,0.969903,0.97014,0.960823,0.965291
239,0.960854,0.97724,0.961511,0.96463,0.958187,0.965394,0.953741,0.962204,0.963225,0.97341,0.960517,0.966168
240,0.921214,0.931517,0.88152,0.974041,0.925697,0.938403,0.883054,0.946518,0.926499,0.932929,0.881476,0.961034
241,0.923483,0.939263,0.862637,0.929997,0.927536,0.944114,0.901146,0.929778,0.926427,0.942034,0.877,0.931205
242,0.948698,0.928867,0.935922,0.966435,0.948897,0.920225,0.897002,0.93852,0.953416,0.929164,0.940171,0.958894
243,0.969754,0.97061,0.966592,0.969179,0.976866,0.966518,0.966171,0.967694,0.979408,0.969122,0.972222,0.970643
244,0.941759,0.948795,0.881436,0.924771,0.939777,0.956923,0.863119,0.956061,0.949472,0.955994,0.877603,0.942868
245,0.953528,0.942371,0.935495,0.955907,0.951107,0.942295,0.917148,0.94865,0.962157,0.946159,0.931244,0.954845
246,0.96061,0.933747,0.940177,0.942677,0.947626,0.934917,0.912908,0.932005,0.955603,0.936141,0.928772,0.941075
247,0.946862,0.963193,0.911231,0.951182,0.94129,0.962863,0.88475,0.944166,0.944059,0.964701,0.9055,0.947104
248,0.950328,0.947368,0.880946,0.960093,0.951134,0.934092,0.89936,0.924169,0.956384,0.946287,0.892063,0.948548
249,0.963445,0.96701,0.961999,0.964236,0.966936,0.965905,0.958695,0.967247,0.969345,0.97238,0.961107,0.968315
250,0.962035,0.953786,0.948718,0.939205,0.932263,0.916925,0.937691,0.937402,0.945554,0.942457,0.94487,0.944444
251,0.954942,0.94708,0.940789,0.970535,0.949344,0.944729,0.922064,0.961302,0.953353,0.946213,0.935417,0.972727
252,0.962099,0.952381,0.942104,0.931576,0.957143,0.950893,0.936123,0.930131,0.967133,0.960269,0.941214,0.930916
253,0.947034,0.96398,0.951748,0.956829,0.945215,0.963201,0.955579,0.955072,0.95,0.965714,0.953513,0.95904
254,0.96675,0.974665,0.909753,0.973138,0.978762,0.973304,0.946559,0.963415,0.975951,0.975795,0.931186,0.972332
255,0.910328,0.938324,0.94066,0.920228,0.903387,0.940699,0.907033,0.912693,0.907937,0.939674,0.926095,0.919263
256,0.951918,0.952193,0.880482,0.941866,0.919132,0.954255,0.884205,0.927032,0.942072,0.953695,0.882296,0.934506
257,0.937539,0.915882,0.903742,0.926761,0.905838,0.928616,0.925125,0.923173,0.919648,0.922208,0.926897,0.926355
258,0.95357,0.940287,0.866075,0.940658,0.945677,0.936655,0.865782,0.943951,0.949074,0.941883,0.871916,0.944444
259,0.972061,0.966654,0.863065,0.970138,0.975037,0.965967,0.917486,0.972303,0.977298,0.973713,0.884761,0.975886
260,0.956537,0.947902,0.933148,0.911806,0.9375,0.911579,0.936408,0.925837,0.950175,0.931531,0.937914,0.939215
261,0.952576,0.960014,0.954608,0.946667,0.949188,0.922117,0.828406,0.931563,0.953936,0.945337,0.936163,0.94196
262,0.952381,0.949873,0.913203,0.92849,0.937057,0.963636,0.917677,0.943295,0.94498,0.968635,0.914503,0.935566
263,0.926456,0.932198,0.921795,0.925409,0.929735,0.925738,0.92807,0.938923,0.931834,0.933991,0.93488,0.937393
264,0.946143,0.956443,0.908783,0.932197,0.956191,0.957664,0.917014,0.941575,0.959563,0.959169,0.916781,0.938478
265,0.886176,0.886131,0.900465,0.854588,0.874514,0.880047,0.872572,0.922478,0.881455,0.886355,0.892732,0.900428
266,0.935411,0.937553,0.94165,0.944413,0.939352,0.946022,0.949543,0.929839,0.943497,0.943195,0.946186,0.93889
267,0.936983,0.930529,0.921675,0.932663,0.954708,0.942597,0.912786,0.91692,0.947056,0.937915,0.921936,0.925642
268,0.930825,0.935181,0.9164,0.926393,0.916228,0.932252,0.907503,0.964729,0.920957,0.934906,0.914206,0.961507
269,0.952364,0.945102,0.920213,0.928724,0.912778,0.94765,0.901536,0.951332,0.937253,0.949104,0.912707,0.942521
270,0.971997,0.961779,0.935267,0.973529,0.966964,0.970373,0.924443,0.964026,0.975167,0.968784,0.93277,0.971429
271,0.930183,0.924468,0.889112,0.928496,0.927018,0.934721,0.884306,0.918288,0.927893,0.930339,0.889523,0.923921
272,0.935102,0.935116,0.931497,0.958924,0.947576,0.9292,0.939893,0.92053,0.947065,0.930998,0.937722,0.939858
273,0.967,0.952042,0.924254,0.980113,0.938225,0.932152,0.900867,0.967041,0.96306,0.958208,0.920391,0.981168
274,0.971096,0.942235,0.963466,0.958752,0.958022,0.952381,0.961417,0.966443,0.969858,0.953076,0.967765,0.965324
275,0.921162,0.952037,0.959541,0.930029,0.934181,0.946164,0.916448,0.933932,0.92749,0.954531,0.939747,0.930935
276,0.967537,0.971151,0.950495,0.966589,0.976014,0.963407,0.963153,0.972709,0.97341,0.967257,0.964066,0.971505
277,0.934707,0.926513,0.912968,0.923187,0.930086,0.916764,0.894798,0.909192,0.937915,0.927721,0.911047,0.920971
278,0.956547,0.984298,0.952214,0.977332,0.946033,0.970479,0.935569,0.965207,0.952437,0.982943,0.943732,0.972989
279,0.959371,0.960297,0.920088,0.945638,0.963781,0.972615,0.931019,0.945319,0.960492,0.965366,0.923623,0.949167
280,0.948205,0.930582,0.96215,0.942412,0.969349,0.933168,0.953768,0.959755,0.966411,0.936318,0.964683,0.959846
281,0.932958,0.957116,0.943585,0.961878,0.941995,0.954912,0.949379,0.95098,0.954845,0.956419,0.965792,0.96576
282,0.919891,0.958049,0.922738,0.944748,0.945107,0.94807,0.911293,0.960964,0.934923,0.955525,0.9203,0.957367
283,0.969602,0.973011,0.963814,0.964074,0.952365,0.970949,0.949223,0.961339,0.962487,0.972329,0.958001,0.965949
284,0.970663,0.961129,0.938053,0.96543,0.95886,0.978747,0.952245,0.962345,0.967415,0.970664,0.943242,0.9681
285,0.927113,0.924028,0.939718,0.916321,0.923428,0.898896,0.923478,0.947425,0.922996,0.911785,0.934557,0.927795
286,0.956581,0.94492,0.925705,0.952067,0.940411,0.930541,0.943742,0.965789,0.959752,0.940533,0.935065,0.966436
287,0.914952,0.950559,0.933725,0.935938,0.941761,0.935277,0.95595,0.922572,0.929367,0.947879,0.947811,0.932961
288,0.919471,0.92842,0.910061,0.925645,0.91567,0.926195,0.867441,0.926644,0.918416,0.930416,0.895198,0.92751
289,0.965378,0.969595,0.953819,0.95506,0.976134,0.968307,0.943851,0.960416,0.974898,0.969963,0.952892,0.961796
290,0.946978,0.942698,0.940929,0.965956,0.951329,0.959944,0.912763,0.962113,0.954179,0.955153,0.927089,0.960199
291,0.967144,0.958435,0.926976,0.96957,0.946887,0.96344,0.966019,0.949153,0.964512,0.963376,0.945368,0.964124
292,0.93155,0.918552,0.927627,0.919711,0.905891,0.914909,0.937544,0.933471,0.923909,0.916783,0.936469,0.935272
293,0.968124,0.979436,0.971381,0.966241,0.977822,0.981358,0.957398,0.98798,0.973936,0.980718,0.971343,0.981758
294,0.932929,0.887661,0.975507,0.931307,0.943286,0.943217,0.973548,0.930254,0.942595,0.92787,0.978413,0.929595
295,0.950903,0.950436,0.928631,0.935511,0.93493,0.954072,0.951966,0.932787,0.945024,0.950155,0.944304,0.93401
296,0.921735,0.935426,0.913432,0.935978,0.933543,0.945647,0.911326,0.943336,0.9287,0.945016,0.912234,0.942508
297,0.947723,0.965895,0.853313,0.951093,0.95151,0.959118,0.878301,0.963533,0.949267,0.966088,0.866843,0.960563
298,0.96548,0.956743,0.96,0.965455,0.957787,0.958864,0.942029,0.954122,0.959258,0.957075,0.959672,0.960926
299,0.921999,0.960193,0.936882,0.927124,0.934681,0.959368,0.937834,0.944589,0.941537,0.962963,0.939024,0.943939
300,0.937688,0.931493,0.936013,0.95393,0.934885,0.9437,0.953669,0.931968,0.93582,0.940134,0.94909,0.947704
301,0.969707,0.964501,0.946487,0.959505,0.966978,0.956262,0.957933,0.97372,0.974942,0.965621,0.953435,0.975782
302,0.897332,0.90852,0.89556,0.861903,0.941834,0.93061,0.956541,0.892388,0.934145,0.921534,0.940104,0.886453
303,0.950452,0.952519,0.924561,0.949477,0.941702,0.942755,0.926573,0.941533,0.946422,0.949819,0.92802,0.949658
304,0.968918,0.968301,0.939276,0.974466,0.951256,0.976319,0.951416,0.966282,0.963827,0.973621,0.945042,0.977672
305,0.967842,0.966055,0.904777,0.960468,0.970238,0.964931,0.948021,0.961379,0.976647,0.97634,0.92626,0.962759
306,0.949231,0.937572,0.933409,0.952034,0.962095,0.949464,0.94941,0.931481,0.960296,0.943592,0.941109,0.942029
307,0.971781,0.972849,0.964664,0.975673,0.970135,0.984943,0.952726,0.972665,0.975402,0.982617,0.964834,0.976291
308,0.961977,0.962925,0.962311,0.959932,0.965411,0.937729,0.951573,0.944649,0.96832,0.955518,0.964222,0.950609
309,0.957999,0.957384,0.886525,0.966667,0.941198,0.953795,0.920084,0.939177,0.947977,0.954912,0.902062,0.956966
310,0.937189,0.944509,0.819078,0.926903,0.933257,0.93379,0.878389,0.926662,0.935619,0.936617,0.859865,0.933207
311,0.957938,0.960211,0.920233,0.965332,0.936412,0.943685,0.955429,0.930186,0.948791,0.952651,0.937698,0.941271
312,0.936722,0.934327,0.940063,0.939566,0.94917,0.940262,0.953472,0.956522,0.945706,0.943932,0.951675,0.954513
313,0.945524,0.954138,0.918305,0.952921,0.94035,0.940062,0.855773,0.957586,0.94071,0.94962,0.907294,0.956941
314,0.943657,0.938887,0.737598,0.963921,0.945294,0.96129,0.729046,0.930824,0.946459,0.954669,0.744099,0.955442
315,0.940672,0.948288,0.965917,0.97337,0.974888,0.945337,0.963839,0.965057,0.961829,0.947045,0.966349,0.975317
316,0.957696,0.955244,0.947581,0.954751,0.952639,0.940198,0.93318,0.935128,0.958465,0.948602,0.956561,0.946357
317,0.96493,0.957346,0.884171,0.970746,0.948527,0.954592,0.880572,0.954346,0.964587,0.961264,0.885675,0.972222
318,0.967191,0.967088,0.957412,0.957867,0.949103,0.962434,0.950083,0.94903,0.967186,0.973271,0.959325,0.964935
319,0.9494,0.967,0.909202,0.937712,0.953959,0.935807,0.958904,0.947095,0.950236,0.954545,0.928393,0.945853
320,0.94375,0.933886,0.940101,0.947114,0.95258,0.945446,0.929437,0.935462,0.956897,0.941057,0.945268,0.94603
321,0.903131,0.94826,0.860202,0.957496,0.952747,0.951921,0.872933,0.956989,0.935128,0.954936,0.868476,0.962729
322,0.848987,0.856226,0.885663,0.850554,0.853632,0.873525,0.910218,0.829801,0.853981,0.866016,0.899932,0.838816
323,0.925829,0.932044,0.945565,0.91891,0.930444,0.958819,0.885363,0.901529,0.933032,0.952246,0.920804,0.914661
324,0.952205,0.928725,0.941531,0.947828,0.931999,0.946309,0.925926,0.927763,0.941004,0.941289,0.934537,0.936232
325,0.902003,0.943372,0.819217,0.927146,0.926222,0.920639,0.759847,0.956147,0.915558,0.938163,0.788634,0.942807
326,0.963686,0.956844,0.918478,0.941942,0.936193,0.963178,0.948911,0.948542,0.958299,0.9624,0.930788,0.944444
327,0.96213,0.972802,0.965821,0.954895,0.963716,0.955525,0.963225,0.96452,0.962881,0.968285,0.973055,0.961602
328,0.943415,0.955728,0.942761,0.938659,0.958488,0.978364,0.92472,0.951129,0.953088,0.967535,0.939322,0.949341
329,0.964306,0.959565,0.914607,0.952091,0.949319,0.95156,0.913485,0.949283,0.960508,0.961613,0.916094,0.948109
330,0.97127,0.963151,0.958665,0.97915,0.973621,0.964181,0.919027,0.953867,0.978723,0.963933,0.936907,0.967095
331,0.923132,0.938903,0.903363,0.915121,0.904831,0.931009,0.902697,0.908481,0.925416,0.935649,0.908207,0.909636
332,0.932574,0.956256,0.949218,0.937669,0.947695,0.952078,0.930175,0.901503,0.948638,0.957568,0.948706,0.919551
333,0.948712,0.956512,0.958212,0.953592,0.955361,0.939888,0.920234,0.949865,0.954892,0.949183,0.946718,0.953801
334,0.926614,0.916811,0.922339,0.881562,0.901612,0.935354,0.96031,0.911573,0.905394,0.923784,0.944692,0.9
335,0.936056,0.926433,0.943727,0.941454,0.94866,0.945232,0.940415,0.914268,0.94293,0.937041,0.947111,0.937362
336,0.949902,0.950101,0.90559,0.957398,0.929163,0.952941,0.916667,0.952965,0.947507,0.957432,0.912116,0.958292
337,0.954887,0.924721,0.918231,0.929098,0.934882,0.937268,0.943408,0.935413,0.945337,0.928484,0.931553,0.933767
338,0.940963,0.943913,0.899508,0.942333,0.951767,0.92381,0.928535,0.93266,0.950026,0.936483,0.924133,0.938099
339,0.964007,0.969435,0.927953,0.956052,0.949457,0.964629,0.93025,0.972669,0.962035,0.966024,0.941367,0.969043
340,0.949389,0.957431,0.947712,0.943644,0.956468,0.963351,0.955969,0.959067,0.955611,0.962843,0.953738,0.953055
341,0.948903,0.920863,0.845117,0.936423,0.888965,0.930868,0.858352,0.943151,0.910659,0.928123,0.852954,0.941421
342,0.923061,0.929437,0.836635,0.95051,0.934937,0.949787,0.804813,0.924768,0.932869,0.942365,0.820077,0.936454
343,0.961513,0.947525,0.962719,0.965769,0.957742,0.965744,0.961001,0.955012,0.959419,0.95913,0.967816,0.963763
344,0.974423,0.962676,0.949454,0.974267,0.969538,0.973495,0.948041,0.956894,0.976369,0.973713,0.952498,0.970621
345,0.855035,0.952904,0.828862,0.956412,0.933666,0.918374,0.855453,0.878906,0.880012,0.941748,0.841084,0.918811
346,0.953769,0.953451,0.949233,0.970029,0.967039,0.945241,0.936955,0.959481,0.964731,0.951393,0.946256,0.969374
347,0.956632,0.942002,0.940769,0.917571,0.954671,0.933388,0.940118,0.930943,0.958536,0.938674,0.943448,0.919903
348,0.922599,0.933654,0.904702,0.934141,0.915415,0.919115,0.873916,0.946738,0.926064,0.924468,0.895696,0.943834
349,0.918246,0.893629,0.894533,0.924333,0.912924,0.923202,0.846978,0.89989,0.918301,0.910646,0.876927,0.913412
350,0.898587,0.933036,0.932321,0.929054,0.942865,0.931735,0.921554,0.96191,0.915703,0.932775,0.928608,0.95004
351,0.966796,0.966762,0.905258,0.970053,0.956132,0.970431,0.897609,0.957457,0.962424,0.97538,0.915307,0.969799
352,0.961146,0.972034,0.944509,0.967499,0.948209,0.970155,0.930144,0.952196,0.958154,0.977182,0.941945,0.961523
353,0.9204,0.88323,0.954783,0.9193,0.947814,0.9171,0.9488,0.946852,0.931782,0.896374,0.952968,0.938808
354,0.971028,0.976482,0.964828,0.971327,0.971791,0.979798,0.955368,0.967386,0.973979,0.980274,0.964717,0.975616
355,0.916239,0.933678,0.921518,0.931148,0.931602,0.923204,0.913464,0.894285,0.929853,0.931229,0.919359,0.921951
356,0.95097,0.959641,0.931195,0.943512,0.943653,0.948822,0.938822,0.950922,0.951376,0.957192,0.938442,0.955508
357,0.944495,0.893341,0.914671,0.94588,0.958142,0.914203,0.945168,0.933793,0.953757,0.904913,0.938954,0.945823
358,0.932512,0.932015,0.900836,0.939422,0.947881,0.962114,0.911667,0.928396,0.940336,0.944115,0.908599,0.934816
359,0.892439,0.888741,0.860863,0.926537,0.907032,0.87616,0.87982,0.89251,0.899467,0.883493,0.870849,0.912216
360,0.970499,0.973375,0.928769,0.972776,0.973808,0.94287,0.946095,0.939136,0.976678,0.95907,0.937601,0.956067
361,0.951646,0.962362,0.890951,0.930572,0.944361,0.961051,0.92229,0.950448,0.949435,0.966472,0.913183,0.942671
362,0.966117,0.982205,0.962629,0.955347,0.958624,0.976158,0.934612,0.966358,0.965221,0.978826,0.948871,0.961806
363,0.85345,0.877076,0.878066,0.837004,0.85073,0.874713,0.796636,0.857304,0.852776,0.874483,0.833707,0.843459
364,0.960845,0.93634,0.96052,0.963418,0.954105,0.951001,0.937772,0.949231,0.95889,0.947978,0.950627,0.961262
365,0.940586,0.950422,0.930119,0.955334,0.953335,0.915418,0.934943,0.949787,0.955726,0.931631,0.938395,0.960805
366,0.944103,0.971092,0.967525,0.954957,0.946179,0.978098,0.94307,0.969632,0.960399,0.977784,0.957162,0.965067
367,0.962572,0.953663,0.925645,0.950357,0.942779,0.95633,0.910402,0.954015,0.964822,0.955488,0.921089,0.961604
368,0.940673,0.959987,0.923506,0.96205,0.968404,0.965237,0.929306,0.957646,0.954706,0.972332,0.931336,0.965271
369,0.958345,0.965646,0.950187,0.961538,0.946532,0.960057,0.918858,0.962297,0.962346,0.962708,0.937553,0.963779
370,0.937942,0.933829,0.930031,0.926484,0.938447,0.955858,0.917378,0.925891,0.939229,0.946545,0.92408,0.931188
371,0.971002,0.970036,0.94371,0.977076,0.961184,0.980596,0.936881,0.95874,0.968846,0.976117,0.941459,0.972587
372,0.947919,0.921208,0.92178,0.948886,0.923677,0.925731,0.905508,0.944614,0.935441,0.924528,0.914626,0.946716
373,0.9484,0.954746,0.956166,0.923797,0.959231,0.961949,0.914731,0.942894,0.953368,0.959104,0.94418,0.938968
374,0.794539,0.859977,0.952817,0.877085,0.793495,0.879391,0.945566,0.808094,0.794272,0.875959,0.950764,0.838902
375,0.957002,0.947679,0.890489,0.975117,0.933909,0.945808,0.876399,0.964189,0.952346,0.951613,0.884883,0.973567
376,0.957905,0.967314,0.941356,0.957323,0.951059,0.958616,0.939077,0.949316,0.954524,0.967445,0.94617,0.959145
377,0.782748,0.775316,0.81263,0.817507,0.819094,0.780807,0.880105,0.843401,0.793165,0.773684,0.849893,0.828947
378,0.921271,0.918033,0.889739,0.943797,0.947521,0.952519,0.888195,0.899337,0.933698,0.938466,0.88892,0.929255
379,0.915068,0.892455,0.894649,0.922515,0.886925,0.945886,0.887452,0.873521,0.921792,0.939096,0.893282,0.905889
380,0.961346,0.93404,0.955928,0.960909,0.955412,0.940259,0.975286,0.96174,0.966336,0.941457,0.972229,0.966737
381,0.953719,0.963899,0.941106,0.968571,0.965067,0.964595,0.948024,0.975297,0.960891,0.969375,0.944154,0.978099
382,0.775024,0.699826,0.851425,0.493643,0,0.119896,0.756368,0,0.617625,0.665761,0.823821,0.45094
383,0.936276,0.898647,0.942904,0.938657,0.944116,0.934651,0.937535,0.952734,0.946966,0.925661,0.938551,0.949283
384,0.940143,0.925615,0.971223,0.933406,0.911702,0.945505,0.967927,0.932157,0.927568,0.9361,0.972685,0.933931
385,0.913806,0.902518,0.914486,0.92268,0.937594,0.903098,0.929989,0.923479,0.930163,0.907742,0.929184,0.925678
386,0.946854,0.966328,0.942513,0.959742,0.957075,0.964343,0.962855,0.947573,0.952331,0.966106,0.959636,0.960359
387,0.966445,0.959288,0.931338,0.941558,0.971814,0.979148,0.94476,0.953288,0.968412,0.97281,0.941246,0.952183
388,0.962867,0.959278,0.954938,0.966864,0.960663,0.960617,0.946423,0.96771,0.96432,0.959593,0.953737,0.967594
389,0.928367,0.927017,0.916473,0.924027,0.951529,0.929051,0.917214,0.943835,0.937781,0.929555,0.920582,0.936599
390,0.954386,0.962325,0.920953,0.960058,0.953461,0.956776,0.918754,0.945257,0.957372,0.962314,0.918581,0.953637
391,0.787689,0.792729,0.66692,0.767092,0.81237,0.798302,0.778236,0.777925,0.800531,0.799772,0.755514,0.773617
392,0.967224,0.9625,0.964776,0.96603,0.968603,0.967663,0.968449,0.946773,0.973968,0.967158,0.974313,0.961385
393,0.947101,0.931107,0.941752,0.927891,0.913938,0.938697,0.935169,0.918638,0.933586,0.934718,0.935021,0.925741
394,0.947217,0.934042,0.94431,0.960578,0.957353,0.949328,0.956291,0.949442,0.957184,0.948494,0.951397,0.957083
395,0.941696,0.917227,0.957337,0.920848,0.937755,0.925293,0.928101,0.925115,0.940907,0.922748,0.945569,0.927955
396,0.955562,0.964116,0.892675,0.913811,0.961907,0.960628,0.926151,0.945895,0.961391,0.971189,0.903891,0.930688
397,0.932847,0.938989,0.893486,0.936705,0.951836,0.932353,0.929764,0.931726,0.944868,0.939748,0.922135,0.946221
398,0.944417,0.93693,0.904855,0.9633,0.926117,0.94764,0.919941,0.94811,0.936097,0.941872,0.917364,0.958539
399,0.945277,0.956256,0.975756,0.942758,0.968734,0.952752,0.974479,0.964885,0.959675,0.958217,0.977285,0.957619
400,0.935588,0.951613,0.957674,0.935532,0.957048,0.945801,0.950525,0.943296,0.956822,0.955851,0.95966,0.947322
401,0.946562,0.938241,0.944531,0.932466,0.935474,0.944877,0.919146,0.928022,0.946782,0.946646,0.939032,0.929365
402,0.930717,0.943469,0.924664,0.927798,0.921145,0.913801,0.95249,0.908538,0.927842,0.933757,0.937528,0.923094
403,0.922564,0.910369,0.929998,0.937219,0.922967,0.915752,0.936301,0.927454,0.923591,0.918577,0.937575,0.938242
404,0,0,0,0,0,0,0.535165,0,0,0,0.47714,0
405,0.951302,0.960315,0.964361,0.931071,0.971217,0.968046,0.960239,0.966879,0.964361,0.964857,0.964472,0.957041
406,0.945955,0.955867,0.877831,0.933898,0.936989,0.961308,0.901081,0.950899,0.93985,0.960337,0.887742,0.939911
407,0.956866,0.964657,0.890209,0.955276,0.970517,0.962559,0.874243,0.953607,0.97022,0.964782,0.892016,0.9626
408,0.926385,0.918114,0.851058,0.883556,0.95959,0.939927,0.861394,0.864008,0.94047,0.932297,0.857337,0.871841
409,0.950847,0.964252,0.91028,0.944186,0.950574,0.968705,0.948441,0.936024,0.954396,0.969312,0.937021,0.941992
410,0.950368,0.962731,0.925926,0.953586,0.946888,0.965097,0.91018,0.950408,0.945789,0.963097,0.923101,0.95145
411,0.929738,0.901471,0.866176,0.931301,0.869615,0.911751,0.860942,0.834112,0.910694,0.907557,0.87035,0.911904
412,0.931222,0,0.887551,0.930055,0.913059,0.923784,0.909582,0.928621,0.939759,0.910427,0.911082,0.929194
413,0.962165,0.965254,0.931517,0.929442,0.949832,0.964972,0.898923,0.946409,0.957963,0.968363,0.91969,0.944947
414,0.93252,0.93645,0.914114,0.947189,0.935391,0.955532,0.892479,0.927005,0.935332,0.948873,0.907929,0.939063
415,0.956755,0.938481,0.897895,0.932641,0.95036,0.953459,0.88231,0.947919,0.964349,0.947647,0.894647,0.947911
416,0.934718,0.892341,0.896561,0.899208,0.916621,0.933078,0.933789,0.881971,0.93448,0.911226,0.920604,0.896927
417,0.97313,0.970076,0.957401,0.968356,0.961267,0.966169,0.926747,0.945348,0.972052,0.970678,0.944649,0.966164
418,0.971104,0.952332,0.953494,0.957447,0.955065,0.932642,0.958723,0.962619,0.967876,0.949548,0.960401,0.963731
419,0.950213,0.899214,0.90595,0.911672,0.954981,0.932471,0.906174,0.883054,0.95648,0.916745,0.912264,0.903657
420,0.96221,0.971649,0.911181,0.95437,0.969266,0.969231,0.920859,0.959547,0.972392,0.972329,0.914394,0.959651
421,0.906296,0.911809,0.935532,0.915244,0.929923,0.892154,0.928571,0.933432,0.92855,0.90335,0.935188,0.92887
422,0.905877,0.925054,0.774274,0.927751,0.848887,0.916056,0.800359,0.918919,0.886792,0.922748,0.793905,0.928487
423,0.897965,0.920775,0.925292,0.911055,0.901053,0.921502,0.938964,0.920653,0.901726,0.920387,0.934657,0.919718
424,0.955075,0.961251,0.947802,0.966307,0.970287,0.964226,0.95498,0.95859,0.97019,0.974932,0.963524,0.969666
425,0.922898,0.910368,0.948406,0.921427,0.9227,0.90096,0.935475,0.917805,0.923554,0.908998,0.945469,0.923615
426,0.927427,0.917233,0.882851,0.925726,0.923903,0.920997,0.871152,0.911411,0.926625,0.924085,0.888632,0.918319
427,0.963782,0.966193,0.919689,0.956307,0.954027,0.966148,0.945304,0.95149,0.95846,0.968653,0.934255,0.955013
428,0.951082,0.950533,0.93972,0.925703,0.922769,0.939358,0.92678,0.948929,0.938318,0.945363,0.936121,0.937899
429,0.941008,0.942702,0.921274,0.935906,0.959492,0.932016,0.922651,0.928079,0.955967,0.940266,0.924424,0.933978
430,0.959686,0.938009,0.951148,0.950557,0.930645,0.961817,0.928858,0.948735,0.946325,0.951357,0.941626,0.953697
431,0.972855,0.953704,0.945385,0.96149,0.970399,0.962371,0.96323,0.971809,0.972244,0.958774,0.955327,0.97073
432,0.805472,0.832641,0.859766,0.797267,0.803858,0.817788,0.845513,0.821255,0.804866,0.823665,0.855385,0.804866
433,0.948996,0.941286,0.942594,0.956536,0.938525,0.938148,0.947085,0.954126,0.942089,0.943627,0.946349,0.958307
434,0.924138,0.917328,0.919703,0.887141,0.840144,0.875143,0.953212,0.861268,0.881329,0.906388,0.938539,0.878726
435,0.905762,0.88429,0.916769,0.904139,0.905212,0.927282,0.931026,0.892909,0.906083,0.910328,0.922907,0.898108
436,0.975021,0.956148,0.954328,0.954746,0.952314,0.947515,0.964927,0.96603,0.973027,0.956932,0.964225,0.960746
437,0.913164,0.871917,0.905158,0.923592,0.891801,0.914485,0.8971,0.897822,0.905571,0.903975,0.900778,0.908761
438,0.87334,0.896284,0.925095,0.886603,0.843564,0.875584,0.898317,0.844394,0.862109,0.889242,0.915693,0.860924
439,0.96821,0.955556,0.899107,0.950593,0.949013,0.960813,0.890926,0.966131,0.957011,0.960428,0.898676,0.962382
440,0.947298,0.945254,0.921311,0.947128,0.949596,0.951286,0.940022,0.950147,0.958008,0.952922,0.949218,0.950201
441,0.967819,0.944674,0.946116,0.942582,0.973362,0.937984,0.933177,0.965864,0.97386,0.943913,0.943994,0.954974
442,0.95826,0.949457,0.972723,0.956055,0.959061,0.97333,0.952264,0.963141,0.961693,0.971076,0.965056,0.960533
443,0.859746,0.940993,0.944927,0.929059,0.839073,0.879986,0.944444,0.857384,0.853123,0.926272,0.950352,0.905878
444,0.943565,0.961084,0.966828,0.929095,0.941849,0.954043,0.931161,0.945608,0.949711,0.958766,0.952769,0.937332
445,0.895244,0.914587,0.913989,0.919857,0.927208,0.904808,0.916263,0.901942,0.914277,0.911717,0.92229,0.914527
446,0.88561,0.910223,0.877515,0.91602,0.916229,0.919543,0.872289,0.921525,0.900065,0.922242,0.877033,0.921141
447,0.928842,0.92644,0.949443,0.926541,0.93556,0.920952,0.949251,0.944343,0.938833,0.927692,0.960347,0.935237
448,0.94285,0.937453,0.870607,0.96245,0.938497,0.978393,0.923431,0.953477,0.942433,0.968584,0.899343,0.959086
449,0.963535,0.963096,0.933397,0.975927,0.963809,0.976254,0.93474,0.956121,0.965826,0.973234,0.932753,0.976959
450,0.959521,0.869189,0.934692,0.949495,0.940949,0.924419,0.927831,0.962244,0.964614,0.883524,0.941748,0.95582
451,0.969533,0.965483,0.950261,0.96343,0.963063,0.95519,0.967934,0.975074,0.967117,0.96264,0.95994,0.974981
452,0.956754,0.965783,0.975819,0.974165,0.94411,0.963171,0.959539,0.963106,0.953236,0.965632,0.970778,0.973698
453,0.934736,0.930645,0.919334,0.93658,0.947438,0.891706,0.872855,0.889842,0.952126,0.927807,0.881884,0.918252
454,0.955894,0.924617,0.937888,0.940776,0.952478,0.917912,0.956231,0.958186,0.95503,0.92181,0.954315,0.952876
455,0.953329,0.946501,0.927325,0.942278,0.936096,0.962691,0.924731,0.949407,0.955388,0.962097,0.92193,0.948511
456,0.939601,0.958154,0.961117,0.972363,0.959565,0.950533,0.926382,0.962127,0.950468,0.956798,0.949939,0.969965
457,0.950023,0.941488,0.955382,0.941946,0.950847,0.937958,0.937937,0.958949,0.951903,0.941555,0.947578,0.952126
458,0.953837,0.902713,0.934457,0.952019,0.939413,0.939543,0.897808,0.937655,0.948141,0.935694,0.911829,0.961527
459,0.934399,0.900048,0.889178,0.889472,0.898658,0.882786,0.869979,0.921882,0.923942,0.890081,0.877638,0.913801
460,0.965572,0.915444,0.905236,0.95706,0.952355,0.924274,0.96248,0.934352,0.958846,0.92367,0.943536,0.954436
461,0.92932,0.926218,0.940508,0.921689,0.934538,0.919806,0.937139,0.906777,0.932405,0.92677,0.940601,0.926244
462,0.969967,0.969403,0.945468,0.961993,0.949598,0.958242,0.946494,0.956361,0.963154,0.966642,0.945387,0.963744
463,0.914547,0.923954,0.913251,0.936453,0.9086,0.910412,0.884338,0.924828,0.911239,0.917121,0.903421,0.938569
464,0.964494,0.941382,0.936605,0.933139,0.94417,0.929487,0.935239,0.944785,0.955167,0.936152,0.936861,0.942774
465,0.964706,0.96378,0.841709,0.959055,0.951106,0.970084,0.857036,0.958926,0.962095,0.974492,0.8682,0.966733
466,0.919897,0.872109,0.929163,0.907692,0.927694,0.896965,0.894621,0.918489,0.927611,0.878755,0.910974,0.907459
467,0.950942,0.965678,0.904933,0.950158,0.95378,0.952637,0.925243,0.953621,0.956677,0.961304,0.90927,0.952162
468,0.915984,0.873077,0.882876,0.871521,0.907687,0.867624,0.891583,0.882638,0.921124,0.867558,0.896034,0.882391
469,0.957581,0.966735,0.924457,0.973051,0.969423,0.966012,0.919504,0.949929,0.975837,0.965769,0.92731,0.962014
470,0.927385,0.927855,0.922553,0.925645,0.93449,0.884939,0.914864,0.944352,0.932903,0.906002,0.952556,0.93774
471,0.94181,0.922118,0.943564,0.941906,0.931529,0.923292,0.928677,0.91984,0.935514,0.927196,0.947009,0.935006
472,0.923093,0.872617,0.927619,0.923012,0.897354,0.893885,0.908539,0.907089,0.91686,0.884737,0.922396,0.913793
473,0.864776,0.872667,0.807058,0.872093,0.89523,0.86769,0.805844,0.889218,0.881811,0.869368,0.804589,0.871529
474,0.963046,0.952077,0.922701,0.932187,0.957298,0.949087,0.903184,0.936765,0.961588,0.953861,0.915254,0.937757
475,0.971984,0.950815,0.955618,0.969948,0.940762,0.958742,0.962003,0.96462,0.965319,0.96729,0.959231,0.96858
476,0.96384,0.905438,0.806697,0.924979,0.932858,0.957063,0.876553,0.920033,0.963793,0.948151,0.858366,0.934365
477,0.949953,0.950603,0.905354,0.928004,0.926094,0.940645,0.878332,0.91633,0.94465,0.947566,0.891679,0.920946
478,0.94572,0.928616,0.859172,0.921287,0.941013,0.908739,0.851796,0.892212,0.946375,0.920977,0.863323,0.925577
479,0.958923,0.96833,0.927717,0.971317,0.965205,0.968053,0.914831,0.971231,0.962769,0.973845,0.932458,0.97058
480,1,1,1,1,1,1,1,1,1,1,1,1
481,1,1,1,1,1,1,1,1,1,1,1,1
482,1,1,1,1,1,1,1,1,1,1,1,1
483,1,1,1,1,1,1,1,1,1,1,1,1
484,1,1,1,1,1,1,1,1,1,1,1,1
485,1,1,1,1,1,1,1,1,1,1,1,1
486,1,1,1,1,1,1,1,1,1,1,1,1
487,1,1,1,1,1,1,1,1,1,1,1,1
488,1,1,1,1,1,1,1,1,1,1,1,1
489,1,1,1,1,1,1,1,1,1,1,1,1
490,1,1,1,1,1,1,1,1,1,1,1,1
491,1,1,1,1,1,1,1,1,1,1,1,1
492,1,1,1,1,1,1,1,1,1,1,1,1
493,1,1,1,1,1,1,1,1,1,1,1,1
494,1,1,1,1,1,1,1,1,1,1,1,1
495,1,1,1,1,1,1,1,1,1,1,1,1
496,1,1,1,1,1,1,1,1,1,1,1,1
497,1,1,1,1,1,1,1,1,1,1,1,1
498,1,1,1,1,1,1,1,1,1,1,1,1
499,1,1,1,1,1,1,1,1,1,1,1,1
500,1,1,1,1,1,1,1,1,1,1,1,1
501,1,1,1,1,1,1,1,1,1,1,1,1
502,1,1,1,1,1,1,1,1,1,1,1,1
503,1,1,1,1,1,1,1,1,1,1,1,1
504,1,1,1,1,1,1,1,1,1,1,1,1
505,1,1,1,1,1,1,1,1,1,1,1,1
506,1,1,1,1,1,1,1,1,1,1,1,1
507,1,1,1,1,1,1,1,1,1,1,1,1
508,1,1,1,1,1,1,1,1,1,1,1,1
509,1,1,1,1,1,1,1,1,1,1,1,1
510,1,1,1,1,1,1,1,1,1,1,1,1
511,1,1,1,1,1,1,1,1,1,1,1,1
512,1,1,1,1,1,1,1,1,1,1,1,1
513,1,1,1,1,1,1,1,1,1,1,1,1
514,1,1,1,1,1,1,1,1,1,1,1,1
515,1,1,1,1,1,1,1,1,1,1,1,1
516,1,1,1,1,1,1,1,1,1,1,1,1
517,1,1,1,1,1,1,1,1,1,1,1,1
518,1,1,1,1,1,1,1,1,1,1,1,1
519,1,1,1,1,1,1,1,1,1,1,1,1
520,1,1,1,1,1,1,1,1,1,1,1,1
521,1,1,1,1,1,0,1,1,1,0,1,1
522,1,1,1,1,1,1,1,1,1,1,1,1
523,1,1,1,1,1,1,1,1,1,1,1,1
524,1,1,1,1,1,1,1,1,1,1,1,1
525,1,1,1,1,1,1,1,1,1,1,1,1
526,1,1,1,1,1,1,1,1,1,1,1,1
527,1,1,1,1,1,1,1,1,1,1,1,1
528,1,1,1,1,1,1,1,1,1,1,1,1
529,1,1,1,1,1,1,1,1,1,1,1,1
530,1,1,1,1,1,1,1,1,1,1,1,1
531,1,1,1,1,1,1,1,1,1,1,1,1
532,1,1,1,1,1,1,1,1,1,1,1,1
533,1,1,1,1,1,1,1,1,1,1,1,1
534,1,1,1,1,1,1,1,1,1,1,1,1
535,1,1,1,1,1,1,1,1,1,1,1,1
536,1,1,1,1,1,1,1,1,1,1,1,1
537,1,1,1,1,1,1,1,1,1,1,1,1
538,1,1,1,1,1,1,1,1,1,1,1,1
539,1,1,1,1,1,1,1,1,1,1,1,1
540,1,1,1,1,1,1,1,1,1,1,1,1
541,1,1,1,1,1,1,1,1,1,1,1,1
542,1,1,1,1,1,1,1,1,1,1,1,1
543,1,1,1,1,1,1,1,1,1,1,1,1
544,1,1,1,1,1,1,1,1,1,1,1,1
545,1,1,1,1,1,1,1,1,1,1,1,1
546,1,1,1,1,1,1,1,1,1,1,1,1
547,1,1,1,1,1,1,1,1,1,1,1,1
548,1,1,1,1,1,1,1,1,1,1,1,1
549,1,1,1,1,1,1,1,1,1,1,1,1
550,1,1,1,1,1,1,1,1,1,1,1,1
551,1,1,1,1,1,1,1,1,1,1,1,1
552,1,1,1,1,1,1,1,1,1,1,1,1
553,1,1,1,1,1,1,1,1,1,1,1,1
554,1,1,1,1,1,1,1,1,1,1,1,1
555,1,1,1,1,1,1,1,1,1,1,1,1
556,1,1,1,1,1,1,1,1,1,1,1,1
557,1,1,1,1,1,1,1,1,1,1,1,1
558,1,1,1,1,1,1,1,1,1,1,1,1
559,1,1,1,1,1,1,1,1,1,1,1,1
560,1,1,1,1,1,1,1,1,1,1,1,1
561,1,1,1,1,1,1,1,1,1,1,1,1
562,1,1,1,1,1,1,1,1,1,1,1,1
563,1,1,1,1,1,1,1,1,1,1,1,1
564,1,1,1,1,1,1,1,1,1,1,1,1
565,1,1,1,1,1,1,1,1,1,1,1,1
566,1,1,1,1,1,1,1,1,1,1,1,1
567,1,1,1,1,1,1,1,1,1,1,1,1
568,1,1,1,1,1,1,1,1,1,1,1,1
569,1,1,1,1,1,1,1,1,1,1,1,1
570,1,1,1,1,1,1,1,1,1,1,1,1
571,1,1,1,1,1,1,1,1,1,1,1,1
572,1,1,1,1,1,1,1,1,1,1,1,1
573,1,1,1,1,1,1,1,1,1,1,1,1
574,1,1,1,1,1,1,1,1,1,1,1,1
575,1,1,1,1,1,1,1,1,1,1,1,1
576,1,1,1,1,1,1,1,1,1,1,1,1
577,1,1,1,1,1,1,1,1,1,1,1,1
578,1,1,1,1,1,1,1,1,1,1,1,1
579,1,1,1,1,1,1,1,1,1,1,1,1
580,1,1,1,1,1,1,1,1,1,1,1,1
581,1,1,1,1,1,1,1,1,1,1,1,1
582,1,1,1,1,1,1,1,1,1,1,1,1
583,1,1,1,1,1,1,1,1,1,1,1,1
584,1,1,1,1,1,1,1,1,1,1,1,1
585,1,1,1,1,1,1,1,1,1,1,1,1
586,1,1,1,1,1,1,1,1,1,1,1,1
587,1,1,1,1,1,1,1,1,1,1,1,1
588,1,1,1,1,1,1,1,1,1,1,1,1
589,1,1,1,1,1,1,1,1,1,1,1,1
590,1,1,1,1,1,1,1,1,1,1,1,1
591,1,1,1,1,1,1,1,1,1,1,1,1
592,1,1,1,1,1,1,1,1,1,1,1,1
593,1,1,1,1,1,1,1,1,1,1,1,1
594,1,1,1,1,1,1,1,1,1,1,1,1
595,1,1,1,1,1,1,1,1,1,1,1,1
596,1,1,1,1,1,1,1,1,1,1,1,1
597,1,1,1,1,1,1,1,1,1,1,1,1
598,1,1,1,1,1,1,1,1,1,1,1,1
599,1,1,1,1,1,1,1,1,1,1,1,1
600,1,1,1,1,1,1,1,1,1,1,1,1
601,1,1,1,1,1,1,1,1,1,1,1,1
602,1,1,1,1,1,1,1,1,1,1,1,1
603,1,1,1,1,1,1,1,1,1,1,1,1
604,1,1,1,1,1,1,1,1,1,1,1,1
605,0,1,1,1,1,1,1,1,1,1,1,1
606,1,1,1,1,1,1,1,1,1,1,1,1
607,1,1,1,1,1,1,1,1,1,1,1,1
608,1,1,1,1,1,1,1,1,1,1,1,1
609,1,1,1,1,1,1,1,1,1,1,1,1
610,1,1,1,1,1,1,1,1,1,1,1,1
611,1,1,1,1,1,1,1,1,1,1,1,1
612,1,1,1,1,1,1,1,1,1,1,1,1
613,1,1,1,1,1,1,1,1,1,1,1,1
614,1,1,1,1,1,1,1,1,1,1,1,1
615,1,1,1,1,1,1,1,1,1,1,1,1
616,1,1,1,1,1,1,1,1,1,1,1,1
617,1,1,1,1,1,1,1,1,1,1,1,1
618,1,1,1,1,1,1,1,1,1,1,1,1
619,1,1,1,1,1,1,1,1,1,1,1,1
620,1,1,1,1,1,1,1,1,1,1,1,1
621,1,1,1,1,1,1,1,1,1,1,1,1
622,1,1,1,1,1,1,1,1,1,1,1,1
623,1,1,1,1,1,1,1,1,1,1,1,1
624,1,1,1,1,1,1,1,1,1,1,1,1
625,1,1,1,1,1,1,1,1,1,1,1,1
626,1,1,1,1,1,1,1,1,1,1,1,1
627,1,1,1,1,1,1,1,1,1,1,1,1
628,1,1,1,1,1,1,1,1,1,1,1,1
629,1,1,1,1,1,1,1,1,1,1,1,1
630,1,1,1,1,1,1,1,1,1,1,1,1
631,1,1,1,1,1,1,1,1,1,1,1,1
632,1,1,1,1,1,1,1,1,1,1,1,1
633,1,1,1,1,1,1,1,1,1,1,1,1
634,1,1,1,1,1,1,1,1,1,1,1,1
635,1,1,1,1,1,1,1,1,1,1,1,1
636,1,1,1,1,1,1,1,1,1,1,1,1
637,1,1,1,1,1,1,1,1,1,1,1,1
638,1,1,1,1,1,1,1,1,1,1,1,1
639,1,1,1,1,1,1,1,1,1,1,1,1
640,1,1,1,1,1,1,1,1,1,1,1,1
641,1,1,1,1,1,1,1,1,1,1,1,1
642,1,1,1,1,1,1,1,1,1,1,1,1
643,1,1,1,1,1,1,1,1,1,1,1,1
644,1,1,1,1,1,1,1,1,1,1,1,1
645,1,1,1,1,1,1,1,1,1,1,1,1
646,1,1,1,1,1,1,1,1,1,1,1,1
647,1,1,1,1,1,1,1,1,1,1,1,1
648,1,1,1,1,1,1,1,1,1,1,1,1
649,1,1,1,1,1,1,1,1,1,1,1,1
650,1,1,1,1,1,1,1,1,1,1,1,1
651,1,1,1,1,1,1,1,1,1,1,1,1
652,1,1,1,1,1,1,1,1,1,1,1,1
653,1,1,1,1,1,1,1,1,1,1,1,1
654,1,1,1,1,1,1,1,1,1,1,1,1
655,1,1,1,1,1,1,1,1,1,1,1,1
656,1,1,1,1,1,1,1,1,1,1,1,1
657,1,1,1,1,1,1,1,1,1,1,1,1
658,1,1,1,1,1,1,1,1,1,1,1,1
659,1,1,1,1,1,1,1,1,1,1,1,1
660,1,1,1,1,1,1,1,1,1,1,1,1
661,1,1,1,1,1,1,1,1,1,1,1,1
662,1,1,1,1,1,1,1,1,1,1,1,1
663,1,1,1,1,1,1,1,1,1,1,1,1
664,1,1,1,1,1,1,1,1,1,1,1,1
665,1,1,1,1,1,1,1,1,1,1,1,1
666,1,1,1,1,1,1,1,1,1,1,1,1
667,1,1,1,1,1,1,1,1,1,1,1,1
668,1,1,1,1,1,1,1,1,1,1,1,1
669,1,1,1,1,1,1,1,1,1,1,1,1
670,1,1,1,1,1,1,1,1,1,1,1,1
671,1,1,1,1,1,1,1,1,1,1,1,1
672,1,1,1,1,1,1,1,1,1,1,1,1
673,1,1,1,1,1,1,1,1,1,1,1,1
674,1,1,1,1,1,1,1,1,1,1,1,1
675,1,1,1,1,1,1,1,1,1,1,1,1
676,1,1,1,1,1,1,1,1,1,1,1,1
677,1,1,1,1,1,1,1,1,1,1,1,1
678,1,1,1,1,1,1,1,1,1,1,1,1
679,1,1,1,1,1,1,1,1,1,1,1,1
680,1,0,1,1,1,1,1,1,1,1,1,1
681,1,1,1,1,1,1,1,1,1,1,1,1
682,1,1,1,1,1,1,1,1,1,1,1,1
683,1,1,1,1,1,1,1,1,1,1,1,1
684,1,1,1,1,1,1,1,1,1,1,1,1
685,1,1,1,1,1,1,1,1,1,1,1,1
686,1,1,1,1,1,1,1,1,1,1,1,1
687,1,1,1,1,1,1,1,1,1,1,1,1
688,1,1,1,1,1,1,1,1,1,1,1,1
689,1,1,1,1,1,1,1,1,1,1,1,1
690,1,1,1,1,1,1,1,1,1,1,1,1
691,1,1,1,1,1,1,1,1,1,1,1,1
692,1,1,1,1,1,1,1,1,1,1,1,1
693,1,1,1,1,1,1,1,1,1,1,1,1
694,1,1,1,1,1,1,1,1,1,1,1,1
695,1,1,1,1,1,1,1,1,1,1,1,1
696,1,1,1,1,1,1,1,1,1,1,1,1
697,1,1,1,1,1,1,1,1,1,1,1,1
698,1,1,1,1,1,1,1,1,1,1,1,1
699,1,1,1,1,1,1,1,1,1,1,1,1
700,1,1,1,1,1,1,1,1,1,1,1,1
701,1,1,1,1,1,1,1,1,1,1,1,1
702,1,1,1,1,1,1,1,1,1,1,1,1
703,1,1,1,1,1,1,1,1,1,1,1,1
704,1,1,1,1,1,1,1,1,1,1,1,1
705,1,1,1,1,1,1,1,1,1,1,1,1
706,1,1,1,1,1,1,1,1,1,1,1,1
707,1,1,1,1,1,1,1,1,1,1,1,1
708,1,1,1,1,1,1,1,1,1,1,1,1
709,1,1,1,1,1,1,1,1,1,1,1,1
710,1,1,1,1,1,1,1,1,1,1,1,1
711,1,1,1,1,1,1,1,1,1,1,1,1
712,1,1,1,1,1,1,1,1,1,1,1,1
713,1,1,1,1,1,1,1,1,1,1,1,1
714,1,1,1,1,1,1,1,1,1,1,1,1
715,1,1,1,1,1,1,1,1,1,1,1,1
716,1,1,1,1,1,1,1,1,1,1,1,1
717,1,1,1,1,1,1,1,1,1,1,1,1
718,1,1,1,1,1,1,1,1,1,1,1,1
719,1,1,1,1,1,1,1,1,1,1,1,1
720,1,1,1,1,1,1,1,1,1,1,1,1
721,1,1,1,1,1,1,1,1,1,1,1,1
722,1,1,1,1,1,1,1,1,1,1,1,1
723,1,1,1,1,1,1,1,1,1,1,1,1
724,1,1,1,1,1,1,1,1,1,1,1,1
725,1,1,1,1,1,1,1,1,1,1,1,1
726,1,1,1,1,1,1,1,1,1,1,1,1
727,1,1,1,1,1,1,1,1,1,1,1,1
728,1,1,1,1,1,1,1,1,1,1,1,1
729,1,1,1,1,1,1,1,1,1,1,1,1
730,1,1,1,1,1,1,1,1,1,1,1,1
731,1,1,1,1,1,1,1,1,1,1,1,1
732,1,1,1,1,1,1,1,1,1,1,1,1
733,1,1,1,1,1,1,1,1,1,1,1,1
734,1,1,1,1,1,1,1,1,1,1,1,1
735,1,1,1,1,1,1,1,1,1,1,1,1
736,1,1,1,1,1,1,1,1,1,1,1,1
737,1,1,1,1,1,1,1,1,1,1,1,1
738,1,1,1,1,1,1,1,1,1,1,1,1
739,1,1,1,1,1,1,1,1,1,1,1,1
740,1,1,1,1,1,1,1,1,1,1,1,1
741,1,1,1,1,1,1,1,1,1,1,1,1
742,1,1,1,1,1,1,1,1,1,1,1,1
743,1,1,1,1,1,1,1,1,1,1,1,1
744,1,1,1,1,1,1,1,1,1,1,1,1
745,1,1,1,1,1,1,1,1,1,1,1,1
746,1,1,1,1,1,1,1,1,1,1,1,1
747,1,1,1,1,1,1,1,1,1,1,1,1
748,1,1,1,1,1,1,1,1,1,1,1,1
749,1,1,1,1,1,1,1,1,1,1,1,1
750,1,1,1,1,1,1,1,1,1,1,1,1
751,1,1,1,1,1,1,1,1,1,1,1,1
752,1,1,1,1,1,1,1,1,1,1,1,1
753,1,1,1,1,1,1,1,1,1,1,1,1
754,1,1,1,1,1,1,1,1,1,1,1,1
755,1,1,1,1,1,1,1,1,1,1,1,1
756,1,1,1,1,1,1,1,1,1,1,1,1
757,1,1,1,1,1,1,1,1,1,1,1,1
758,1,1,1,1,1,1,1,1,1,1,1,1
759,1,1,1,1,1,1,1,1,1,1,1,1
760,1,1,1,1,1,1,1,1,1,1,1,1
761,1,1,1,1,1,1,1,1,1,1,1,1
762,1,1,1,1,1,1,1,1,1,1,1,1
763,1,1,1,1,1,1,1,1,1,1,1,1
764,1,1,1,1,1,1,1,1,1,1,1,1
765,1,1,1,1,1,1,1,1,1,1,1,1
766,1,1,1,1,1,1,1,1,1,1,1,1
767,1,1,1,1,1,1,1,1,1,1,1,1
768,1,1,1,1,1,1,1,1,1,1,1,1
769,1,1,1,1,1,1,1,1,1,1,1,1
770,0,1,1,1,1,1,1,1,1,1,1,1
771,1,1,1,1,1,1,1,1,1,1,1,1
772,1,1,1,1,1,1,1,1,1,1,1,1
773,1,1,1,1,1,1,1,1,1,1,1,1
774,1,1,1,1,1,1,1,1,1,1,1,1
775,1,1,1,1,1,1,1,1,1,1,1,1
776,1,1,1,1,1,1,1,1,1,1,1,1
777,1,1,1,1,1,1,1,1,1,1,1,1
778,1,1,1,1,1,1,1,1,1,1,1,1
779,1,1,1,1,1,1,1,1,1,1,1,1
780,1,1,1,1,1,1,1,1,1,1,1,1
781,1,1,1,1,1,1,1,1,1,1,1,1
782,1,1,1,1,1,1,1,1,1,1,1,1
783,1,1,1,1,1,1,1,1,1,1,1,1
784,1,1,1,1,1,1,1,1,1,1,1,1
785,1,1,1,1,1,1,1,1,1,1,1,1
786,1,1,1,1,1,1,1,1,1,1,1,1
787,1,1,1,1,1,1,1,1,1,1,1,1
788,1,1,1,1,1,1,1,1,1,1,1,1
789,1,1,1,1,1,1,1,1,1,1,1,1
790,1,1,1,1,1,1,1,1,1,1,1,1
791,1,1,1,1,1,1,1,1,1,1,1,1
792,1,1,1,1,1,1,1,1,1,1,1,1
793,0,1,1,1,1,1,1,1,1,1,1,1
794,1,1,1,1,1,1,1,1,1,1,1,1
795,1,1,1,1,1,1,1,1,1,1,1,1
796,1,1,1,1,1,1,1,1,1,1,1,1
797,1,1,1,1,1,1,1,1,1,1,1,1
798,1,1,1,1,1,1,1,1,1,1,1,1
799,1,1,1,1,1,1,1,1,1,1,1,1
800,1,1,1,1,1,1,1,1,1,1,1,1
801,1,1,1,1,1,1,1,1,1,1,1,1
802,1,1,1,1,1,1,1,1,1,1,1,1
803,1,1,1,1,1,1,1,1,1,1,1,1
804,1,1,1,1,1,1,1,1,1,1,1,1
805,1,1,1,1,1,1,1,1,1,1,1,1
806,1,1,1,1,1,1,1,1,1,1,1,1
807,1,1,1,1,1,1,1,1,1,1,1,1
808,1,1,1,1,1,1,1,1,1,1,1,1
809,1,1,1,1,1,1,1,1,1,1,1,1
810,1,1,1,1,1,1,1,1,1,1,1,1
811,1,1,1,1,1,1,1,1,1,1,1,1
812,1,1,1,1,1,1,1,1,1,1,1,1
813,1,1,1,1,1,1,1,1,1,1,1,1
814,1,1,1,1,1,1,1,1,1,1,1,1
815,1,1,1,1,1,1,1,1,1,1,1,1
816,1,1,1,1,1,1,1,1,1,1,1,1
817,1,1,1,1,1,1,1,1,1,1,1,1
818,1,1,1,1,1,1,1,1,1,1,1,1
819,1,1,1,1,1,1,1,1,1,1,1,1
820,1,1,1,1,1,1,1,1,1,1,1,1
821,1,1,1,1,1,1,1,1,1,1,1,1
822,1,1,1,1,1,1,1,1,1,1,1,1
823,1,1,1,1,1,1,1,1,1,1,1,1
824,0,1,1,1,1,1,1,1,1,1,1,1
825,1,1,1,1,1,1,1,1,1,1,1,1
826,1,1,1,1,1,1,1,1,1,1,1,1
827,1,1,1,1,1,1,1,1,1,1,1,1
828,1,1,1,1,1,1,1,1,1,1,1,1
829,1,1,1,1,1,1,1,1,1,1,1,1
830,1,1,1,1,1,1,1,1,1,1,1,1
831,1,1,1,1,1,1,1,1,1,1,1,1
832,1,1,1,1,1,1,1,1,1,1,1,1
833,1,1,1,1,1,1,1,1,1,1,1,1
834,1,1,1,1,1,1,1,1,1,1,1,1
835,1,1,1,1,1,1,1,1,1,1,1,1
836,1,1,1,1,1,1,1,1,1,1,1,1
837,1,1,1,1,1,1,1,1,1,1,1,1
838,1,1,1,1,1,1,1,1,1,1,1,1
839,1,1,1,1,1,1,1,1,1,1,1,1
840,1,1,1,1,1,1,1,1,1,1,1,1
841,1,1,1,1,1,1,1,1,1,1,1,1
842,1,1,1,1,1,1,1,1,1,1,1,1
843,1,1,1,1,1,1,1,1,1,1,1,1
844,1,1,1,1,1,1,1,1,1,1,1,1
845,1,1,1,1,1,1,1,1,1,1,1,1
846,1,1,1,1,1,1,1,1,1,1,1,1
847,1,1,1,1,1,1,1,1,1,1,1,1
848,1,1,1,1,1,1,1,1,1,1,1,1
849,1,1,1,1,1,1,1,1,1,1,1,1
850,1,1,1,1,1,1,1,1,1,1,1,1
851,1,1,1,1,1,1,1,1,1,1,1,1
852,1,1,1,1,1,1,1,1,1,1,1,1
853,1,1,1,1,1,1,1,1,1,1,1,1
854,1,1,1,1,1,1,1,1,1,1,1,1
855,1,1,1,1,1,1,1,1,1,1,1,1
856,1,1,1,1,1,1,1,1,1,1,1,1
857,1,1,1,1,1,1,1,1,1,1,1,1
858,1,1,1,1,1,1,1,1,1,1,1,1
859,1,1,1,1,1,1,1,1,1,1,1,1
860,1,1,1,1,1,1,1,1,1,1,1,1
861,1,1,1,1,1,1,1,1,1,1,1,1
862,1,1,1,1,1,1,1,1,1,1,1,1
863,1,1,1,1,1,1,1,1,1,1,1,1
864,1,1,1,1,1,1,1,1,1,1,1,1
865,1,1,1,1,1,1,1,1,1,1,1,1
866,1,1,1,1,1,1,1,1,1,1,1,1
867,1,1,1,1,1,1,1,1,1,1,1,1
868,1,1,1,1,1,1,1,1,1,1,1,1
869,1,1,1,1,1,1,1,1,1,1,1,1
870,1,1,1,1,1,1,1,1,1,1,1,1
871,1,1,1,1,1,1,1,1,1,1,1,1
872,1,1,1,1,1,1,1,1,1,1,1,1
873,1,1,1,1,1,1,1,1,1,1,1,1
874,1,1,1,1,1,1,1,1,1,1,1,1
875,1,1,1,1,1,1,1,1,1,1,1,1
876,1,1,1,1,1,1,1,1,1,1,1,1
877,1,1,1,1,1,1,1,1,1,1,1,1
878,1,1,1,1,1,1,1,1,1,1,1,1
879,1,1,1,1,1,1,1,1,1,1,1,1
880,1,1,1,1,1,1,1,1,1,1,1,1
881,1,1,1,1,1,1,1,1,1,1,1,1
882,1,1,1,1,1,1,1,1,1,1,1,1
883,1,1,1,1,1,1,1,1,1,1,1,1
884,1,1,1,1,1,1,1,1,1,1,1,1
885,1,1,1,1,1,1,1,1,1,1,1,1
886,1,1,1,1,1,1,1,1,1,1,1,1
887,1,1,1,1,1,1,1,1,1,1,1,1
888,1,1,1,1,1,1,1,1,1,1,1,1
889,1,1,1,1,1,1,1,1,1,1,1,1
890,1,1,1,1,1,1,1,1,1,1,1,1
891,1,1,1,1,1,1,1,1,1,1,1,1
892,1,1,1,1,1,1,1,1,1,1,1,1
893,1,1,1,1,1,1,1,1,1,1,1,1
894,1,1,1,1,1,1,1,1,1,1,1,1
895,1,1,1,1,1,1,1,1,1,1,1,1
896,1,1,1,1,1,1,1,1,1,1,1,1
897,1,1,1,1,1,1,1,1,1,1,1,1
898,1,1,1,1,1,1,1,1,1,1,1,1
899,1,1,1,1,1,1,1,1,1,1,1,1
900,1,1,1,1,1,1,1,1,1,1,1,1
901,1,1,1,1,1,1,1,1,1,1,1,1
902,1,1,1,1,1,1,1,1,1,1,1,1
903,1,1,1,1,1,1,1,1,1,1,1,1
904,1,1,1,1,1,1,1,1,1,1,1,1
905,1,1,1,1,1,1,1,1,1,1,1,1
906,1,1,1,1,1,1,1,1,1,1,1,1
907,1,1,1,1,1,1,1,1,1,1,1,1
908,1,1,1,1,1,1,1,1,1,1,1,1
909,1,1,1,1,1,1,1,1,1,1,1,1
910,1,1,1,1,1,1,1,1,1,1,1,1
911,1,1,1,1,1,1,1,1,1,1,1,1
912,1,1,1,1,1,1,1,1,1,1,1,1
913,1,1,1,1,1,1,1,1,1,1,1,1
914,1,1,1,1,1,1,1,1,1,1,1,1
915,1,1,1,1,1,1,1,1,1,1,1,1
916,1,1,1,1,1,1,1,1,1,1,1,1
917,1,1,1,1,1,1,1,1,1,1,1,1
918,1,1,1,1,1,1,1,1,1,1,1,1
919,1,1,1,1,1,1,1,1,1,1,1,1
920,1,1,1,1,1,1,1,1,1,1,1,1
921,1,1,1,1,1,1,1,1,1,1,1,1
922,1,1,1,1,1,1,1,1,1,1,1,1
923,1,1,1,1,1,1,1,1,1,1,1,1
924,1,1,1,1,1,1,1,1,1,1,1,1
925,1,1,1,1,1,1,1,1,1,1,1,1
926,1,1,1,1,1,1,1,1,1,1,1,1
927,1,1,1,1,1,1,1,1,1,1,1,1
928,1,1,1,1,1,1,1,1,1,1,1,1
929,1,1,1,1,1,1,1,1,1,1,1,1
930,1,1,1,1,1,1,1,1,1,1,1,1
931,1,1,1,1,1,1,1,1,1,1,1,1
932,1,1,1,1,1,1,1,1,1,1,1,1
933,1,1,1,1,1,1,1,1,1,1,1,1
934,1,1,1,1,1,1,1,1,1,1,1,1
935,1,1,1,1,1,1,1,1,1,1,1,1
936,1,1,1,1,1,1,1,1,1,1,1,1
937,1,1,1,1,1,1,1,1,1,1,1,1
938,1,1,1,1,1,1,1,1,1,1,1,1
939,1,1,1,1,1,1,1,1,1,1,1,1
940,1,1,1,1,1,1,1,1,1,1,1,1
941,1,1,1,1,1,1,1,1,1,1,1,1
942,1,1,1,1,1,1,1,1,1,1,1,1
943,1,1,1,1,1,1,1,1,1,1,1,1
944,1,1,1,1,1,1,1,1,1,1,1,1
945,1,1,1,1,1,1,1,1,1,1,1,1
946,1,1,1,1,1,1,1,1,1,1,1,1
947,1,1,1,1,1,1,1,1,1,1,1,1
948,1,1,1,1,1,1,1,1,1,1,1,1
949,1,1,1,1,1,1,1,1,1,1,1,1
950,1,1,1,1,1,1,1,1,1,1,1,1
951,1,1,1,1,1,1,1,1,1,1,1,1
952,1,1,1,1,1,1,1,1,1,1,1,1
953,1,1,1,0,1,1,1,1,1,1,1,1
954,1,1,1,1,1,1,1,1,1,1,1,1
955,1,1,1,1,1,1,1,1,1,1,1,1
956,1,1,1,1,1,1,1,1,1,1,1,1
957,1,1,1,1,1,1,1,1,1,1,1,1
958,1,1,1,1,1,1,1,1,1,1,1,1
959,1,1,1,1,1,1,1,1,1,1,1,1