image_id,attenunet_prnu_illum_iou,attenunet_prnu_illum_dice,attenunet_prnu_illum_bf_score,attenunet_prnu_freq_iou,attenunet_prnu_freq_dice,attenunet_prnu_freq_bf_score,attenunet_freq_illum_iou,attenunet_freq_illum_dice,attenunet_freq_illum_bf_score,attenunet_all_iou,attenunet_all_dice,attenunet_all_bf_score,notes
0,0.955496,0.977241,1,0.964479,0.981918,1,0.948056,0.973336,0.994475,0.954808,0.976882,1,
1,0.936705,0.967318,0.994763,0.933877,0.965808,0.973544,0.945118,0.971785,1,0.939574,0.968846,0.904985,
2,0.917587,0.957022,0.878297,0.949698,0.9742,0.95144,0.924647,0.960848,0.915951,0.941902,0.970082,0.933257,
3,0.951426,0.975108,1,0.953395,0.976142,1,0.963339,0.981327,1,0.952004,0.975412,1,
4,0.934216,0.965989,1,0.937857,0.967932,1,0.936741,0.967338,1,0.927843,0.962571,0.9941,
5,0.938177,0.968102,0.971896,0.959155,0.979152,1,0.942485,0.970391,1,0.964943,0.982159,1,
6,0.950551,0.974649,1,0.953657,0.976279,0.989949,0.932281,0.964954,0.961576,0.949176,0.973926,1,
7,0.971767,0.985681,1,0.943045,0.970688,1,0.941156,0.969686,1,0.92797,0.96264,0.983333,
8,0.946082,0.972294,1,0.968226,0.983856,1,0.949928,0.974321,1,0.967372,0.983415,1,
9,0.975571,0.987635,1,0.947511,0.973048,1,0.959305,0.97923,1,0.950838,0.9748,1,
10,0.960843,0.980031,1,0.953651,0.976276,1,0.896641,0.945504,0.885242,0.962741,0.981017,1,
11,0.932402,0.965019,1,0.961653,0.980452,1,0.902146,0.948556,0.902472,0.959626,0.979397,1,
12,0.979305,0.989544,1,0.981965,0.990901,1,0.951327,0.975057,1,0.977565,0.988655,1,
13,0.94014,0.969146,1,0.966606,0.983019,1,0.928623,0.962991,1,0.95633,0.977678,1,
14,0.919305,0.957956,0.917985,0.892747,0.943335,0.881322,0.906842,0.951145,0.893839,0.919106,0.957848,0.964636,
15,0.949341,0.974012,1,0.920613,0.958666,1,0.948234,0.97343,1,0.95322,0.97605,1,
16,0.952295,0.975565,1,0.944627,0.971525,1,0.90939,0.952545,0.808233,0.949458,0.974074,1,
17,0.893759,0.943899,0.777236,0.902086,0.948523,0.805813,0.872465,0.931889,0.767811,0.910242,0.953013,0.797688,
18,0.953914,0.976414,0.973544,0.952806,0.975833,0.994695,0.954574,0.976759,1,0.949588,0.974142,1,
19,0.962353,0.980815,1,0.967643,0.983555,1,0.948615,0.97363,0.994594,0.973184,0.98641,1,
20,0.951967,0.975392,1,0.958127,0.978616,1,0.915997,0.956157,1,0.954184,0.976555,1,
21,0.942389,0.97034,1,0.926141,0.961654,1,0.938317,0.968177,1,0.943987,0.971186,1,
22,0.954511,0.976726,1,0.955039,0.977002,0.923193,0.928896,0.963137,1,0.945739,0.972113,0.982248,
23,0.97515,0.987419,1,0.96514,0.982261,1,0.979167,0.989474,1,0.955608,0.9773,1,
24,0.955816,0.977409,1,0.956114,0.977565,1,0.897689,0.946086,0.919059,0.942442,0.970368,1,
25,0.922305,0.959582,0.970921,0.913768,0.954941,0.962512,0.970037,0.984791,1,0.918516,0.957527,0.971176,
26,0.971258,0.985419,1,0.956234,0.977627,0.959784,0.96367,0.981499,1,0.960253,0.979723,0.965107,
27,0.934485,0.966133,0.988604,0.94659,0.972562,1,0.791852,0.883836,0.531829,0.94347,0.970913,1,
28,0.944075,0.971233,0.915524,0.956429,0.977729,1,0.954093,0.976507,1,0.906703,0.951069,0.86044,
29,0.933549,0.965633,1,0.914376,0.955273,0.941689,0.936051,0.966969,1,0.896637,0.945502,0.898009,
30,0.960262,0.979728,1,0.960087,0.979637,1,0.933608,0.965664,1,0.972572,0.986095,1,
31,0.955337,0.977158,1,0.956621,0.97783,1,0.939864,0.969,1,0.954927,0.976944,1,
32,0.920833,0.958785,1,0.870093,0.930535,0.701847,0.868347,0.929535,0.739093,0.855838,0.92232,0.745857,
33,0.90012,0.947435,0.866734,0.910364,0.953079,0.993937,0.807692,0.893617,0.674189,0.919841,0.958247,1,
34,0.929092,0.963243,1,0.85806,0.923608,0.624542,0.974587,0.98713,1,0.887988,0.940671,0.869887,
35,0.965852,0.982629,1,0.968761,0.984133,1,0.922581,0.959732,0.994252,0.971613,0.985602,1,
36,0.950568,0.974658,1,0.965901,0.982655,1,0.930542,0.964022,0.978479,0.95919,0.97917,1,
37,0.931818,0.964706,1,0.930878,0.964202,1,0.908822,0.952233,1,0.906189,0.950786,0.88487,
38,0.949807,0.974257,1,0.9517,0.975252,0.988338,0.936112,0.967002,1,0.957221,0.978143,1,
39,0.93288,0.965275,1,0.925705,0.961419,0.944234,0.828996,0.906504,0.600632,0.929327,0.963369,1,
40,0.960864,0.980041,1,0.95857,0.978847,1,0.94608,0.972293,1,0.959518,0.979341,1,
41,0.969192,0.984355,1,0.96558,0.982489,1,0.94086,0.969529,1,0.948431,0.973533,0.994286,
42,0.930378,0.963933,1,0.916855,0.956624,0.872863,0.953199,0.976039,1,0.933508,0.965611,0.955739,
43,0.967516,0.98349,1,0.954242,0.976585,1,0.917001,0.956704,0.884424,0.932287,0.964957,1,
44,0.9547,0.976825,1,0.957011,0.978033,1,0.933333,0.965517,1,0.949577,0.974136,1,
45,0.930581,0.964042,0.959398,0.926829,0.962025,0.988633,0.926784,0.962001,0.988372,0.919582,0.958106,0.936713,
46,0.892434,0.94316,0.932721,0.856624,0.922776,0.689462,0.915848,0.956076,0.98112,0.95045,0.974596,1,
47,0.956423,0.977726,1,0.960253,0.979724,1,0.967183,0.983318,1,0.960197,0.979694,1,
48,0.947047,0.972804,1,0.938931,0.968504,1,0.941826,0.970042,0.983813,0.956888,0.977969,1,
49,0.966425,0.982926,1,0.938927,0.968501,1,0.969771,0.984654,1,0.959159,0.979154,1,
50,0.944403,0.971407,1,0.942007,0.970138,1,0.91564,0.955963,1,0.963504,0.981413,1,
51,0.904445,0.949825,0.956827,0.909481,0.952595,0.925466,0.875865,0.933825,0.807857,0.871592,0.931391,0.801892,
52,0.976778,0.988253,1,0.964299,0.981825,1,0.960586,0.979897,1,0.942608,0.970456,0.959784,
53,0.957039,0.978048,1,0.937832,0.967919,1,0.893674,0.943852,0.80616,0.954755,0.976854,1,
54,0.968044,0.983763,1,0.972213,0.985911,1,0.927002,0.962119,0.907972,0.957018,0.978037,1,
55,0.891955,0.942892,0.817251,0.919588,0.95811,0.883038,0.871957,0.9316,0.692432,0.909797,0.952768,0.816721,
56,0.938456,0.968251,1,0.935055,0.966438,1,0.960252,0.979723,1,0.943498,0.970928,1,
57,0.925108,0.961097,0.99371,0.947069,0.972815,1,0.933946,0.965845,1,0.922654,0.959771,0.974996,
58,0.9588,0.978967,1,0.938407,0.968225,0.98214,0.946042,0.972273,0.98214,0.944048,0.971219,1,
59,0.939383,0.968744,1,0.950495,0.974619,1,0.918681,0.957617,0.916193,0.922483,0.959679,0.988473,
60,0.925226,0.961161,1,0.929334,0.963373,1,0.938038,0.968028,1,0.911085,0.953474,0.945593,
61,0.898145,0.94634,0.782114,0.927447,0.962358,0.938718,0.756388,0.861299,0.476744,0.920028,0.958348,0.82719,
62,0.965035,0.982206,1,0.965491,0.982442,1,0.909509,0.95261,0.864271,0.959646,0.979408,1,
63,0.942165,0.970221,1,0.923195,0.960064,0.982288,0.875198,0.933446,0.721212,0.917777,0.957126,0.86953,
64,0.972366,0.985989,1,0.965145,0.982263,1,0.970052,0.984798,1,0.968374,0.983933,1,
65,0.972366,0.985989,1,0.965145,0.982263,1,0.970052,0.984798,1,0.968374,0.983933,1,
66,0.936252,0.967077,0.994427,0.944327,0.971366,1,0.937249,0.967608,1,0.934403,0.966089,0.98319,
67,0.958972,0.979056,1,0.951363,0.975075,1,0.940076,0.969113,1,0.961491,0.980367,1,
68,0.975433,0.987564,1,0.963591,0.981458,1,0.968631,0.984066,1,0.946596,0.972565,1,
69,0.926324,0.961753,1,0.939727,0.968927,1,0.891967,0.942899,0.738142,0.939782,0.968956,1,
70,0.950938,0.974852,1,0.934349,0.96606,0.896614,0.931521,0.964547,1,0.956943,0.977998,1,
71,0.945411,0.97194,1,0.942592,0.970448,0.972294,0.932169,0.964894,0.98328,0.924458,0.960746,1,
72,0.944668,0.971547,0.985607,0.960332,0.979765,1,0.93923,0.968663,1,0.964156,0.981751,1,
73,0.958591,0.978858,0.982921,0.934449,0.966114,1,0.95207,0.975446,1,0.970962,0.985267,1,
74,0.969261,0.984391,1,0.975673,0.987687,1,0.975321,0.987506,1,0.967605,0.983536,1,
75,0.919229,0.957915,0.891634,0.952869,0.975866,1,0.932746,0.965203,1,0.939211,0.968653,1,
76,0.955405,0.977194,1,0.953431,0.97616,1,0.853072,0.920711,0.732813,0.914418,0.955296,0.959869,
77,0.945783,0.972136,1,0.928571,0.962963,1,0.881967,0.937282,0.874648,0.882374,0.937512,0.906895,
78,0.942728,0.97052,1,0.9666,0.983016,1,0.949203,0.97394,1,0.965654,0.982527,1,
79,0.961579,0.980413,1,0.959815,0.979496,1,0.967856,0.983665,1,0.953537,0.976216,1,
80,0.923692,0.960333,0.967121,0.940114,0.969133,1,0.872148,0.931708,0.836467,0.956982,0.978018,1,
81,0.957786,0.978438,1,0.945687,0.972085,1,0.947854,0.973229,1,0.951132,0.974954,1,
82,0.954792,0.976873,1,0.950054,0.974387,1,0.976259,0.987987,1,0.949426,0.974057,1,
83,0.951211,0.974995,1,0.934038,0.965894,0.982708,0.918588,0.957567,0.953887,0.935733,0.966799,0.962243,
84,0.960293,0.979744,1,0.957698,0.978392,1,0.962873,0.981085,1,0.961699,0.980476,1,
85,0.94386,0.971119,1,0.954959,0.97696,1,0.924809,0.960936,0.982401,0.911776,0.953852,0.970413,
86,0.963685,0.981507,1,0.963275,0.981294,1,0.873654,0.932567,0.777195,0.974925,0.987303,1,
87,0.974549,0.987111,1,0.961941,0.980602,1,0.928691,0.963027,0.994475,0.960208,0.9797,1,
88,0.969571,0.984551,1,0.949463,0.974077,1,0.945633,0.972057,1,0.97104,0.985307,1,
89,0.916464,0.956412,1,0.9329,0.965285,0.963727,0.824016,0.903518,0.574271,0.916158,0.956244,0.86474,
90,0.974594,0.987134,1,0.96281,0.981053,1,0.903238,0.949159,0.838898,0.965015,0.982196,1,
91,0.927935,0.96262,1,0.914348,0.955258,0.918412,0.913674,0.95489,0.985557,0.922189,0.95952,0.988265,
92,0.946515,0.972523,1,0.95638,0.977704,1,0.91711,0.956763,0.941512,0.954746,0.976849,1,
93,0.885331,0.939179,0.818713,0.929224,0.963314,1,0.892233,0.943048,0.906047,0.901815,0.948373,0.888735,
94,0.952317,0.975576,1,0.953763,0.976334,1,0.951629,0.975215,1,0.964298,0.981824,1,
95,0.932459,0.965049,0.958154,0.940828,0.969512,1,0.877469,0.934736,0.822627,0.958931,0.979035,1,
96,0.946077,0.972291,1,0.957173,0.978118,1,0.931373,0.964467,0.927309,0.956657,0.977849,1,
97,0.952795,0.975827,1,0.906231,0.950809,0.898824,0.859772,0.924599,0.743617,0.949868,0.97429,1,
98,0.961771,0.980513,1,0.943083,0.970708,1,0.967113,0.983282,1,0.931289,0.964422,1,
99,0.973211,0.986423,1,0.964963,0.982169,1,0.967755,0.983614,1,0.935809,0.96684,1,
100,0.956184,0.977601,1,0.958838,0.978986,1,0.946936,0.972745,1,0.954183,0.976554,1,
101,0.929512,0.963468,0.889665,0.933386,0.965545,0.941956,0.91028,0.953033,0.902779,0.924647,0.960848,0.956567,
102,0.950775,0.974767,1,0.939515,0.968814,0.994535,0.955094,0.977031,1,0.955283,0.97713,0.97814,
103,0.94454,0.971479,1,0.931895,0.964747,0.96408,0.953697,0.9763,1,0.93998,0.969062,1,
104,0.970857,0.985213,1,0.965517,0.982456,1,0.951076,0.974924,1,0.946031,0.972267,1,
105,0.947123,0.972844,1,0.934827,0.966316,0.99449,0.93342,0.965564,0.989011,0.943562,0.970962,1,
106,0.965231,0.982308,1,0.949673,0.974187,1,0.936138,0.967016,0.91798,0.956373,0.9777,1,
107,0.930604,0.964055,1,0.91462,0.955406,0.926513,0.905524,0.95042,0.915371,0.930108,0.963788,0.994099,
108,0.973073,0.986353,1,0.954895,0.976927,1,0.950887,0.974825,1,0.953481,0.976186,1,
109,0.939512,0.968813,1,0.953216,0.976048,1,0.957955,0.978526,1,0.957447,0.978261,1,
110,0.951243,0.975012,1,0.969823,0.984681,1,0.959125,0.979136,1,0.957898,0.978496,1,
111,0.955192,0.977082,1,0.934487,0.966134,1,0.92057,0.958643,0.957409,0.95071,0.974732,1,
112,0.948414,0.973524,0.958822,0.946862,0.972706,0.958574,0.923245,0.960091,0.962319,0.942432,0.970363,0.935483,
113,0.886651,0.93992,0.819964,0.924929,0.961,1,0.845387,0.916216,0.762841,0.879377,0.935818,0.735868,
114,0.959938,0.979559,1,0.947304,0.972939,1,0.943225,0.970783,1,0.968789,0.984147,1,
115,0.946278,0.972398,0.903797,0.946771,0.972658,0.978604,0.926355,0.96177,1,0.930248,0.963863,0.909145,
116,0.929912,0.963684,1,0.927826,0.962562,0.954296,0.927197,0.962223,1,0.941841,0.97005,1,
117,0.933592,0.965656,0.89306,0.914331,0.955249,0.987879,0.904608,0.949915,0.86028,0.923742,0.96036,0.909933,
118,0.884175,0.938528,0.778048,0.903933,0.949543,0.828083,0.83531,0.910266,0.60923,0.829138,0.906589,0.701522,
119,0.948604,0.973624,1,0.91003,0.952896,0.955795,0.910567,0.95319,0.921638,0.940621,0.969402,1,
120,0.926284,0.961732,1,0.958333,0.978723,1,0.924801,0.960931,0.970326,0.942388,0.97034,1,
121,0.963493,0.981407,1,0.943652,0.971009,0.988406,0.941328,0.969778,1,0.960586,0.979897,1,
122,0.946738,0.972641,1,0.941904,0.970083,1,0.927442,0.962355,1,0.931384,0.964473,1,
123,0.91664,0.956507,0.85875,0.935191,0.96651,0.994609,0.91515,0.955695,0.945637,0.929591,0.963511,1,
124,0.923077,0.96,0.907609,0.925731,0.961433,0.983694,0.918319,0.957421,0.906702,0.917158,0.956789,0.86686,
125,0.925831,0.961487,1,0.904782,0.950011,0.993787,0.900511,0.947652,0.843878,0.921273,0.959024,1,
126,0.9701,0.984823,1,0.970078,0.984812,1,0.957302,0.978185,1,0.967359,0.983409,1,
127,0.949348,0.974016,0.962436,0.94729,0.972931,1,0.910773,0.953303,1,0.959404,0.979282,1,
128,0.967731,0.983601,1,0.972982,0.986306,1,0.963967,0.981653,1,0.951543,0.97517,1,
129,0.929004,0.963195,0.902698,0.930922,0.964226,0.871951,0.912804,0.954415,0.933579,0.931809,0.964701,0.921136,
130,0.951046,0.974909,1,0.933216,0.965455,0.977464,0.937149,0.967555,1,0.953448,0.976169,1,
131,0.972549,0.986083,1,0.964064,0.981703,1,0.952044,0.975433,1,0.92654,0.961869,0.85299,
132,0.967633,0.983551,1,0.971807,0.985702,1,0.915059,0.955646,0.975226,0.957588,0.978335,1,
133,0.949295,0.973988,1,0.960831,0.980024,1,0.929342,0.963377,0.983514,0.960663,0.979937,1,
134,0,0,0,0,0,0,0,0,0,0,0,0,
135,0.926284,0.961732,0.994217,0.96077,0.979992,1,0.862314,0.926067,0.722045,0.948162,0.973391,1,
136,0.950963,0.974865,1,0.904541,0.949878,0.873898,0.876194,0.934012,0.780279,0.964925,0.982149,1,
137,0.973845,0.986749,1,0.953682,0.976292,1,0.937866,0.967937,0.989129,0.973836,0.986745,1,
138,0.925151,0.96112,0.970185,0.939729,0.968928,1,0.918072,0.957286,0.885465,0.908696,0.952164,0.909879,
139,0.916565,0.956466,0.900207,0.943326,0.970837,0.948818,0.961088,0.980158,1,0.977947,0.988851,1,
140,0.944633,0.971528,1,0.961692,0.980472,1,0.904114,0.949643,0.967002,0.964046,0.981694,1,
141,0.940176,0.969166,1,0.93608,0.966985,1,0.768055,0.868814,0.436658,0.903857,0.949501,0.893179,
142,0.885825,0.939456,0.901704,0.905147,0.950212,0.924513,0.885733,0.939404,0.750719,0.926993,0.962114,1,
143,0.961285,0.98026,1,0.948633,0.973639,1,0.864025,0.927053,0.860058,0.938925,0.968501,0.9264,
144,0.952891,0.975877,1,0.961898,0.980579,1,0.926227,0.961701,1,0.94339,0.97087,1,
145,0.93441,0.966093,0.929019,0.966557,0.982994,1,0.90816,0.95187,0.988974,0.934804,0.966303,1,
146,0.956157,0.977587,1,0.953496,0.976194,1,0.940134,0.969144,1,0.960723,0.979968,1,
147,0.895028,0.944606,0.759327,0.88018,0.936272,0.727357,0.933746,0.965738,0.959877,0.89287,0.943403,0.788628,
148,0.954398,0.976667,1,0.947506,0.973045,1,0.953247,0.976064,1,0.93099,0.964262,1,
149,0.931267,0.96441,0.972446,0.927419,0.962343,0.934066,0.906586,0.951005,0.899788,0.954193,0.97656,1,
150,0.968905,0.984207,1,0.970164,0.984856,1,0.912917,0.954476,0.977898,0.953268,0.976075,0.945044,
151,0.92367,0.960321,0.879116,0.925301,0.961202,0.856353,0.92376,0.960369,0.843373,0.896006,0.945151,0.798145,
152,0.923403,0.960176,0.85681,0.940138,0.969146,0.988164,0.964688,0.982027,1,0.963401,0.981359,1,
153,0.956002,0.977506,1,0.954789,0.976872,1,0.941586,0.969914,0.994082,0.948747,0.9737,1,
154,0.965555,0.982476,1,0.969057,0.984285,1,0.94414,0.971268,0.976977,0.964299,0.981825,1,
155,0.944407,0.971409,0.986435,0.915488,0.95588,0.978308,0.934492,0.966137,1,0.96609,0.982753,1,
156,0.952175,0.975502,1,0.889006,0.941242,0.863631,0.928748,0.963058,0.983095,0.921344,0.959062,1,
157,0.934246,0.966005,0.923537,0.910231,0.953006,0.934575,0.9261,0.961632,1,0.924021,0.96051,0.967331,
158,0.974395,0.987031,1,0.906841,0.951145,0.932137,0.953652,0.976276,1,0.945946,0.972222,1,
159,0.92448,0.960758,0.988401,0.941697,0.969973,0.982708,0.922722,0.959808,0.965812,0.937179,0.967571,1,
160,0.911623,0.953769,1,0.893082,0.943522,0.964991,0.8624,0.926117,0.733991,0.929795,0.963621,1,
161,0.966036,0.982725,1,0.966585,0.983009,1,0.949345,0.974014,1,0.9609,0.98006,1,
162,0.95951,0.979337,1,0.967885,0.983681,1,0.91655,0.956458,0.910274,0.961969,0.980616,1,
163,0.955972,0.97749,1,0.944824,0.971629,1,0.876195,0.934013,0.84814,0.943683,0.971025,1,
164,0.796568,0.886766,0.349756,0.735466,0.847572,0.269131,0.722977,0.839219,0.24557,0.776266,0.874043,0.284228,
165,0.976119,0.987915,1,0.976021,0.987865,1,0.950562,0.974654,1,0.970741,0.985153,1,
166,0.936306,0.967105,1,0.944344,0.971375,1,0.912489,0.954242,0.886542,0.947304,0.972939,1,
167,0.972382,0.985998,1,0.968846,0.984177,1,0.920341,0.958518,1,0.966717,0.983077,1,
168,0.944018,0.971203,1,0.951985,0.975402,1,0.936782,0.967359,1,0.921101,0.95893,0.938928,
169,0.973746,0.986698,1,0.971755,0.985675,1,0.924579,0.960812,0.980744,0.980372,0.990089,1,
170,0.944083,0.971237,1,0.946975,0.972766,1,0.883491,0.938142,0.904055,0.957246,0.978156,1,
171,0.973626,0.986637,1,0.951103,0.974939,1,0.944546,0.971482,1,0.970481,0.985019,1,
172,0.950676,0.974714,1,0.913219,0.954641,0.988981,0.935529,0.966691,0.983187,0.904356,0.949776,0.929125,
173,0.925977,0.961566,0.905847,0.942407,0.970349,1,0.920474,0.95859,0.972188,0.940597,0.96939,0.96143,
174,0.918264,0.95739,0.928883,0.937356,0.967665,1,0.928433,0.962889,0.920607,0.928544,0.962948,0.970495,
175,0.969325,0.984424,1,0.940983,0.969594,0.989097,0.91012,0.952945,0.916005,0.959066,0.979106,1,
176,0.944049,0.97122,1,0.944706,0.971567,1,0.938204,0.968117,1,0.944887,0.971662,1,
177,0.919788,0.958218,0.934774,0.914407,0.95529,0.967477,0.884839,0.938901,0.877512,0.904496,0.949854,0.940043,
178,0.936403,0.967157,1,0.954213,0.97657,1,0.935471,0.96666,0.994134,0.928626,0.962992,0.947455,
179,0.851221,0.919632,0.844988,0.961761,0.980508,1,0.707388,0.82862,0.48,0.90625,0.95082,1,
180,0.939793,0.968962,1,0.962025,0.980645,1,0.905831,0.950589,1,0.940601,0.969392,1,
181,0.946384,0.972453,1,0.931706,0.964646,1,0.946906,0.972729,1,0.933357,0.96553,0.943244,
182,0.944935,0.971688,0.928205,0.94862,0.973633,0.984614,0.933728,0.965728,0.937924,0.946565,0.972549,0.964099,
183,0.967804,0.983638,1,0.95398,0.976448,1,0.919899,0.958279,0.978315,0.953444,0.976167,0.962579,
184,0.916272,0.956307,0.891499,0.889892,0.941739,0.827318,0.897345,0.945896,0.881163,0.913351,0.954713,0.994818,
185,0.958599,0.978862,1,0.960048,0.979617,1,0.944771,0.971601,1,0.967897,0.983687,1,
186,0.979332,0.989558,1,0.965801,0.982603,1,0.929759,0.963601,0.96319,0.965532,0.982464,1,
187,0.948113,0.973366,1,0.948276,0.973451,1,0.922029,0.959433,0.952897,0.976917,0.988324,1,
188,0.975443,0.987569,1,0.971361,0.985473,1,0.958291,0.978701,1,0.964213,0.981781,1,
189,0.974084,0.986872,1,0.962963,0.981132,1,0.947694,0.973145,0.994382,0.970924,0.985248,1,
190,0.946671,0.972605,1,0.938608,0.968332,0.978604,0.928481,0.962914,1,0.943343,0.970845,0.994666,
191,0.93703,0.967491,0.976047,0.925132,0.96111,0.99422,0.945024,0.971735,1,0.961146,0.980188,1,
192,0.962427,0.980854,1,0.976022,0.987866,1,0.922864,0.959885,1,0.981213,0.990518,1,
193,0.91949,0.958056,1,0.911624,0.953769,1,0.952106,0.975465,1,0.924679,0.960866,0.981873,
194,0.967208,0.983331,1,0.963462,0.981391,1,0.958224,0.978666,1,0.957311,0.97819,1,
195,0.936812,0.967375,0.903867,0.949247,0.973963,0.994083,0.871964,0.931603,0.762534,0.946856,0.972703,1,
196,0.962409,0.980844,1,0.959987,0.979585,1,0.962902,0.9811,1,0.958403,0.97876,1,
197,0.946043,0.972274,1,0.918992,0.957786,0.95512,0.719496,0.836869,0.415421,0.94447,0.971442,1,
198,0.959101,0.979124,1,0.929684,0.963561,0.949365,0.898335,0.946445,0.980951,0.957995,0.978547,1,
199,0.961221,0.980227,1,0.963643,0.981485,1,0.938754,0.96841,1,0.962164,0.980717,1,
200,0.931298,0.964427,0.93366,0.952033,0.975427,1,0.916121,0.956225,0.926519,0.95296,0.975914,1,
201,0.96909,0.984302,1,0.961734,0.980494,1,0.937564,0.967776,1,0.965194,0.982289,1,
202,0.884713,0.93883,0.871747,0.898248,0.946397,0.837718,0.881529,0.937035,0.723633,0.884743,0.938847,0.830399,
203,0.937375,0.967675,1,0.932143,0.96488,1,0.949583,0.97414,1,0.914969,0.955596,0.96405,
204,0.946083,0.972295,1,0.96314,0.981224,1,0.90735,0.951425,0.988821,0.968367,0.983929,1,
205,0.887063,0.940152,0.803114,0.935376,0.966609,0.881967,0.908903,0.952278,0.94691,0.938767,0.968416,1,
206,0.94652,0.972525,1,0.946726,0.972634,1,0.914039,0.955089,0.929653,0.941112,0.969663,1,
207,0.955093,0.977031,1,0.964239,0.981794,1,0.871795,0.931507,0.682218,0.935002,0.966409,1,
208,0.950257,0.974494,1,0.960721,0.979967,1,0.94011,0.969131,0.983999,0.945766,0.972127,1,
209,0.95015,0.974438,0.934955,0.953473,0.976182,0.989099,0.940728,0.969459,0.983648,0.929306,0.963358,0.947975,
210,0.938714,0.968389,1,0.911594,0.953753,0.839187,0.9375,0.967742,1,0.963735,0.981532,1,
211,0.956584,0.97781,1,0.943741,0.971056,1,0.945235,0.971846,1,0.926168,0.961669,1,
212,0.901961,0.948454,0.876337,0.922922,0.959916,0.988889,0.961777,0.980516,1,0.922376,0.959621,1,
213,0.95924,0.979196,1,0.964237,0.981793,1,0.909617,0.95267,0.980951,0.947534,0.97306,1,
214,0.931228,0.96439,0.982885,0.929142,0.96327,1,0.885724,0.939399,0.790939,0.914226,0.955191,0.937576,
215,0.959257,0.979205,1,0.97434,0.987003,1,0.915315,0.955786,0.968349,0.958289,0.9787,1,
216,0.953815,0.976362,1,0.951942,0.97538,1,0.957637,0.97836,1,0.94645,0.972488,1,
217,0.930651,0.96408,1,0.959795,0.979485,1,0.795652,0.886199,0.507463,0.957126,0.978093,1,
218,0.967914,0.983696,1,0.972549,0.986083,1,0.924561,0.960802,0.926728,0.950697,0.974725,1,
219,0.960081,0.979634,1,0.973729,0.98669,1,0.948925,0.973793,1,0.961109,0.980169,1,
220,0.89884,0.946725,0.823656,0.913012,0.954528,0.947486,0.96336,0.981338,1,0.942082,0.970177,0.965308,
221,0.975952,0.98783,1,0.973342,0.986491,1,0.958742,0.978936,1,0.968201,0.983844,1,
222,0.958035,0.978568,1,0.969421,0.984473,1,0.934919,0.966365,0.989388,0.946247,0.972381,0.98129,
223,0.907377,0.95144,0.896451,0.787494,0.881115,0.499474,0.770202,0.870185,0.51054,0.874169,0.93286,0.920174,
224,0.923699,0.960336,0.99322,0.920852,0.958796,0.945247,0.893617,0.94382,0.917604,0.864865,0.927536,0.932419,
225,0.967696,0.983583,1,0.941626,0.969936,1,0.967184,0.983318,1,0.942877,0.970599,0.972297,
226,0.956829,0.977939,1,0.953961,0.976438,1,0.956194,0.977606,1,0.955245,0.97711,1,
227,0.968701,0.984102,1,0.951693,0.975248,0.956149,0.800303,0.889076,0.515337,0.923222,0.960078,0.882968,
228,0.962305,0.980791,1,0.971929,0.985764,1,0.951672,0.975237,0.977142,0.96221,0.980741,1,
229,0.960343,0.979771,1,0.935208,0.966519,1,0.945319,0.971891,1,0.959006,0.979074,1,
230,0.945059,0.971753,1,0.941909,0.970085,1,0.941339,0.969783,1,0.943131,0.970733,1,
231,0.942782,0.970549,0.979592,0.975943,0.987825,1,0.880711,0.936572,0.93842,0.904882,0.950066,0.989967,
232,0.84633,0.91677,0.651662,0.864844,0.927524,0.754552,0.817684,0.899699,0.630783,0.826837,0.905211,0.52855,
233,0.948269,0.973448,1,0.946881,0.972716,1,0.934075,0.965914,1,0.926471,0.961832,0.987877,
234,0.958812,0.978973,1,0.953299,0.976091,1,0.949256,0.973967,1,0.942451,0.970373,0.977901,
235,0.921541,0.959169,0.922204,0.952933,0.975899,0.988504,0.921128,0.958945,1,0.921254,0.959013,0.994186,
236,0.902511,0.948757,0.75602,0.91354,0.954817,0.834589,0.892157,0.943005,0.804348,0.926306,0.961743,0.983739,
237,0.960204,0.979698,1,0.9589,0.979019,1,0.908579,0.9521,0.957104,0.950287,0.97451,1,
238,0.963117,0.981212,0.967856,0.971,0.985287,1,0.959177,0.979163,1,0.958293,0.978702,1,
239,0.958187,0.978647,1,0.965394,0.982392,1,0.953741,0.976323,1,0.962204,0.980738,1,
240,0.925697,0.961415,0.996979,0.938403,0.968223,1,0.883054,0.937896,0.777104,0.946518,0.972524,1,
241,0.927536,0.962406,1,0.944114,0.971254,1,0.901146,0.948003,0.894821,0.929778,0.963611,0.983561,
242,0.948897,0.973778,1,0.920225,0.958455,0.92338,0.897002,0.945705,0.909769,0.93852,0.968285,0.982405,
243,0.976866,0.988297,1,0.966518,0.982974,1,0.966171,0.982794,1,0.967694,0.983582,1,
244,0.939777,0.968954,1,0.956923,0.977987,1,0.863119,0.926531,0.789965,0.956061,0.977537,1,
245,0.951107,0.974941,0.989011,0.942295,0.97029,0.934003,0.917148,0.956784,0.955043,0.94865,0.973649,0.983531,
246,0.947626,0.973109,1,0.934917,0.966364,0.955179,0.912908,0.954471,0.954929,0.932005,0.964806,0.994413,
247,0.94129,0.969757,1,0.962863,0.98108,1,0.88475,0.938851,0.764079,0.944166,0.971281,1,
248,0.951134,0.974955,1,0.934092,0.965923,0.979381,0.89936,0.947014,0.828125,0.924169,0.96059,0.923048,
249,0.966936,0.98319,1,0.965905,0.982657,1,0.958695,0.978912,1,0.967247,0.983351,1,
250,0.932263,0.964944,0.97647,0.916925,0.956663,0.902097,0.937691,0.967844,1,0.937402,0.96769,0.958574,
251,0.949344,0.974014,1,0.944729,0.971579,0.96521,0.922064,0.959452,0.983049,0.961302,0.980269,1,
252,0.957143,0.978102,0.962466,0.950893,0.974828,0.989389,0.936123,0.967008,1,0.930131,0.963801,0.878307,
253,0.945215,0.971836,1,0.963201,0.981256,1,0.955579,0.977285,1,0.955072,0.97702,1,
254,0.978762,0.989267,1,0.973304,0.986472,1,0.946559,0.972546,1,0.963415,0.981366,1,
255,0.903387,0.949241,0.840059,0.940699,0.969443,1,0.907033,0.951251,0.920674,0.912693,0.954354,0.858688,
256,0.919132,0.957862,0.959283,0.954255,0.976592,1,0.884205,0.938545,0.986524,0.927032,0.962135,0.959429,
257,0.905838,0.950593,1,0.928616,0.962987,0.973255,0.925125,0.961107,1,0.923173,0.960052,1,
258,0.945677,0.97208,1,0.936655,0.967292,0.946744,0.865782,0.928063,0.752187,0.943951,0.971167,1,
259,0.975037,0.987361,1,0.965967,0.982689,1,0.917486,0.956968,0.949146,0.972303,0.985957,1,
260,0.9375,0.967742,0.994413,0.911579,0.953744,0.935057,0.936408,0.96716,1,0.925837,0.961491,0.983425,
261,0.949188,0.973932,1,0.922117,0.959481,0.97205,0.828406,0.906151,0.635238,0.931563,0.964569,1,
262,0.937057,0.967506,1,0.963636,0.981481,1,0.917677,0.957071,1,0.943295,0.97082,1,
263,0.929735,0.963588,0.833763,0.925738,0.961437,0.828223,0.92807,0.962693,0.926999,0.938923,0.9685,0.899621,
264,0.956191,0.977605,1,0.957664,0.978374,0.994236,0.917014,0.956711,0.962925,0.941575,0.969908,0.971128,
265,0.874514,0.933057,0.73343,0.880047,0.936197,0.738739,0.872572,0.93195,0.758327,0.922478,0.959676,0.994029,
266,0.939352,0.968728,1,0.946022,0.972262,0.984923,0.949543,0.974118,1,0.929839,0.963644,0.848531,
267,0.954708,0.976829,1,0.942597,0.97045,1,0.912786,0.954405,0.901108,0.91692,0.956659,0.934713,
268,0.916228,0.956283,0.891338,0.932252,0.964938,0.94012,0.907503,0.951509,0.933969,0.964729,0.982048,1,
269,0.912778,0.9544,1,0.94765,0.973121,1,0.901536,0.948219,0.954504,0.951332,0.975059,0.988764,
270,0.966964,0.983204,1,0.970373,0.984964,1,0.924443,0.960738,0.955284,0.964026,0.981684,1,
271,0.927018,0.962127,1,0.934721,0.966259,0.994366,0.884306,0.938601,0.88306,0.918288,0.957404,0.982906,
272,0.947576,0.973083,1,0.9292,0.963301,1,0.939893,0.969015,1,0.92053,0.958621,1,
273,0.938225,0.968128,1,0.932152,0.964885,0.953474,0.900867,0.947849,1,0.967041,0.983244,1,
274,0.958022,0.978561,1,0.952381,0.97561,0.991453,0.961417,0.980329,1,0.966443,0.982935,1,
275,0.934181,0.96597,0.932683,0.946164,0.972337,0.901924,0.916448,0.956403,0.994595,0.933932,0.965837,0.914694,
276,0.976014,0.987861,1,0.963407,0.981362,1,0.963153,0.98123,0.983394,0.972709,0.986166,1,
277,0.930086,0.963777,0.964546,0.916764,0.956575,0.933474,0.894798,0.944479,0.747581,0.909192,0.952437,0.83,
278,0.946033,0.972268,1,0.970479,0.985018,1,0.935569,0.966712,1,0.965207,0.982296,1,
279,0.963781,0.981556,1,0.972615,0.986117,1,0.931019,0.964277,1,0.945319,0.971891,1,
280,0.969349,0.984436,1,0.933168,0.965429,1,0.953768,0.976337,0.96817,0.959755,0.979464,1,
281,0.941995,0.970131,1,0.954912,0.976936,1,0.949379,0.974032,1,0.95098,0.974874,1,
282,0.945107,0.971779,1,0.94807,0.973343,1,0.911293,0.953588,0.831095,0.960964,0.980093,1,
283,0.952365,0.975601,1,0.970949,0.98526,1,0.949223,0.97395,1,0.961339,0.980289,1,
284,0.95886,0.978998,1,0.978747,0.989259,1,0.952245,0.975539,1,0.962345,0.980811,1,
285,0.923428,0.96019,0.9774,0.898896,0.946756,0.780899,0.923478,0.960217,0.966223,0.947425,0.973003,1,
286,0.940411,0.969291,0.972143,0.930541,0.964021,0.878015,0.943742,0.971057,1,0.965789,0.982597,1,
287,0.941761,0.970007,1,0.935277,0.966556,1,0.95595,0.977479,1,0.922572,0.959727,0.90989,
288,0.91567,0.955979,0.989524,0.926195,0.961683,1,0.867441,0.929016,0.593666,0.926644,0.961926,0.989498,
289,0.976134,0.987923,1,0.968307,0.983899,1,0.943851,0.971115,1,0.960416,0.979808,0.956071,
290,0.951329,0.975057,1,0.959944,0.979563,1,0.912763,0.954392,1,0.962113,0.980691,1,
291,0.946887,0.972719,0.982952,0.96344,0.98138,1,0.966019,0.982716,1,0.949153,0.973913,0.983333,
292,0.905891,0.950622,0.846568,0.914909,0.955564,0.848576,0.937544,0.967765,0.948857,0.933471,0.965591,0.926551,
293,0.977822,0.988787,1,0.981358,0.990591,1,0.957398,0.978235,1,0.98798,0.993954,1,
294,0.943286,0.970816,1,0.943217,0.970779,1,0.973548,0.986597,1,0.930254,0.963867,1,
295,0.93493,0.966371,0.984805,0.954072,0.976496,1,0.951966,0.975392,1,0.932787,0.965225,1,
296,0.933543,0.965629,0.955555,0.945647,0.972065,1,0.911326,0.953606,0.955696,0.943336,0.970842,0.974521,
297,0.95151,0.975153,1,0.959118,0.979133,1,0.878301,0.935208,0.877518,0.963533,0.981428,1,
298,0.957787,0.978439,1,0.958864,0.979,1,0.942029,0.970149,1,0.954122,0.976522,1,
299,0.934681,0.966238,1,0.959368,0.979263,1,0.937834,0.96792,0.935137,0.944589,0.971505,1,
300,0.934885,0.966347,0.972299,0.9437,0.971034,0.966942,0.953669,0.976285,1,0.931968,0.964786,0.889708,
301,0.966978,0.983212,1,0.956262,0.977642,1,0.957933,0.978515,1,0.97372,0.986685,1,
302,0.941834,0.970046,1,0.93061,0.964058,1,0.956541,0.977788,1,0.892388,0.943135,0.974603,
303,0.941702,0.969976,1,0.942755,0.970534,1,0.926573,0.961887,0.98863,0.941533,0.969886,0.971379,
304,0.951256,0.975019,1,0.976319,0.988018,1,0.951416,0.975103,1,0.966282,0.982852,1,
305,0.970238,0.984894,1,0.964931,0.982152,1,0.948021,0.973317,1,0.961379,0.980309,1,
306,0.962095,0.980681,1,0.949464,0.974077,1,0.94941,0.974049,1,0.931481,0.964525,0.991098,
307,0.970135,0.984841,1,0.984943,0.992414,1,0.952726,0.975791,1,0.972665,0.986143,1,
308,0.965411,0.982401,1,0.937729,0.967864,1,0.951573,0.975186,1,0.944649,0.971537,1,
309,0.941198,0.969708,1,0.953795,0.976351,1,0.920084,0.958379,1,0.939177,0.968635,0.991404,
310,0.933257,0.965477,1,0.93379,0.965762,1,0.878389,0.935258,0.770425,0.926662,0.961935,0.9883,
311,0.936412,0.967162,1,0.943685,0.971026,0.963562,0.955429,0.977207,1,0.930186,0.963831,0.903614,
312,0.94917,0.973922,1,0.940262,0.969211,1,0.953472,0.976182,1,0.956522,0.977778,1,
313,0.94035,0.969258,1,0.940062,0.969105,1,0.855773,0.922282,0.747245,0.957586,0.978334,1,
314,0.945294,0.971878,1,0.96129,0.980263,1,0.729046,0.843292,0.338641,0.930824,0.964173,1,
315,0.974888,0.987284,1,0.945337,0.9719,1,0.963839,0.981587,1,0.965057,0.982218,1,
316,0.952639,0.975745,1,0.940198,0.969177,1,0.93318,0.965435,0.96129,0.935128,0.966477,1,
317,0.948527,0.973584,1,0.954592,0.976768,1,0.880572,0.936494,0.799632,0.954346,0.97664,1,
318,0.949103,0.973887,1,0.962434,0.980857,1,0.950083,0.974402,1,0.94903,0.973848,1,
319,0.953959,0.976437,1,0.935807,0.966839,1,0.958904,0.979021,1,0.947095,0.972829,1,
320,0.95258,0.975714,0.969563,0.945446,0.971958,0.866422,0.929437,0.963428,0.935258,0.935462,0.966655,0.826702,
321,0.952747,0.975802,0.944911,0.951921,0.975368,0.995454,0.872933,0.932156,0.599518,0.956989,0.978022,1,
322,0.853632,0.921037,0.552491,0.873525,0.932493,0.714028,0.910218,0.952999,0.80414,0.829801,0.906985,0.468376,
323,0.930444,0.963969,0.875248,0.958819,0.978977,0.996031,0.885363,0.939196,0.781802,0.901529,0.948215,0.805916,
324,0.931999,0.964803,0.995381,0.946309,0.972414,0.951975,0.925926,0.961538,0.971785,0.927763,0.962528,0.976905,
325,0.926222,0.961698,0.808989,0.920639,0.95868,0.954767,0.759847,0.863538,0.308198,0.956147,0.977582,1,
326,0.936193,0.967045,0.982679,0.963178,0.981244,1,0.948911,0.973786,0.97497,0.948542,0.973591,0.984923,
327,0.963716,0.981523,1,0.955525,0.977257,0.995037,0.963225,0.981268,1,0.96452,0.981939,1,
328,0.958488,0.978804,1,0.978364,0.989064,1,0.92472,0.960888,0.810111,0.951129,0.974952,1,
329,0.949319,0.974001,0.970222,0.95156,0.975179,1,0.913485,0.954787,0.854636,0.949283,0.973982,1,
330,0.973621,0.986634,1,0.964181,0.981764,1,0.919027,0.957805,0.84438,0.953867,0.976389,1,
331,0.904831,0.950038,0.936713,0.931009,0.964272,0.885353,0.902697,0.94886,0.854869,0.908481,0.952046,0.902571,
332,0.947695,0.973145,0.909214,0.952078,0.975451,1,0.930175,0.963824,0.966662,0.901503,0.948201,0.851801,
333,0.955361,0.977171,1,0.939888,0.969013,0.88894,0.920234,0.95846,0.927051,0.949865,0.974288,1,
334,0.901612,0.94826,0.816068,0.935354,0.966598,1,0.96031,0.979753,1,0.911573,0.953741,0.870006,
335,0.94866,0.973654,0.984097,0.945232,0.971845,1,0.940415,0.969292,0.950896,0.914268,0.955214,0.86819,
336,0.929163,0.963281,0.934634,0.952941,0.975904,1,0.916667,0.956522,0.832891,0.952965,0.975916,1,
337,0.934882,0.966345,0.947771,0.937268,0.967618,0.994737,0.943408,0.97088,0.984169,0.935413,0.966629,0.978836,
338,0.951767,0.975287,1,0.92381,0.960396,0.919091,0.928535,0.962943,0.844223,0.93266,0.965157,0.990403,
339,0.949457,0.974073,1,0.964629,0.981996,1,0.93025,0.963865,1,0.972669,0.986145,1,
340,0.956468,0.97775,0.995316,0.963351,0.981333,0.995316,0.955969,0.977489,1,0.959067,0.979106,1,
341,0.888965,0.941219,0.776832,0.930868,0.964196,0.829493,0.858352,0.923778,0.578279,0.943151,0.970744,0.934967,
342,0.934937,0.966375,0.872356,0.949787,0.974247,0.897417,0.804813,0.891852,0.333229,0.924768,0.960913,0.815128,
343,0.957742,0.978415,1,0.965744,0.982574,1,0.961001,0.980113,1,0.955012,0.976988,1,
344,0.969538,0.984533,1,0.973495,0.98657,1,0.948041,0.973328,1,0.956894,0.977972,1,
345,0.933666,0.965695,0.981978,0.918374,0.95745,0.987159,0.855453,0.922096,0.685536,0.878906,0.935551,0.833989,
346,0.967039,0.983243,1,0.945241,0.97185,1,0.936955,0.967452,0.930966,0.959481,0.979322,1,
347,0.954671,0.97681,0.987151,0.933388,0.965547,0.944726,0.940118,0.969135,0.853744,0.930943,0.964237,0.917207,
348,0.915415,0.95584,0.842591,0.919115,0.957853,0.968141,0.873916,0.932716,0.845332,0.946738,0.97264,0.925926,
349,0.912924,0.95448,1,0.923202,0.960067,0.946026,0.846978,0.91715,0.523299,0.89989,0.947308,0.965243,
350,0.942865,0.970592,0.995037,0.931735,0.964661,0.970588,0.921554,0.959176,0.878998,0.96191,0.980585,1,
351,0.956132,0.977574,1,0.970431,0.984994,1,0.897609,0.946042,0.763678,0.957457,0.978266,1,
352,0.948209,0.973416,1,0.970155,0.984852,1,0.930144,0.963808,1,0.952196,0.975513,1,
353,0.947814,0.973208,0.973134,0.9171,0.956757,0.816125,0.9488,0.973727,0.964204,0.946852,0.972701,0.982183,
354,0.971791,0.985694,1,0.979798,0.989796,1,0.955368,0.977175,0.958427,0.967386,0.983423,1,
355,0.931602,0.96459,0.977477,0.923204,0.960069,0.80369,0.913464,0.954775,0.921934,0.894285,0.944193,0.744347,
356,0.943653,0.97101,0.921775,0.948822,0.973739,0.900235,0.938822,0.968446,0.974193,0.950922,0.974843,1,
357,0.958142,0.978624,1,0.914203,0.955179,0.84884,0.945168,0.971811,1,0.933793,0.965763,0.959183,
358,0.947881,0.973243,0.957305,0.962114,0.980691,1,0.911667,0.953793,0.968407,0.928396,0.962869,0.962953,
359,0.907032,0.95125,0.791695,0.87616,0.933993,0.66674,0.87982,0.936069,0.735334,0.89251,0.943202,0.784355,
360,0.973808,0.98673,1,0.94287,0.970595,0.937417,0.946095,0.972301,1,0.939136,0.968613,0.954833,
361,0.944361,0.971385,1,0.961051,0.980139,1,0.92229,0.959574,0.935752,0.950448,0.974594,1,
362,0.958624,0.978875,1,0.976158,0.987935,1,0.934612,0.966201,0.943336,0.966358,0.982891,1,
363,0.85073,0.919345,0.641137,0.874713,0.93317,0.687442,0.796636,0.886809,0.534437,0.857304,0.92317,0.64033,
364,0.954105,0.976514,1,0.951001,0.974885,1,0.937772,0.967887,0.966741,0.949231,0.973954,0.976127,
365,0.953335,0.97611,1,0.915418,0.955841,0.808106,0.934943,0.966378,1,0.949787,0.974247,1,
366,0.946179,0.972345,0.990243,0.978098,0.988928,1,0.94307,0.970701,1,0.969632,0.984582,1,
367,0.942779,0.970547,1,0.95633,0.977678,1,0.910402,0.9531,0.977825,0.954015,0.976466,1,
368,0.968404,0.983948,1,0.965237,0.982311,1,0.929306,0.963358,0.994776,0.957646,0.978365,1,
369,0.946532,0.972532,0.994987,0.960057,0.979622,1,0.918858,0.957713,0.929992,0.962297,0.980786,1,
370,0.938447,0.968246,0.99074,0.955858,0.977431,1,0.917378,0.956909,0.922196,0.925891,0.961519,0.869807,
371,0.961184,0.980208,1,0.980596,0.990203,1,0.936881,0.967412,0.924623,0.95874,0.978935,1,
372,0.923677,0.960325,0.945369,0.925731,0.961433,0.903292,0.905508,0.950411,0.731612,0.944614,0.971518,0.976005,
373,0.959231,0.979192,1,0.961949,0.980606,0.980951,0.914731,0.955467,0.802466,0.942894,0.970608,0.900374,
374,0.793495,0.884859,0.523502,0.879391,0.935826,0.706544,0.945566,0.972021,0.984359,0.808094,0.893863,0.548114,
375,0.933909,0.965825,0.981328,0.945808,0.972149,0.981391,0.876399,0.934129,0.706231,0.964189,0.981768,1,
376,0.951059,0.974916,0.981982,0.958616,0.978871,1,0.939077,0.968581,0.913282,0.949316,0.973999,0.968385,
377,0.819094,0.900551,0.686695,0.780807,0.876914,0.366559,0.880105,0.93623,0.817864,0.843401,0.915049,0.717902,
378,0.947521,0.973053,0.904256,0.952519,0.975682,1,0.888195,0.940787,0.747492,0.899337,0.947001,0.806894,
379,0.886925,0.940074,0.723425,0.945886,0.97219,0.995,0.887452,0.94037,0.747397,0.873521,0.932491,0.677047,
380,0.955412,0.977198,1,0.940259,0.96921,1,0.975286,0.987488,1,0.96174,0.980497,1,
381,0.965067,0.982223,0.958236,0.964595,0.981979,1,0.948024,0.973319,0.981535,0.975297,0.987494,1,
382,0,0,0,0.119896,0.214119,0.101171,0.756368,0.861287,0.201122,0,0,0,
383,0.944116,0.971255,0.955881,0.934651,0.966222,0.94571,0.937535,0.96776,0.870647,0.952734,0.975795,1,
384,0.911702,0.953812,0.784383,0.945505,0.971989,0.990074,0.967927,0.983702,1,0.932157,0.964888,0.888901,
385,0.937594,0.967792,0.977175,0.903098,0.949082,0.994409,0.929989,0.963725,1,0.923479,0.960217,0.994302,
386,0.957075,0.978067,1,0.964343,0.981848,1,0.962855,0.981076,1,0.947573,0.973081,0.961117,
387,0.971814,0.985706,1,0.979148,0.989464,1,0.94476,0.971595,1,0.953288,0.976085,1,
388,0.960663,0.979937,1,0.960617,0.979913,1,0.946423,0.972474,1,0.96771,0.98359,1,
389,0.951529,0.975163,1,0.929051,0.963221,0.914638,0.917214,0.95682,0.880504,0.943835,0.971106,1,
390,0.953461,0.976176,0.994911,0.956776,0.97791,1,0.918754,0.957657,0.830769,0.945257,0.971858,0.97959,
391,0.81237,0.896472,0.555545,0.798302,0.88784,0.580943,0.778236,0.87529,0.438108,0.777925,0.875093,0.516324,
392,0.968603,0.984051,1,0.967663,0.983566,1,0.968449,0.983972,1,0.946773,0.972659,0.96038,
393,0.913938,0.955034,0.919879,0.938697,0.968379,0.981614,0.935169,0.966499,0.90757,0.918638,0.957594,0.920732,
394,0.957353,0.978212,1,0.949328,0.974005,1,0.956291,0.977657,1,0.949442,0.974065,1,
395,0.937755,0.967878,0.970582,0.925293,0.961197,0.902913,0.928101,0.96271,0.980186,0.925115,0.961101,0.894359,
396,0.961907,0.980584,1,0.960628,0.979919,1,0.926151,0.96166,0.932023,0.945895,0.972195,1,
397,0.951836,0.975324,1,0.932353,0.964992,0.969069,0.929764,0.963604,0.984884,0.931726,0.964656,1,
398,0.926117,0.961641,0.892564,0.94764,0.973116,1,0.919941,0.958301,0.843142,0.94811,0.973364,1,
399,0.968734,0.984119,1,0.952752,0.975804,1,0.974479,0.987075,1,0.964885,0.982129,1,
400,0.957048,0.978053,1,0.945801,0.972146,1,0.950525,0.974635,1,0.943296,0.970821,0.961854,
401,0.935474,0.966661,0.931579,0.944877,0.971657,0.989389,0.919146,0.95787,0.906194,0.928022,0.962668,0.904923,
402,0.921145,0.958954,0.857227,0.913801,0.954959,0.886175,0.95249,0.975667,1,0.908538,0.952077,0.754515,
403,0.922967,0.95994,0.817601,0.915752,0.956023,0.834012,0.936301,0.967103,0.979286,0.927454,0.962362,0.824113,
404,0,0,0,0,0,0,0.535165,0.697208,0.09275,0,0,0,
405,0.971217,0.985399,1,0.968046,0.983764,1,0.960239,0.979716,1,0.966879,0.98316,1,
406,0.936989,0.96747,1,0.961308,0.980273,1,0.901081,0.947967,0.972592,0.950899,0.974832,0.994459,
407,0.970517,0.985038,1,0.962559,0.980922,1,0.874243,0.932902,0.640794,0.953607,0.976252,1,
408,0.95959,0.979378,1,0.939927,0.969034,0.985197,0.861394,0.925537,0.622162,0.864008,0.927043,0.706146,
409,0.950574,0.974661,1,0.968705,0.984104,1,0.948441,0.973538,0.995444,0.936024,0.966955,0.963952,
410,0.946888,0.97272,1,0.965097,0.982239,1,0.91018,0.952978,0.973261,0.950408,0.974573,1,
411,0.869615,0.930261,0.67456,0.911751,0.953839,0.761326,0.860942,0.925275,0.61851,0.834112,0.909554,0.588162,
412,0.913059,0.954554,0.895792,0.923784,0.960382,0.989101,0.909582,0.95265,0.939891,0.928621,0.96299,0.917127,
413,0.949832,0.974271,1,0.964972,0.982174,1,0.898923,0.946771,0.837706,0.946409,0.972467,0.982749,
414,0.935391,0.966617,1,0.955532,0.977261,1,0.892479,0.943185,0.901937,0.927005,0.96212,0.992629,
415,0.95036,0.974548,1,0.953459,0.976175,0.966744,0.88231,0.937476,0.757685,0.947919,0.973263,0.971692,
416,0.916621,0.956497,0.865437,0.933078,0.965381,1,0.933789,0.965761,0.898528,0.881971,0.937284,0.738244,
417,0.961267,0.980251,1,0.966169,0.982793,1,0.926747,0.961981,0.963248,0.945348,0.971907,0.916443,
418,0.955065,0.977016,1,0.932642,0.965147,0.929433,0.958723,0.978926,1,0.962619,0.980954,1,
419,0.954981,0.976972,1,0.932471,0.965056,1,0.906174,0.950778,0.893808,0.883054,0.937895,0.779627,
420,0.969266,0.984393,1,0.969231,0.984375,1,0.920859,0.958799,0.973324,0.959547,0.979356,1,
421,0.929923,0.963689,0.959287,0.892154,0.943004,0.8,0.928571,0.962963,1,0.933432,0.96557,0.989822,
422,0.848887,0.918268,0.682209,0.916056,0.956189,0.855125,0.800359,0.88911,0.410752,0.918919,0.957746,0.851827,
423,0.901053,0.947952,0.88295,0.921502,0.959147,0.894276,0.938964,0.968522,1,0.920653,0.958687,0.960083,
424,0.970287,0.984919,1,0.964226,0.981787,1,0.95498,0.976971,1,0.95859,0.978857,1,
425,0.9227,0.959796,0.888302,0.90096,0.9479,0.684457,0.935475,0.966662,0.945112,0.917805,0.957141,0.848824,
426,0.923903,0.960447,0.979433,0.920997,0.958874,0.916456,0.871152,0.93114,0.778683,0.911411,0.953653,0.994922,
427,0.954027,0.976473,1,0.966148,0.982783,1,0.945304,0.971883,1,0.95149,0.975142,1,
428,0.922769,0.959833,1,0.939358,0.968731,1,0.92678,0.961999,1,0.948929,0.973795,1,
429,0.959492,0.979327,1,0.932016,0.964812,0.951323,0.922651,0.959769,0.901939,0.928079,0.962698,0.943601,
430,0.930645,0.964077,0.882883,0.961817,0.980537,1,0.928858,0.963117,0.9375,0.948735,0.973693,0.986454,
431,0.970399,0.984977,1,0.962371,0.980825,1,0.96323,0.98127,1,0.971809,0.985703,1,
432,0.803858,0.891265,0.335937,0.817788,0.899762,0.371796,0.845513,0.916291,0.560707,0.821255,0.901856,0.477615,
433,0.938525,0.968288,0.952126,0.938148,0.968087,0.941641,0.947085,0.972823,1,0.954126,0.976524,0.957446,
434,0.840144,0.913129,0.750897,0.875143,0.933415,0.655723,0.953212,0.976046,1,0.861268,0.925464,0.71293,
435,0.905212,0.950248,0.906781,0.927282,0.962269,1,0.931026,0.964281,0.981349,0.892909,0.943425,0.770446,
436,0.952314,0.975575,1,0.947515,0.97305,1,0.964927,0.982151,1,0.96603,0.982722,1,
437,0.891801,0.942807,0.720135,0.914485,0.955332,0.929459,0.8971,0.945759,0.78636,0.897822,0.946161,0.819881,
438,0.843564,0.915145,0.603255,0.875584,0.933665,0.709494,0.898317,0.946435,0.791938,0.844394,0.915633,0.72974,
439,0.949013,0.973839,0.990719,0.960813,0.980015,0.993124,0.890926,0.942317,0.730721,0.966131,0.982774,1,
440,0.949596,0.974146,0.99511,0.951286,0.975035,1,0.940022,0.969084,1,0.950147,0.974436,1,
441,0.973362,0.986501,1,0.937984,0.968,0.914058,0.933177,0.965434,0.918072,0.965864,0.982636,1,
442,0.959061,0.979103,1,0.97333,0.986485,1,0.952264,0.975549,0.986122,0.963141,0.981224,1,
443,0.839073,0.912495,0.677377,0.879986,0.936162,0.761289,0.944444,0.971429,1,0.857384,0.923217,0.649754,
444,0.941849,0.970054,0.967213,0.954043,0.976481,1,0.931161,0.964353,0.972782,0.945608,0.972044,1,
445,0.927208,0.962229,0.989189,0.904808,0.950025,0.923625,0.916263,0.956302,0.896923,0.901942,0.948443,0.945345,
446,0.916229,0.956284,0.75716,0.919543,0.958085,0.825112,0.872289,0.931789,0.549813,0.921525,0.95916,0.865149,
447,0.93556,0.966707,0.961676,0.920952,0.958849,0.942649,0.949251,0.973965,1,0.944343,0.971375,1,
448,0.938497,0.968273,0.947619,0.978393,0.989079,1,0.923431,0.960191,0.89356,0.953477,0.976184,1,
449,0.963809,0.981571,1,0.976254,0.987984,1,0.93474,0.96627,1,0.956121,0.977568,0.953226,
450,0.940949,0.969576,1,0.924419,0.960725,1,0.927831,0.962565,0.980638,0.962244,0.980759,1,
451,0.963063,0.981184,1,0.95519,0.977082,1,0.967934,0.983706,1,0.975074,0.98738,1,
452,0.94411,0.971252,1,0.963171,0.98124,1,0.959539,0.979352,1,0.963106,0.981206,1,
453,0.947438,0.973009,1,0.891706,0.942753,0.80198,0.872855,0.932112,0.732752,0.889842,0.94171,0.800075,
454,0.952478,0.975661,1,0.917912,0.957199,0.805258,0.956231,0.977626,1,0.958186,0.978646,1,
455,0.936096,0.966993,0.970889,0.962691,0.980991,1,0.924731,0.960894,1,0.949407,0.974047,1,
456,0.959565,0.979365,1,0.950533,0.974639,1,0.926382,0.961784,0.914761,0.962127,0.980698,1,
457,0.950847,0.974804,0.950049,0.937958,0.967986,0.950582,0.937937,0.967975,0.959183,0.958949,0.979044,0.963759,
458,0.939413,0.96876,0.935971,0.939543,0.96883,0.944378,0.897808,0.946153,0.819927,0.937655,0.967825,0.94168,
459,0.898658,0.946625,0.730365,0.882786,0.937745,0.637413,0.869979,0.930469,0.592496,0.921882,0.959354,0.873861,
460,0.952355,0.975596,1,0.924274,0.960647,1,0.96248,0.980881,1,0.934352,0.966062,0.980244,
461,0.934538,0.966161,0.911602,0.919806,0.958228,0.877202,0.937139,0.96755,1,0.906777,0.95111,0.816721,
462,0.949598,0.974148,1,0.958242,0.978676,1,0.946494,0.972512,1,0.956361,0.977694,1,
463,0.9086,0.952112,0.925023,0.910412,0.953106,0.866717,0.884338,0.938619,0.718367,0.924828,0.960946,0.943501,
464,0.94417,0.971283,1,0.929487,0.963455,0.969543,0.935239,0.966536,0.974617,0.944785,0.971609,1,
465,0.951106,0.97494,1,0.970084,0.984815,1,0.857036,0.923015,0.628607,0.958926,0.979032,1,
466,0.927694,0.962491,0.877836,0.896965,0.945684,0.732323,0.894621,0.94438,0.775485,0.918489,0.957513,0.893401,
467,0.95378,0.976343,1,0.952637,0.975744,1,0.925243,0.96117,0.967204,0.953621,0.97626,1,
468,0.907687,0.95161,0.866116,0.867624,0.92912,0.648769,0.891583,0.942685,0.840539,0.882638,0.937661,0.780914,
469,0.969423,0.984474,1,0.966012,0.982712,1,0.919504,0.958064,0.878506,0.949929,0.974322,0.985111,
470,0.93449,0.966136,0.89,0.884939,0.938958,0.733659,0.914864,0.955539,0.793963,0.944352,0.97138,1,
471,0.931529,0.964551,0.944511,0.923292,0.960116,0.834825,0.928677,0.96302,0.924253,0.91984,0.958247,0.99537,
472,0.897354,0.945901,0.765268,0.893885,0.94397,0.757576,0.908539,0.952078,0.777538,0.907089,0.951281,0.798724,
473,0.89523,0.944719,0.968973,0.86769,0.929158,0.76875,0.805844,0.892485,0.392249,0.889218,0.941361,0.912701,
474,0.957298,0.978183,1,0.949087,0.973879,1,0.903184,0.949129,0.889784,0.936765,0.96735,1,
475,0.940762,0.969477,0.990336,0.958742,0.978936,1,0.962003,0.980633,1,0.96462,0.981992,1,
476,0.932858,0.965263,0.917933,0.957063,0.978061,1,0.876553,0.934216,0.865905,0.920033,0.958351,0.972642,
477,0.926094,0.961629,0.831545,0.940645,0.969415,0.812687,0.878332,0.935225,0.655845,0.91633,0.956339,0.793327,
478,0.941013,0.96961,0.977973,0.908739,0.952188,0.786472,0.851796,0.919967,0.488764,0.892212,0.943036,0.764666,
479,0.965205,0.982295,1,0.968053,0.983767,1,0.914831,0.955521,0.958134,0.971231,0.985406,1,
480,1,1,1,1,1,1,1,1,1,1,1,1,
481,1,1,1,1,1,1,1,1,1,1,1,1,
482,1,1,1,1,1,1,1,1,1,1,1,1,
483,1,1,1,1,1,1,1,1,1,1,1,1,
484,1,1,1,1,1,1,1,1,1,1,1,1,
485,1,1,1,1,1,1,1,1,1,1,1,1,
486,1,1,1,1,1,1,1,1,1,1,1,1,
487,1,1,1,1,1,1,1,1,1,1,1,1,
488,1,1,1,1,1,1,1,1,1,1,1,1,
489,1,1,1,1,1,1,1,1,1,1,1,1,
490,1,1,1,1,1,1,1,1,1,1,1,1,
491,1,1,1,1,1,1,1,1,1,1,1,1,
492,1,1,1,1,1,1,1,1,1,1,1,1,
493,1,1,1,1,1,1,1,1,1,1,1,1,
494,1,1,1,1,1,1,1,1,1,1,1,1,
495,1,1,1,1,1,1,1,1,1,1,1,1,
496,1,1,1,1,1,1,1,1,1,1,1,1,
497,1,1,1,1,1,1,1,1,1,1,1,1,
498,1,1,1,1,1,1,1,1,1,1,1,1,
499,1,1,1,1,1,1,1,1,1,1,1,1,
500,1,1,1,1,1,1,1,1,1,1,1,1,
501,1,1,1,1,1,1,1,1,1,1,1,1,
502,1,1,1,1,1,1,1,1,1,1,1,1,
503,1,1,1,1,1,1,1,1,1,1,1,1,
504,1,1,1,1,1,1,1,1,1,1,1,1,
505,1,1,1,1,1,1,1,1,1,1,1,1,
506,1,1,1,1,1,1,1,1,1,1,1,1,
507,1,1,1,1,1,1,1,1,1,1,1,1,
508,1,1,1,1,1,1,1,1,1,1,1,1,
509,1,1,1,1,1,1,1,1,1,1,1,1,
510,1,1,1,1,1,1,1,1,1,1,1,1,
511,1,1,1,1,1,1,1,1,1,1,1,1,
512,1,1,1,1,1,1,1,1,1,1,1,1,
513,1,1,1,1,1,1,1,1,1,1,1,1,
514,1,1,1,1,1,1,1,1,1,1,1,1,
515,1,1,1,1,1,1,1,1,1,1,1,1,
516,1,1,1,1,1,1,1,1,1,1,1,1,
517,1,1,1,1,1,1,1,1,1,1,1,1,
518,1,1,1,1,1,1,1,1,1,1,1,1,
519,1,1,1,1,1,1,1,1,1,1,1,1,
520,1,1,1,1,1,1,1,1,1,1,1,1,
521,1,1,1,0,0,0,1,1,1,1,1,1,
522,1,1,1,1,1,1,1,1,1,1,1,1,
523,1,1,1,1,1,1,1,1,1,1,1,1,
524,1,1,1,1,1,1,1,1,1,1,1,1,
525,1,1,1,1,1,1,1,1,1,1,1,1,
526,1,1,1,1,1,1,1,1,1,1,1,1,
527,1,1,1,1,1,1,1,1,1,1,1,1,
528,1,1,1,1,1,1,1,1,1,1,1,1,
529,1,1,1,1,1,1,1,1,1,1,1,1,
530,1,1,1,1,1,1,1,1,1,1,1,1,
531,1,1,1,1,1,1,1,1,1,1,1,1,
532,1,1,1,1,1,1,1,1,1,1,1,1,
533,1,1,1,1,1,1,1,1,1,1,1,1,
534,1,1,1,1,1,1,1,1,1,1,1,1,
535,1,1,1,1,1,1,1,1,1,1,1,1,
536,1,1,1,1,1,1,1,1,1,1,1,1,
537,1,1,1,1,1,1,1,1,1,1,1,1,
538,1,1,1,1,1,1,1,1,1,1,1,1,
539,1,1,1,1,1,1,1,1,1,1,1,1,
540,1,1,1,1,1,1,1,1,1,1,1,1,
541,1,1,1,1,1,1,1,1,1,1,1,1,
542,1,1,1,1,1,1,1,1,1,1,1,1,
543,1,1,1,1,1,1,1,1,1,1,1,1,
544,1,1,1,1,1,1,1,1,1,1,1,1,
545,1,1,1,1,1,1,1,1,1,1,1,1,
546,1,1,1,1,1,1,1,1,1,1,1,1,
547,1,1,1,1,1,1,1,1,1,1,1,1,
548,1,1,1,1,1,1,1,1,1,1,1,1,
549,1,1,1,1,1,1,1,1,1,1,1,1,
550,1,1,1,1,1,1,1,1,1,1,1,1,
551,1,1,1,1,1,1,1,1,1,1,1,1,
552,1,1,1,1,1,1,1,1,1,1,1,1,
553,1,1,1,1,1,1,1,1,1,1,1,1,
554,1,1,1,1,1,1,1,1,1,1,1,1,
555,1,1,1,1,1,1,1,1,1,1,1,1,
556,1,1,1,1,1,1,1,1,1,1,1,1,
557,1,1,1,1,1,1,1,1,1,1,1,1,
558,1,1,1,1,1,1,1,1,1,1,1,1,
559,1,1,1,1,1,1,1,1,1,1,1,1,
560,1,1,1,1,1,1,1,1,1,1,1,1,
561,1,1,1,1,1,1,1,1,1,1,1,1,
562,1,1,1,1,1,1,1,1,1,1,1,1,
563,1,1,1,1,1,1,1,1,1,1,1,1,
564,1,1,1,1,1,1,1,1,1,1,1,1,
565,1,1,1,1,1,1,1,1,1,1,1,1,
566,1,1,1,1,1,1,1,1,1,1,1,1,
567,1,1,1,1,1,1,1,1,1,1,1,1,
568,1,1,1,1,1,1,1,1,1,1,1,1,
569,1,1,1,1,1,1,1,1,1,1,1,1,
570,1,1,1,1,1,1,1,1,1,1,1,1,
571,1,1,1,1,1,1,1,1,1,1,1,1,
572,1,1,1,1,1,1,1,1,1,1,1,1,
573,1,1,1,1,1,1,1,1,1,1,1,1,
574,1,1,1,1,1,1,1,1,1,1,1,1,
575,1,1,1,1,1,1,1,1,1,1,1,1,
576,1,1,1,1,1,1,1,1,1,1,1,1,
577,1,1,1,1,1,1,1,1,1,1,1,1,
578,1,1,1,1,1,1,1,1,1,1,1,1,
579,1,1,1,1,1,1,1,1,1,1,1,1,
580,1,1,1,1,1,1,1,1,1,1,1,1,
581,1,1,1,1,1,1,1,1,1,1,1,1,
582,1,1,1,1,1,1,1,1,1,1,1,1,
583,1,1,1,1,1,1,1,1,1,1,1,1,
584,1,1,1,1,1,1,1,1,1,1,1,1,
585,1,1,1,1,1,1,1,1,1,1,1,1,
586,1,1,1,1,1,1,1,1,1,1,1,1,
587,1,1,1,1,1,1,1,1,1,1,1,1,
588,1,1,1,1,1,1,1,1,1,1,1,1,
589,1,1,1,1,1,1,1,1,1,1,1,1,
590,1,1,1,1,1,1,1,1,1,1,1,1,
591,1,1,1,1,1,1,1,1,1,1,1,1,
592,1,1,1,1,1,1,1,1,1,1,1,1,
593,1,1,1,1,1,1,1,1,1,1,1,1,
594,1,1,1,1,1,1,1,1,1,1,1,1,
595,1,1,1,1,1,1,1,1,1,1,1,1,
596,1,1,1,1,1,1,1,1,1,1,1,1,
597,1,1,1,1,1,1,1,1,1,1,1,1,
598,1,1,1,1,1,1,1,1,1,1,1,1,
599,1,1,1,1,1,1,1,1,1,1,1,1,
600,1,1,1,1,1,1,1,1,1,1,1,1,
601,1,1,1,1,1,1,1,1,1,1,1,1,
602,1,1,1,1,1,1,1,1,1,1,1,1,
603,1,1,1,1,1,1,1,1,1,1,1,1,
604,1,1,1,1,1,1,1,1,1,1,1,1,
605,1,1,1,1,1,1,1,1,1,1,1,1,
606,1,1,1,1,1,1,1,1,1,1,1,1,
607,1,1,1,1,1,1,1,1,1,1,1,1,
608,1,1,1,1,1,1,1,1,1,1,1,1,
609,1,1,1,1,1,1,1,1,1,1,1,1,
610,1,1,1,1,1,1,1,1,1,1,1,1,
611,1,1,1,1,1,1,1,1,1,1,1,1,
612,1,1,1,1,1,1,1,1,1,1,1,1,
613,1,1,1,1,1,1,1,1,1,1,1,1,
614,1,1,1,1,1,1,1,1,1,1,1,1,
615,1,1,1,1,1,1,1,1,1,1,1,1,
616,1,1,1,1,1,1,1,1,1,1,1,1,
617,1,1,1,1,1,1,1,1,1,1,1,1,
618,1,1,1,1,1,1,1,1,1,1,1,1,
619,1,1,1,1,1,1,1,1,1,1,1,1,
620,1,1,1,1,1,1,1,1,1,1,1,1,
621,1,1,1,1,1,1,1,1,1,1,1,1,
622,1,1,1,1,1,1,1,1,1,1,1,1,
623,1,1,1,1,1,1,1,1,1,1,1,1,
624,1,1,1,1,1,1,1,1,1,1,1,1,
625,1,1,1,1,1,1,1,1,1,1,1,1,
626,1,1,1,1,1,1,1,1,1,1,1,1,
627,1,1,1,1,1,1,1,1,1,1,1,1,
628,1,1,1,1,1,1,1,1,1,1,1,1,
629,1,1,1,1,1,1,1,1,1,1,1,1,
630,1,1,1,1,1,1,1,1,1,1,1,1,
631,1,1,1,1,1,1,1,1,1,1,1,1,
632,1,1,1,1,1,1,1,1,1,1,1,1,
633,1,1,1,1,1,1,1,1,1,1,1,1,
634,1,1,1,1,1,1,1,1,1,1,1,1,
635,1,1,1,1,1,1,1,1,1,1,1,1,
636,1,1,1,1,1,1,1,1,1,1,1,1,
637,1,1,1,1,1,1,1,1,1,1,1,1,
638,1,1,1,1,1,1,1,1,1,1,1,1,
639,1,1,1,1,1,1,1,1,1,1,1,1,
640,1,1,1,1,1,1,1,1,1,1,1,1,
641,1,1,1,1,1,1,1,1,1,1,1,1,
642,1,1,1,1,1,1,1,1,1,1,1,1,
643,1,1,1,1,1,1,1,1,1,1,1,1,
644,1,1,1,1,1,1,1,1,1,1,1,1,
645,1,1,1,1,1,1,1,1,1,1,1,1,
646,1,1,1,1,1,1,1,1,1,1,1,1,
647,1,1,1,1,1,1,1,1,1,1,1,1,
648,1,1,1,1,1,1,1,1,1,1,1,1,
649,1,1,1,1,1,1,1,1,1,1,1,1,
650,1,1,1,1,1,1,1,1,1,1,1,1,
651,1,1,1,1,1,1,1,1,1,1,1,1,
652,1,1,1,1,1,1,1,1,1,1,1,1,
653,1,1,1,1,1,1,1,1,1,1,1,1,
654,1,1,1,1,1,1,1,1,1,1,1,1,
655,1,1,1,1,1,1,1,1,1,1,1,1,
656,1,1,1,1,1,1,1,1,1,1,1,1,
657,1,1,1,1,1,1,1,1,1,1,1,1,
658,1,1,1,1,1,1,1,1,1,1,1,1,
659,1,1,1,1,1,1,1,1,1,1,1,1,
660,1,1,1,1,1,1,1,1,1,1,1,1,
661,1,1,1,1,1,1,1,1,1,1,1,1,
662,1,1,1,1,1,1,1,1,1,1,1,1,
663,1,1,1,1,1,1,1,1,1,1,1,1,
664,1,1,1,1,1,1,1,1,1,1,1,1,
665,1,1,1,1,1,1,1,1,1,1,1,1,
666,1,1,1,1,1,1,1,1,1,1,1,1,
667,1,1,1,1,1,1,1,1,1,1,1,1,
668,1,1,1,1,1,1,1,1,1,1,1,1,
669,1,1,1,1,1,1,1,1,1,1,1,1,
670,1,1,1,1,1,1,1,1,1,1,1,1,
671,1,1,1,1,1,1,1,1,1,1,1,1,
672,1,1,1,1,1,1,1,1,1,1,1,1,
673,1,1,1,1,1,1,1,1,1,1,1,1,
674,1,1,1,1,1,1,1,1,1,1,1,1,
675,1,1,1,1,1,1,1,1,1,1,1,1,
676,1,1,1,1,1,1,1,1,1,1,1,1,
677,1,1,1,1,1,1,1,1,1,1,1,1,
678,1,1,1,1,1,1,1,1,1,1,1,1,
679,1,1,1,1,1,1,1,1,1,1,1,1,
680,1,1,1,1,1,1,1,1,1,1,1,1,
681,1,1,1,1,1,1,1,1,1,1,1,1,
682,1,1,1,1,1,1,1,1,1,1,1,1,
683,1,1,1,1,1,1,1,1,1,1,1,1,
684,1,1,1,1,1,1,1,1,1,1,1,1,
685,1,1,1,1,1,1,1,1,1,1,1,1,
686,1,1,1,1,1,1,1,1,1,1,1,1,
687,1,1,1,1,1,1,1,1,1,1,1,1,
688,1,1,1,1,1,1,1,1,1,1,1,1,
689,1,1,1,1,1,1,1,1,1,1,1,1,
690,1,1,1,1,1,1,1,1,1,1,1,1,
691,1,1,1,1,1,1,1,1,1,1,1,1,
692,1,1,1,1,1,1,1,1,1,1,1,1,
693,1,1,1,1,1,1,1,1,1,1,1,1,
694,1,1,1,1,1,1,1,1,1,1,1,1,
695,1,1,1,1,1,1,1,1,1,1,1,1,
696,1,1,1,1,1,1,1,1,1,1,1,1,
697,1,1,1,1,1,1,1,1,1,1,1,1,
698,1,1,1,1,1,1,1,1,1,1,1,1,
699,1,1,1,1,1,1,1,1,1,1,1,1,
700,1,1,1,1,1,1,1,1,1,1,1,1,
701,1,1,1,1,1,1,1,1,1,1,1,1,
702,1,1,1,1,1,1,1,1,1,1,1,1,
703,1,1,1,1,1,1,1,1,1,1,1,1,
704,1,1,1,1,1,1,1,1,1,1,1,1,
705,1,1,1,1,1,1,1,1,1,1,1,1,
706,1,1,1,1,1,1,1,1,1,1,1,1,
707,1,1,1,1,1,1,1,1,1,1,1,1,
708,1,1,1,1,1,1,1,1,1,1,1,1,
709,1,1,1,1,1,1,1,1,1,1,1,1,
710,1,1,1,1,1,1,1,1,1,1,1,1,
711,1,1,1,1,1,1,1,1,1,1,1,1,
712,1,1,1,1,1,1,1,1,1,1,1,1,
713,1,1,1,1,1,1,1,1,1,1,1,1,
714,1,1,1,1,1,1,1,1,1,1,1,1,
715,1,1,1,1,1,1,1,1,1,1,1,1,
716,1,1,1,1,1,1,1,1,1,1,1,1,
717,1,1,1,1,1,1,1,1,1,1,1,1,
718,1,1,1,1,1,1,1,1,1,1,1,1,
719,1,1,1,1,1,1,1,1,1,1,1,1,
720,1,1,1,1,1,1,1,1,1,1,1,1,
721,1,1,1,1,1,1,1,1,1,1,1,1,
722,1,1,1,1,1,1,1,1,1,1,1,1,
723,1,1,1,1,1,1,1,1,1,1,1,1,
724,1,1,1,1,1,1,1,1,1,1,1,1,
725,1,1,1,1,1,1,1,1,1,1,1,1,
726,1,1,1,1,1,1,1,1,1,1,1,1,
727,1,1,1,1,1,1,1,1,1,1,1,1,
728,1,1,1,1,1,1,1,1,1,1,1,1,
729,1,1,1,1,1,1,1,1,1,1,1,1,
730,1,1,1,1,1,1,1,1,1,1,1,1,
731,1,1,1,1,1,1,1,1,1,1,1,1,
732,1,1,1,1,1,1,1,1,1,1,1,1,
733,1,1,1,1,1,1,1,1,1,1,1,1,
734,1,1,1,1,1,1,1,1,1,1,1,1,
735,1,1,1,1,1,1,1,1,1,1,1,1,
736,1,1,1,1,1,1,1,1,1,1,1,1,
737,1,1,1,1,1,1,1,1,1,1,1,1,
738,1,1,1,1,1,1,1,1,1,1,1,1,
739,1,1,1,1,1,1,1,1,1,1,1,1,
740,1,1,1,1,1,1,1,1,1,1,1,1,
741,1,1,1,1,1,1,1,1,1,1,1,1,
742,1,1,1,1,1,1,1,1,1,1,1,1,
743,1,1,1,1,1,1,1,1,1,1,1,1,
744,1,1,1,1,1,1,1,1,1,1,1,1,
745,1,1,1,1,1,1,1,1,1,1,1,1,
746,1,1,1,1,1,1,1,1,1,1,1,1,
747,1,1,1,1,1,1,1,1,1,1,1,1,
748,1,1,1,1,1,1,1,1,1,1,1,1,
749,1,1,1,1,1,1,1,1,1,1,1,1,
750,1,1,1,1,1,1,1,1,1,1,1,1,
751,1,1,1,1,1,1,1,1,1,1,1,1,
752,1,1,1,1,1,1,1,1,1,1,1,1,
753,1,1,1,1,1,1,1,1,1,1,1,1,
754,1,1,1,1,1,1,1,1,1,1,1,1,
755,1,1,1,1,1,1,1,1,1,1,1,1,
756,1,1,1,1,1,1,1,1,1,1,1,1,
757,1,1,1,1,1,1,1,1,1,1,1,1,
758,1,1,1,1,1,1,1,1,1,1,1,1,
759,1,1,1,1,1,1,1,1,1,1,1,1,
760,1,1,1,1,1,1,1,1,1,1,1,1,
761,1,1,1,1,1,1,1,1,1,1,1,1,
762,1,1,1,1,1,1,1,1,1,1,1,1,
763,1,1,1,1,1,1,1,1,1,1,1,1,
764,1,1,1,1,1,1,1,1,1,1,1,1,
765,1,1,1,1,1,1,1,1,1,1,1,1,
766,1,1,1,1,1,1,1,1,1,1,1,1,
767,1,1,1,1,1,1,1,1,1,1,1,1,
768,1,1,1,1,1,1,1,1,1,1,1,1,
769,1,1,1,1,1,1,1,1,1,1,1,1,
770,1,1,1,1,1,1,1,1,1,1,1,1,
771,1,1,1,1,1,1,1,1,1,1,1,1,
772,1,1,1,1,1,1,1,1,1,1,1,1,
773,1,1,1,1,1,1,1,1,1,1,1,1,
774,1,1,1,1,1,1,1,1,1,1,1,1,
775,1,1,1,1,1,1,1,1,1,1,1,1,
776,1,1,1,1,1,1,1,1,1,1,1,1,
777,1,1,1,1,1,1,1,1,1,1,1,1,
778,1,1,1,1,1,1,1,1,1,1,1,1,
779,1,1,1,1,1,1,1,1,1,1,1,1,
780,1,1,1,1,1,1,1,1,1,1,1,1,
781,1,1,1,1,1,1,1,1,1,1,1,1,
782,1,1,1,1,1,1,1,1,1,1,1,1,
783,1,1,1,1,1,1,1,1,1,1,1,1,
784,1,1,1,1,1,1,1,1,1,1,1,1,
785,1,1,1,1,1,1,1,1,1,1,1,1,
786,1,1,1,1,1,1,1,1,1,1,1,1,
787,1,1,1,1,1,1,1,1,1,1,1,1,
788,1,1,1,1,1,1,1,1,1,1,1,1,
789,1,1,1,1,1,1,1,1,1,1,1,1,
790,1,1,1,1,1,1,1,1,1,1,1,1,
791,1,1,1,1,1,1,1,1,1,1,1,1,
792,1,1,1,1,1,1,1,1,1,1,1,1,
793,1,1,1,1,1,1,1,1,1,1,1,1,
794,1,1,1,1,1,1,1,1,1,1,1,1,
795,1,1,1,1,1,1,1,1,1,1,1,1,
796,1,1,1,1,1,1,1,1,1,1,1,1,
797,1,1,1,1,1,1,1,1,1,1,1,1,
798,1,1,1,1,1,1,1,1,1,1,1,1,
799,1,1,1,1,1,1,1,1,1,1,1,1,
800,1,1,1,1,1,1,1,1,1,1,1,1,
801,1,1,1,1,1,1,1,1,1,1,1,1,
802,1,1,1,1,1,1,1,1,1,1,1,1,
803,1,1,1,1,1,1,1,1,1,1,1,1,
804,1,1,1,1,1,1,1,1,1,1,1,1,
805,1,1,1,1,1,1,1,1,1,1,1,1,
806,1,1,1,1,1,1,1,1,1,1,1,1,
807,1,1,1,1,1,1,1,1,1,1,1,1,
808,1,1,1,1,1,1,1,1,1,1,1,1,
809,1,1,1,1,1,1,1,1,1,1,1,1,
810,1,1,1,1,1,1,1,1,1,1,1,1,
811,1,1,1,1,1,1,1,1,1,1,1,1,
812,1,1,1,1,1,1,1,1,1,1,1,1,
813,1,1,1,1,1,1,1,1,1,1,1,1,
814,1,1,1,1,1,1,1,1,1,1,1,1,
815,1,1,1,1,1,1,1,1,1,1,1,1,
816,1,1,1,1,1,1,1,1,1,1,1,1,
817,1,1,1,1,1,1,1,1,1,1,1,1,
818,1,1,1,1,1,1,1,1,1,1,1,1,
819,1,1,1,1,1,1,1,1,1,1,1,1,
820,1,1,1,1,1,1,1,1,1,1,1,1,
821,1,1,1,1,1,1,1,1,1,1,1,1,
822,1,1,1,1,1,1,1,1,1,1,1,1,
823,1,1,1,1,1,1,1,1,1,1,1,1,
824,1,1,1,1,1,1,1,1,1,1,1,1,
825,1,1,1,1,1,1,1,1,1,1,1,1,
826,1,1,1,1,1,1,1,1,1,1,1,1,
827,1,1,1,1,1,1,1,1,1,1,1,1,
828,1,1,1,1,1,1,1,1,1,1,1,1,
829,1,1,1,1,1,1,1,1,1,1,1,1,
830,1,1,1,1,1,1,1,1,1,1,1,1,
831,1,1,1,1,1,1,1,1,1,1,1,1,
832,1,1,1,1,1,1,1,1,1,1,1,1,
833,1,1,1,1,1,1,1,1,1,1,1,1,
834,1,1,1,1,1,1,1,1,1,1,1,1,
835,1,1,1,1,1,1,1,1,1,1,1,1,
836,1,1,1,1,1,1,1,1,1,1,1,1,
837,1,1,1,1,1,1,1,1,1,1,1,1,
838,1,1,1,1,1,1,1,1,1,1,1,1,
839,1,1,1,1,1,1,1,1,1,1,1,1,
840,1,1,1,1,1,1,1,1,1,1,1,1,
841,1,1,1,1,1,1,1,1,1,1,1,1,
842,1,1,1,1,1,1,1,1,1,1,1,1,
843,1,1,1,1,1,1,1,1,1,1,1,1,
844,1,1,1,1,1,1,1,1,1,1,1,1,
845,1,1,1,1,1,1,1,1,1,1,1,1,
846,1,1,1,1,1,1,1,1,1,1,1,1,
847,1,1,1,1,1,1,1,1,1,1,1,1,
848,1,1,1,1,1,1,1,1,1,1,1,1,
849,1,1,1,1,1,1,1,1,1,1,1,1,
850,1,1,1,1,1,1,1,1,1,1,1,1,
851,1,1,1,1,1,1,1,1,1,1,1,1,
852,1,1,1,1,1,1,1,1,1,1,1,1,
853,1,1,1,1,1,1,1,1,1,1,1,1,
854,1,1,1,1,1,1,1,1,1,1,1,1,
855,1,1,1,1,1,1,1,1,1,1,1,1,
856,1,1,1,1,1,1,1,1,1,1,1,1,
857,1,1,1,1,1,1,1,1,1,1,1,1,
858,1,1,1,1,1,1,1,1,1,1,1,1,
859,1,1,1,1,1,1,1,1,1,1,1,1,
860,1,1,1,1,1,1,1,1,1,1,1,1,
861,1,1,1,1,1,1,1,1,1,1,1,1,
862,1,1,1,1,1,1,1,1,1,1,1,1,
863,1,1,1,1,1,1,1,1,1,1,1,1,
864,1,1,1,1,1,1,1,1,1,1,1,1,
865,1,1,1,1,1,1,1,1,1,1,1,1,
866,1,1,1,1,1,1,1,1,1,1,1,1,
867,1,1,1,1,1,1,1,1,1,1,1,1,
868,1,1,1,1,1,1,1,1,1,1,1,1,
869,1,1,1,1,1,1,1,1,1,1,1,1,
870,1,1,1,1,1,1,1,1,1,1,1,1,
871,1,1,1,1,1,1,1,1,1,1,1,1,
872,1,1,1,1,1,1,1,1,1,1,1,1,
873,1,1,1,1,1,1,1,1,1,1,1,1,
874,1,1,1,1,1,1,1,1,1,1,1,1,
875,1,1,1,1,1,1,1,1,1,1,1,1,
876,1,1,1,1,1,1,1,1,1,1,1,1,
877,1,1,1,1,1,1,1,1,1,1,1,1,
878,1,1,1,1,1,1,1,1,1,1,1,1,
879,1,1,1,1,1,1,1,1,1,1,1,1,
880,1,1,1,1,1,1,1,1,1,1,1,1,
881,1,1,1,1,1,1,1,1,1,1,1,1,
882,1,1,1,1,1,1,1,1,1,1,1,1,
883,1,1,1,1,1,1,1,1,1,1,1,1,
884,1,1,1,1,1,1,1,1,1,1,1,1,
885,1,1,1,1,1,1,1,1,1,1,1,1,
886,1,1,1,1,1,1,1,1,1,1,1,1,
887,1,1,1,1,1,1,1,1,1,1,1,1,
888,1,1,1,1,1,1,1,1,1,1,1,1,
889,1,1,1,1,1,1,1,1,1,1,1,1,
890,1,1,1,1,1,1,1,1,1,1,1,1,
891,1,1,1,1,1,1,1,1,1,1,1,1,
892,1,1,1,1,1,1,1,1,1,1,1,1,
893,1,1,1,1,1,1,1,1,1,1,1,1,
894,1,1,1,1,1,1,1,1,1,1,1,1,
895,1,1,1,1,1,1,1,1,1,1,1,1,
896,1,1,1,1,1,1,1,1,1,1,1,1,
897,1,1,1,1,1,1,1,1,1,1,1,1,
898,1,1,1,1,1,1,1,1,1,1,1,1,
899,1,1,1,1,1,1,1,1,1,1,1,1,
900,1,1,1,1,1,1,1,1,1,1,1,1,
901,1,1,1,1,1,1,1,1,1,1,1,1,
902,1,1,1,1,1,1,1,1,1,1,1,1,
903,1,1,1,1,1,1,1,1,1,1,1,1,
904,1,1,1,1,1,1,1,1,1,1,1,1,
905,1,1,1,1,1,1,1,1,1,1,1,1,
906,1,1,1,1,1,1,1,1,1,1,1,1,
907,1,1,1,1,1,1,1,1,1,1,1,1,
908,1,1,1,1,1,1,1,1,1,1,1,1,
909,1,1,1,1,1,1,1,1,1,1,1,1,
910,1,1,1,1,1,1,1,1,1,1,1,1,
911,1,1,1,1,1,1,1,1,1,1,1,1,
912,1,1,1,1,1,1,1,1,1,1,1,1,
913,1,1,1,1,1,1,1,1,1,1,1,1,
914,1,1,1,1,1,1,1,1,1,1,1,1,
915,1,1,1,1,1,1,1,1,1,1,1,1,
916,1,1,1,1,1,1,1,1,1,1,1,1,
917,1,1,1,1,1,1,1,1,1,1,1,1,
918,1,1,1,1,1,1,1,1,1,1,1,1,
919,1,1,1,1,1,1,1,1,1,1,1,1,
920,1,1,1,1,1,1,1,1,1,1,1,1,
921,1,1,1,1,1,1,1,1,1,1,1,1,
922,1,1,1,1,1,1,1,1,1,1,1,1,
923,1,1,1,1,1,1,1,1,1,1,1,1,
924,1,1,1,1,1,1,1,1,1,1,1,1,
925,1,1,1,1,1,1,1,1,1,1,1,1,
926,1,1,1,1,1,1,1,1,1,1,1,1,
927,1,1,1,1,1,1,1,1,1,1,1,1,
928,1,1,1,1,1,1,1,1,1,1,1,1,
929,1,1,1,1,1,1,1,1,1,1,1,1,
930,1,1,1,1,1,1,1,1,1,1,1,1,
931,1,1,1,1,1,1,1,1,1,1,1,1,
932,1,1,1,1,1,1,1,1,1,1,1,1,
933,1,1,1,1,1,1,1,1,1,1,1,1,
934,1,1,1,1,1,1,1,1,1,1,1,1,
935,1,1,1,1,1,1,1,1,1,1,1,1,
936,1,1,1,1,1,1,1,1,1,1,1,1,
937,1,1,1,1,1,1,1,1,1,1,1,1,
938,1,1,1,1,1,1,1,1,1,1,1,1,
939,1,1,1,1,1,1,1,1,1,1,1,1,
940,1,1,1,1,1,1,1,1,1,1,1,1,
941,1,1,1,1,1,1,1,1,1,1,1,1,
942,1,1,1,1,1,1,1,1,1,1,1,1,
943,1,1,1,1,1,1,1,1,1,1,1,1,
944,1,1,1,1,1,1,1,1,1,1,1,1,
945,1,1,1,1,1,1,1,1,1,1,1,1,
946,1,1,1,1,1,1,1,1,1,1,1,1,
947,1,1,1,1,1,1,1,1,1,1,1,1,
948,1,1,1,1,1,1,1,1,1,1,1,1,
949,1,1,1,1,1,1,1,1,1,1,1,1,
950,1,1,1,1,1,1,1,1,1,1,1,1,
951,1,1,1,1,1,1,1,1,1,1,1,1,
952,1,1,1,1,1,1,1,1,1,1,1,1,
953,1,1,1,1,1,1,1,1,1,1,1,1,
954,1,1,1,1,1,1,1,1,1,1,1,1,
955,1,1,1,1,1,1,1,1,1,1,1,1,
956,1,1,1,1,1,1,1,1,1,1,1,1,
957,1,1,1,1,1,1,1,1,1,1,1,1,
958,1,1,1,1,1,1,1,1,1,1,1,1,
959,1,1,1,1,1,1,1,1,1,1,1,1,