image_id,unetpp_prnu_illum_iou,unetpp_prnu_freq_iou,unetpp_freq_illum_iou,unetpp_all_iou,diff_prnu_illum_iou,diff_prnu_freq_iou,diff_freq_illum_iou,notes
0,0.970818,0.963253,0.922843,0.969215,-0.001603,0.005962,0.046372,
1,0.952806,0.954604,0.93591,0.945249,-0.007557,-0.009355,0.009339,
2,0.942455,0.938419,0.921994,0.932862,-0.009593,-0.005557,0.010868,
3,0.92548,0.963012,0.949675,0.954747,0.029267,-0.008265,0.005072,
4,0.926904,0.935931,0.941154,0.955455,0.028551,0.019524,0.014301,
5,0.949393,0.965925,0.953232,0.944154,-0.005239,-0.021771,-0.009078,
6,0.957272,0.959788,0.945335,0.964972,0.0077,0.005184,0.019637,
7,0.962694,0.953409,0.93926,0.937584,-0.02511,-0.015825,-0.001676,
8,0.947368,0.949604,0.941135,0.95348,0.006112,0.003876,0.012345,
9,0.954251,0.964396,0.940395,0.944802,-0.009449,-0.019594,0.004407,
10,0.961758,0.959382,0.90271,0.957672,-0.004086,-0.00171,0.054962,
11,0.930603,0.956114,0.926767,0.935869,0.005266,-0.020245,0.009102,
12,0.979381,0.976436,0.936555,0.974274,-0.005107,-0.002162,0.037719,
13,0.94271,0.967081,0.918015,0.958104,0.015394,-0.008977,0.040089,
14,0.905697,0.9138,0.884155,0.901435,-0.004262,-0.012365,0.01728,
15,0.945553,0.933492,0.945946,0.943691,-0.001862,0.010199,-0.002255,
16,0.961763,0.968647,0.96443,0.959957,-0.001806,-0.00869,-0.004473,
17,0.917266,0.902975,0.873225,0.910421,-0.006845,0.007446,0.037196,
18,0.935906,0.947402,0.924511,0.966064,0.030158,0.018662,0.041553,
19,0.954668,0.966644,0.950984,0.959599,0.004931,-0.007045,0.008615,
20,0.971793,0.96412,0.925241,0.954563,-0.01723,-0.009557,0.029322,
21,0.933552,0.943062,0.945581,0.941201,0.007649,-0.001861,-0.00438,
22,0.948375,0.940106,0.894698,0.960526,0.012151,0.02042,0.065828,
23,0.963507,0.972222,0.958219,0.956951,-0.006556,-0.015271,-0.001268,
24,0.95074,0.954944,0.931074,0.958884,0.008144,0.00394,0.02781,
25,0.938737,0.914695,0.955991,0.931618,-0.007119,0.016923,-0.024373,
26,0.973014,0.975094,0.952009,0.97283,-0.000184,-0.002264,0.020821,
27,0.944148,0.937767,0.810453,0.942693,-0.001455,0.004926,0.13224,
28,0.97115,0.938001,0.943101,0.920775,-0.050375,-0.017226,-0.022326,
29,0.850995,0.876761,0.884315,0.8836,0.032605,0.006839,-0.000715,
30,0.970445,0.97391,0.946284,0.969174,-0.001271,-0.004736,0.02289,
31,0.943425,0.962667,0.884128,0.967263,0.023838,0.004596,0.083135,
32,0.912288,0.912935,0.903921,0.897765,-0.014523,-0.01517,-0.006156,
33,0.914274,0.90967,0.827773,0.908983,-0.005291,-0.000687,0.08121,
34,0.904367,0.879518,0.939701,0.899326,-0.005041,0.019808,-0.040375,
35,0.959073,0.964104,0.930672,0.966833,0.00776,0.002729,0.036161,
36,0.948471,0.957288,0.947229,0.958292,0.009821,0.001004,0.011063,
37,0.920659,0.899365,0.894531,0.899414,-0.021245,0.000049,0.004883,
38,0.955848,0.966667,0.947576,0.956202,0.000354,-0.010465,0.008626,
39,0.94077,0.909983,0.838843,0.943057,0.002287,0.033074,0.104214,
40,0.968297,0.959582,0.919795,0.950617,-0.01768,-0.008965,0.030822,
41,0.969276,0.955811,0.971175,0.963768,-0.005508,0.007957,-0.007407,
42,0.926157,0.923948,0.948649,0.925194,-0.000963,0.001246,-0.023455,
43,0.953333,0.961392,0.92068,0.967824,0.014491,0.006432,0.047144,
44,0.952977,0.959372,0.916407,0.975164,0.022187,0.015792,0.058757,
45,0.936116,0.920743,0.944341,0.905367,-0.030749,-0.015376,-0.038974,
46,0.917466,0.874548,0.940491,0.924383,0.006917,0.049835,-0.016108,
47,0.969031,0.965147,0.967323,0.96419,-0.004841,-0.000957,-0.003133,
48,0.946671,0.94076,0.943857,0.95753,0.010859,0.01677,0.013673,
49,0.940031,0.962554,0.946822,0.967604,0.027573,0.00505,0.020782,
50,0.959106,0.950566,0.957093,0.951558,-0.007548,0.000992,-0.005535,
51,0.912842,0.920488,0.860825,0.901823,-0.011019,-0.018665,0.040998,
52,0.973373,0.952759,0.969573,0.982554,0.009181,0.029795,0.012981,
53,0.950826,0.935287,0.869549,0.962792,0.011966,0.027505,0.093243,
54,0.975441,0.966922,0.950225,0.97314,-0.002301,0.006218,0.022915,
55,0.878462,0.923738,0.867292,0.873892,-0.00457,-0.049846,0.0066,
56,0.934252,0.955477,0.959813,0.945042,0.01079,-0.010435,-0.014771,
57,0.949227,0.928045,0.932404,0.951166,0.001939,0.023121,0.018762,
58,0.942126,0.949842,0.968494,0.945871,0.003745,-0.003971,-0.022623,
59,0.934541,0.89833,0.914077,0.92487,-0.009671,0.02654,0.010793,
60,0.933636,0.919007,0.941152,0.909454,-0.024182,-0.009553,-0.031698,
61,0.915713,0.937761,0.888734,0.936568,0.020855,-0.001193,0.047834,
62,0.945185,0.960046,0.927692,0.95669,0.011505,-0.003356,0.028998,
63,0.889793,0.928158,0.906939,0.936385,0.046592,0.008227,0.029446,
64,0.973538,0.960247,0.96753,0.972541,-0.000997,0.012294,0.005011,
65,0.973538,0.960247,0.96753,0.972541,-0.000997,0.012294,0.005011,
66,0.93637,0.940351,0.915718,0.941917,0.005547,0.001566,0.026199,
67,0.961715,0.932359,0.955749,0.945825,-0.01589,0.013466,-0.009924,
68,0.970206,0.946074,0.945312,0.966456,-0.00375,0.020382,0.021144,
69,0.921162,0.929844,0.941132,0.935629,0.014467,0.005785,-0.005503,
70,0.923301,0.959942,0.924396,0.951087,0.027786,-0.008855,0.026691,
71,0.95127,0.938255,0.939973,0.950842,-0.000428,0.012587,0.010869,
72,0.961246,0.950909,0.952155,0.963477,0.002231,0.012568,0.011322,
73,0.96102,0.960058,0.953018,0.944989,-0.016031,-0.015069,-0.008029,
74,0.956211,0.961451,0.960938,0.965327,0.009116,0.003876,0.004389,
75,0.942088,0.942378,0.919968,0.961948,0.01986,0.01957,0.04198,
76,0.943396,0.954138,0.90953,0.941869,-0.001527,-0.012269,0.032339,
77,0.930715,0.96411,0.885435,0.962811,0.032096,-0.001299,0.077376,
78,0.963455,0.959486,0.948624,0.960092,-0.003363,0.000606,0.011468,
79,0.975142,0.96282,0.924797,0.958511,-0.016631,-0.004309,0.033714,
80,0.942479,0.954469,0.902765,0.956751,0.014272,0.002282,0.053986,
81,0.963504,0.96553,0.930938,0.971816,0.008312,0.006286,0.040878,
82,0.947777,0.963472,0.977842,0.934266,-0.013511,-0.029206,-0.043576,
83,0.961286,0.956239,0.934822,0.957286,-0.004,0.001047,0.022464,
84,0.966366,0.936585,0.943213,0.969466,0.0031,0.032881,0.026253,
85,0.955283,0.949292,0.941956,0.921762,-0.033521,-0.02753,-0.020194,
86,0.954985,0.961317,0.912846,0.969303,0.014318,0.007986,0.056457,
87,0.966585,0.966922,0.901445,0.967562,0.000977,0.00064,0.066117,
88,0.962535,0.943198,0.946794,0.96462,0.002085,0.021422,0.017826,
89,0.924958,0.921886,0.824697,0.927204,0.002246,0.005318,0.102507,
90,0.962994,0.967648,0.914935,0.977843,0.014849,0.010195,0.062908,
91,0.903982,0.850947,0.851201,0.897017,-0.006965,0.04607,0.045816,
92,0.938586,0.934039,0.909228,0.945373,0.006787,0.011334,0.036145,
93,0.903861,0.877064,0.915966,0.90478,0.000919,0.027716,-0.011186,
94,0.945331,0.942183,0.961617,0.975485,0.030154,0.033302,0.013868,
95,0.957831,0.961231,0.897629,0.934241,-0.02359,-0.02699,0.036612,
96,0.951975,0.962911,0.892323,0.945044,-0.006931,-0.017867,0.052721,
97,0.919601,0.932687,0.916765,0.945226,0.025625,0.012539,0.028461,
98,0.918052,0.921492,0.931452,0.929791,0.011739,0.008299,-0.001661,
99,0.965787,0.91135,0.953498,0.971202,0.005415,0.059852,0.017704,
100,0.959464,0.955423,0.953464,0.953136,-0.006328,-0.002287,-0.000328,
101,0.906111,0.943618,0.922251,0.924024,0.017913,-0.019594,0.001773,
102,0.947104,0.948183,0.940921,0.965829,0.018725,0.017646,0.024908,
103,0.939614,0.900865,0.955662,0.915912,-0.023702,0.015047,-0.03975,
104,0.956384,0.961322,0.961485,0.977003,0.020619,0.015681,0.015518,
105,0.961876,0.948096,0.957313,0.95122,-0.010656,0.003124,-0.006093,
106,0.96532,0.953711,0.951547,0.955412,-0.009908,0.001701,0.003865,
107,0.920532,0.950787,0.921766,0.93516,0.014628,-0.015627,0.013394,
108,0.960352,0.957695,0.955782,0.950284,-0.010068,-0.007411,-0.005498,
109,0.959632,0.959473,0.964465,0.965166,0.005534,0.005693,0.000701,
110,0.965361,0.969668,0.959249,0.973243,0.007882,0.003575,0.013994,
111,0.941715,0.955462,0.879523,0.942833,0.001118,-0.012629,0.06331,
112,0.946099,0.936538,0.912104,0.924318,-0.021781,-0.01222,0.012214,
113,0.89964,0.903059,0.877215,0.907921,0.008281,0.004862,0.030706,
114,0.952633,0.95286,0.935754,0.955385,0.002752,0.002525,0.019631,
115,0.912119,0.949136,0.953452,0.958713,0.046594,0.009577,0.005261,
116,0.927349,0.934029,0.940565,0.956195,0.028846,0.022166,0.01563,
117,0.962647,0.952474,0.935445,0.940661,-0.021986,-0.011813,0.005216,
118,0.866514,0.931373,0.853311,0.929639,0.063125,-0.001734,0.076328,
119,0.933536,0.917845,0.933071,0.937354,0.003818,0.019509,0.004283,
120,0.952381,0.956673,0.932302,0.931682,-0.020699,-0.024991,-0.00062,
121,0.947736,0.967201,0.94868,0.960326,0.01259,-0.006875,0.011646,
122,0.945455,0.944238,0.934568,0.944467,-0.000988,0.000229,0.009899,
123,0.940584,0.919245,0.896163,0.926299,-0.014285,0.007054,0.030136,
124,0.931206,0.938482,0.918402,0.916446,-0.01476,-0.022036,-0.001956,
125,0.953945,0.951209,0.912127,0.951115,-0.00283,-0.000094,0.038988,
126,0.973323,0.966057,0.968085,0.980734,0.007411,0.014677,0.012649,
127,0.937384,0.951319,0.931148,0.962039,0.024655,0.01072,0.030891,
128,0.971733,0.963991,0.958445,0.955155,-0.016578,-0.008836,-0.00329,
129,0.937525,0.946586,0.947558,0.963355,0.02583,0.016769,0.015797,
130,0.95285,0.91958,0.926671,0.953959,0.001109,0.034379,0.027288,
131,0.980731,0.965957,0.945894,0.968016,-0.012715,0.002059,0.022122,
132,0.979687,0.949528,0.931885,0.97596,-0.003727,0.026432,0.044075,
133,0.96393,0.958348,0.953747,0.947632,-0.016298,-0.010716,-0.006115,
134,0,0,0,0,0,0,0,
135,0.936779,0.956393,0.850052,0.941176,0.004397,-0.015217,0.091124,
136,0.943687,0.86991,0.914437,0.95677,0.013083,0.08686,0.042333,
137,0.976483,0.975385,0.946882,0.975212,-0.001271,-0.000173,0.02833,
138,0.938367,0.924757,0.890736,0.932981,-0.005386,0.008224,0.042245,
139,0.967469,0.925385,0.945584,0.973507,0.006038,0.048122,0.027923,
140,0.955164,0.950544,0.960969,0.972644,0.01748,0.0221,0.011675,
141,0.925993,0.939988,0.778349,0.923054,-0.002939,-0.016934,0.144705,
142,0.899935,0.928594,0.862091,0.913198,0.013263,-0.015396,0.051107,
143,0.904148,0.953236,0.931575,0.963644,0.059496,0.010408,0.032069,
144,0.940063,0.948108,0.917818,0.938768,-0.001295,-0.00934,0.02095,
145,0.949558,0.951488,0.929087,0.95274,0.003182,0.001252,0.023653,
146,0.963297,0.94315,0.96063,0.957606,-0.005691,0.014456,-0.003024,
147,0.906887,0.905079,0.924682,0.890378,-0.016509,-0.014701,-0.034304,
148,0.963423,0.964691,0.936701,0.957134,-0.006289,-0.007557,0.020433,
149,0.950152,0.944763,0.937082,0.948675,-0.001477,0.003912,0.011593,
150,0.963294,0.965471,0.922802,0.963702,0.000408,-0.001769,0.0409,
151,0.948868,0.965633,0.932763,0.938909,-0.009959,-0.026724,0.006146,
152,0.949731,0.964217,0.965182,0.95,0.000269,-0.014217,-0.015182,
153,0.943505,0.955521,0.965021,0.95752,0.014015,0.001999,-0.007501,
154,0.969499,0.973159,0.955483,0.977124,0.007625,0.003965,0.021641,
155,0.956579,0.94624,0.949518,0.925498,-0.031081,-0.020742,-0.02402,
156,0.911775,0.918949,0.901947,0.928192,0.016417,0.009243,0.026245,
157,0.906785,0.8981,0.942645,0.8979,-0.008885,-0.0002,-0.044745,
158,0.948655,0.951517,0.946868,0.963707,0.015052,0.01219,0.016839,
159,0.959563,0.898823,0.932049,0.945966,-0.013597,0.047143,0.013917,
160,0.88285,0.909677,0.932166,0.904737,0.021887,-0.00494,-0.027429,
161,0.976392,0.971691,0.957178,0.957162,-0.01923,-0.014529,-0.000016,
162,0.970294,0.965152,0.941115,0.959239,-0.011055,-0.005913,0.018124,
163,0.942857,0.963184,0.934114,0.939229,-0.003628,-0.023955,0.005115,
164,0.779196,0.785729,0.726437,0.762453,-0.016743,-0.023276,0.036016,
165,0.970522,0.983545,0.970434,0.983446,0.012924,-0.000099,0.013012,
166,0.95618,0.94857,0.931973,0.95082,-0.00536,0.00225,0.018847,
167,0.97967,0.971154,0.921082,0.971014,-0.008656,-0.00014,0.049932,
168,0.940184,0.954718,0.971418,0.944951,0.004767,-0.009767,-0.026467,
169,0.972185,0.97346,0.924344,0.951364,-0.020821,-0.022096,0.02702,
170,0.965465,0.959774,0.921369,0.955844,-0.009621,-0.00393,0.034475,
171,0.951513,0.940722,0.949622,0.975974,0.024461,0.035252,0.026352,
172,0.957265,0.909305,0.930128,0.94543,-0.011835,0.036125,0.015302,
173,0.926154,0.920755,0.913128,0.909901,-0.016253,-0.010854,-0.003227,
174,0.915361,0.930368,0.935644,0.934875,0.019514,0.004507,-0.000769,
175,0.959039,0.969356,0.912236,0.936289,-0.02275,-0.033067,0.024053,
176,0.931701,0.935783,0.894417,0.922023,-0.009678,-0.01376,0.027606,
177,0.948357,0.928595,0.907479,0.941744,-0.006613,0.013149,0.034265,
178,0.974199,0.948846,0.939533,0.951057,-0.023142,0.002211,0.011524,
179,0.929724,0.87695,0.911748,0.923611,-0.006113,0.046661,0.011863,
180,0.95702,0.955548,0.939287,0.963121,0.006101,0.007573,0.023834,
181,0.945946,0.941682,0.936216,0.950109,0.004163,0.008427,0.013893,
182,0.956333,0.951951,0.933097,0.966696,0.010363,0.014745,0.033599,
183,0.971921,0.961893,0.926852,0.955583,-0.016338,-0.00631,0.028731,
184,0.909555,0.916492,0.859492,0.921931,0.012376,0.005439,0.062439,
185,0.976162,0.964834,0.961738,0.974597,-0.001565,0.009763,0.012859,
186,0.95935,0.964411,0.931381,0.970806,0.011456,0.006395,0.039425,
187,0.9625,0.957205,0.931784,0.966601,0.004101,0.009396,0.034817,
188,0.965777,0.963876,0.97269,0.974306,0.008529,0.01043,0.001616,
189,0.970017,0.968177,0.891438,0.980596,0.010579,0.012419,0.089158,
190,0.953209,0.942144,0.92082,0.929542,-0.023667,-0.012602,0.008722,
191,0.948128,0.956401,0.939192,0.951919,0.003791,-0.004482,0.012727,
192,0.9777,0.967067,0.9625,0.982401,0.004701,0.015334,0.019901,
193,0.939054,0.897466,0.955756,0.933871,-0.005183,0.036405,-0.021885,
194,0.954516,0.971244,0.944773,0.958227,0.003711,-0.013017,0.013454,
195,0.960521,0.948697,0.903862,0.949718,-0.010803,0.001021,0.045856,
196,0.927536,0.945255,0.954396,0.970412,0.042876,0.025157,0.016016,
197,0.94515,0.952058,0.799648,0.941097,-0.004053,-0.010961,0.141449,
198,0.960609,0.92301,0.877807,0.962189,0.00158,0.039179,0.084382,
199,0.96295,0.974592,0.932782,0.94914,-0.01381,-0.025452,0.016358,
200,0.962188,0.910903,0.938842,0.962813,0.000625,0.05191,0.023971,
201,0.964906,0.961995,0.9501,0.966825,0.001919,0.00483,0.016725,
202,0.79172,0.87663,0.853822,0.834596,0.042876,-0.042034,-0.019226,
203,0.946817,0.925955,0.939382,0.941438,-0.005379,0.015483,0.002056,
204,0.957011,0.953226,0.909184,0.964846,0.007835,0.01162,0.055662,
205,0.92931,0.929861,0.889908,0.940311,0.011001,0.01045,0.050403,
206,0.948378,0.954613,0.927895,0.944934,-0.003444,-0.009679,0.017039,
207,0.964518,0.961939,0.914276,0.959897,-0.004621,-0.002042,0.045621,
208,0.945764,0.959269,0.964582,0.974113,0.028349,0.014844,0.009531,
209,0.951555,0.952476,0.933113,0.958126,0.006571,0.00565,0.025013,
210,0.966318,0.91467,0.938185,0.936431,-0.029887,0.021761,-0.001754,
211,0.962737,0.956537,0.968829,0.96822,0.005483,0.011683,-0.000609,
212,0.932739,0.915744,0.952073,0.924639,-0.0081,0.008895,-0.027434,
213,0.954504,0.962625,0.934927,0.95386,-0.000644,-0.008765,0.018933,
214,0.905686,0.924037,0.908291,0.911133,0.005447,-0.012904,0.002842,
215,0.93844,0.954465,0.928724,0.943007,0.004567,-0.011458,0.014283,
216,0.946535,0.965832,0.962684,0.950137,0.003602,-0.015695,-0.012547,
217,0.899963,0.944617,0.841822,0.938696,0.038733,-0.005921,0.096874,
218,0.967407,0.968538,0.931366,0.974104,0.006697,0.005566,0.042738,
219,0.961022,0.961681,0.954031,0.975485,0.014463,0.013804,0.021454,
220,0.932064,0.929793,0.95954,0.93353,0.001466,0.003737,-0.02601,
221,0.972176,0.967055,0.950842,0.972557,0.000381,0.005502,0.021715,
222,0.947826,0.961862,0.93037,0.948188,0.000362,-0.013674,0.017818,
223,0.848697,0.831407,0.838206,0.831807,-0.01689,0.0004,-0.006399,
224,0.900534,0.945575,0.897626,0.915388,0.014854,-0.030187,0.017762,
225,0.952874,0.963771,0.950399,0.942867,-0.010007,-0.020904,-0.007532,
226,0.937083,0.952717,0.928843,0.936067,-0.001016,-0.01665,0.007224,
227,0.958978,0.920314,0.855727,0.952744,-0.006234,0.03243,0.097017,
228,0.96327,0.968852,0.958069,0.977601,0.014331,0.008749,0.019532,
229,0.958455,0.937345,0.942118,0.940671,-0.017784,0.003326,-0.001447,
230,0.963743,0.962056,0.909873,0.966586,0.002843,0.00453,0.056713,
231,0.971662,0.939108,0.852419,0.947785,-0.023877,0.008677,0.095366,
232,0.861538,0.849289,0.867432,0.819563,-0.041975,-0.029726,-0.047869,
233,0.959951,0.948852,0.880179,0.938677,-0.021274,-0.010175,0.058498,
234,0.940561,0.946302,0.943941,0.933873,-0.006688,-0.012429,-0.010068,
235,0.928927,0.939099,0.882536,0.938298,0.009371,-0.000801,0.055762,
236,0.936746,0.902312,0.889897,0.937135,0.000389,0.034823,0.047238,
237,0.949714,0.94568,0.909644,0.950287,0.000573,0.004607,0.040643,
238,0.97482,0.958454,0.963172,0.968605,-0.006215,0.010151,0.005433,
239,0.960854,0.97724,0.961511,0.96463,0.003776,-0.01261,0.003119,
240,0.921214,0.931517,0.88152,0.974041,0.052827,0.042524,0.092521,
241,0.923483,0.939263,0.862637,0.929997,0.006514,-0.009266,0.06736,
242,0.948698,0.928867,0.935922,0.966435,0.017737,0.037568,0.030513,
243,0.969754,0.97061,0.966592,0.969179,-0.000575,-0.001431,0.002587,
244,0.941759,0.948795,0.881436,0.924771,-0.016988,-0.024024,0.043335,
245,0.953528,0.942371,0.935495,0.955907,0.002379,0.013536,0.020412,
246,0.96061,0.933747,0.940177,0.942677,-0.017933,0.00893,0.0025,
247,0.946862,0.963193,0.911231,0.951182,0.00432,-0.012011,0.039951,
248,0.950328,0.947368,0.880946,0.960093,0.009765,0.012725,0.079147,
249,0.963445,0.96701,0.961999,0.964236,0.000791,-0.002774,0.002237,
250,0.962035,0.953786,0.948718,0.939205,-0.02283,-0.014581,-0.009513,
251,0.954942,0.94708,0.940789,0.970535,0.015593,0.023455,0.029746,
252,0.962099,0.952381,0.942104,0.931576,-0.030523,-0.020805,-0.010528,
253,0.947034,0.96398,0.951748,0.956829,0.009795,-0.007151,0.005081,
254,0.96675,0.974665,0.909753,0.973138,0.006388,-0.001527,0.063385,
255,0.910328,0.938324,0.94066,0.920228,0.0099,-0.018096,-0.020432,
256,0.951918,0.952193,0.880482,0.941866,-0.010052,-0.010327,0.061384,
257,0.937539,0.915882,0.903742,0.926761,-0.010778,0.010879,0.023019,
258,0.95357,0.940287,0.866075,0.940658,-0.012912,0.000371,0.074583,
259,0.972061,0.966654,0.863065,0.970138,-0.001923,0.003484,0.107073,
260,0.956537,0.947902,0.933148,0.911806,-0.044731,-0.036096,-0.021342,
261,0.952576,0.960014,0.954608,0.946667,-0.005909,-0.013347,-0.007941,
262,0.952381,0.949873,0.913203,0.92849,-0.023891,-0.021383,0.015287,
263,0.926456,0.932198,0.921795,0.925409,-0.001047,-0.006789,0.003614,
264,0.946143,0.956443,0.908783,0.932197,-0.013946,-0.024246,0.023414,
265,0.886176,0.886131,0.900465,0.854588,-0.031588,-0.031543,-0.045877,
266,0.935411,0.937553,0.94165,0.944413,0.009002,0.00686,0.002763,
267,0.936983,0.930529,0.921675,0.932663,-0.00432,0.002134,0.010988,
268,0.930825,0.935181,0.9164,0.926393,-0.004432,-0.008788,0.009993,
269,0.952364,0.945102,0.920213,0.928724,-0.02364,-0.016378,0.008511,
270,0.971997,0.961779,0.935267,0.973529,0.001532,0.01175,0.038262,
271,0.930183,0.924468,0.889112,0.928496,-0.001687,0.004028,0.039384,
272,0.935102,0.935116,0.931497,0.958924,0.023822,0.023808,0.027427,
273,0.967,0.952042,0.924254,0.980113,0.013113,0.028071,0.055859,
274,0.971096,0.942235,0.963466,0.958752,-0.012344,0.016517,-0.004714,
275,0.921162,0.952037,0.959541,0.930029,0.008867,-0.022008,-0.029512,
276,0.967537,0.971151,0.950495,0.966589,-0.000948,-0.004562,0.016094,
277,0.934707,0.926513,0.912968,0.923187,-0.01152,-0.003326,0.010219,
278,0.956547,0.984298,0.952214,0.977332,0.020785,-0.006966,0.025118,
279,0.959371,0.960297,0.920088,0.945638,-0.013733,-0.014659,0.02555,
280,0.948205,0.930582,0.96215,0.942412,-0.005793,0.01183,-0.019738,
281,0.932958,0.957116,0.943585,0.961878,0.02892,0.004762,0.018293,
282,0.919891,0.958049,0.922738,0.944748,0.024857,-0.013301,0.02201,
283,0.969602,0.973011,0.963814,0.964074,-0.005528,-0.008937,0.00026,
284,0.970663,0.961129,0.938053,0.96543,-0.005233,0.004301,0.027377,
285,0.927113,0.924028,0.939718,0.916321,-0.010792,-0.007707,-0.023397,
286,0.956581,0.94492,0.925705,0.952067,-0.004514,0.007147,0.026362,
287,0.914952,0.950559,0.933725,0.935938,0.020986,-0.014621,0.002213,
288,0.919471,0.92842,0.910061,0.925645,0.006174,-0.002775,0.015584,
289,0.965378,0.969595,0.953819,0.95506,-0.010318,-0.014535,0.001241,
290,0.946978,0.942698,0.940929,0.965956,0.018978,0.023258,0.025027,
291,0.967144,0.958435,0.926976,0.96957,0.002426,0.011135,0.042594,
292,0.93155,0.918552,0.927627,0.919711,-0.011839,0.001159,-0.007916,
293,0.968124,0.979436,0.971381,0.966241,-0.001883,-0.013195,-0.00514,
294,0.932929,0.887661,0.975507,0.931307,-0.001622,0.043646,-0.0442,
295,0.950903,0.950436,0.928631,0.935511,-0.015392,-0.014925,0.00688,
296,0.921735,0.935426,0.913432,0.935978,0.014243,0.000552,0.022546,
297,0.947723,0.965895,0.853313,0.951093,0.00337,-0.014802,0.09778,
298,0.96548,0.956743,0.96,0.965455,-0.000025,0.008712,0.005455,
299,0.921999,0.960193,0.936882,0.927124,0.005125,-0.033069,-0.009758,
300,0.937688,0.931493,0.936013,0.95393,0.016242,0.022437,0.017917,
301,0.969707,0.964501,0.946487,0.959505,-0.010202,-0.004996,0.013018,
302,0.897332,0.90852,0.89556,0.861903,-0.035429,-0.046617,-0.033657,
303,0.950452,0.952519,0.924561,0.949477,-0.000975,-0.003042,0.024916,
304,0.968918,0.968301,0.939276,0.974466,0.005548,0.006165,0.03519,
305,0.967842,0.966055,0.904777,0.960468,-0.007374,-0.005587,0.055691,
306,0.949231,0.937572,0.933409,0.952034,0.002803,0.014462,0.018625,
307,0.971781,0.972849,0.964664,0.975673,0.003892,0.002824,0.011009,
308,0.961977,0.962925,0.962311,0.959932,-0.002045,-0.002993,-0.002379,
309,0.957999,0.957384,0.886525,0.966667,0.008668,0.009283,0.080142,
310,0.937189,0.944509,0.819078,0.926903,-0.010286,-0.017606,0.107825,
311,0.957938,0.960211,0.920233,0.965332,0.007394,0.005121,0.045099,
312,0.936722,0.934327,0.940063,0.939566,0.002844,0.005239,-0.000497,
313,0.945524,0.954138,0.918305,0.952921,0.007397,-0.001217,0.034616,
314,0.943657,0.938887,0.737598,0.963921,0.020264,0.025034,0.226323,
315,0.940672,0.948288,0.965917,0.97337,0.032698,0.025082,0.007453,
316,0.957696,0.955244,0.947581,0.954751,-0.002945,-0.000493,0.00717,
317,0.96493,0.957346,0.884171,0.970746,0.005816,0.0134,0.086575,
318,0.967191,0.967088,0.957412,0.957867,-0.009324,-0.009221,0.000455,
319,0.9494,0.967,0.909202,0.937712,-0.011688,-0.029288,0.02851,
320,0.94375,0.933886,0.940101,0.947114,0.003364,0.013228,0.007013,
321,0.903131,0.94826,0.860202,0.957496,0.054365,0.009236,0.097294,
322,0.848987,0.856226,0.885663,0.850554,0.001567,-0.005672,-0.035109,
323,0.925829,0.932044,0.945565,0.91891,-0.006919,-0.013134,-0.026655,
324,0.952205,0.928725,0.941531,0.947828,-0.004377,0.019103,0.006297,
325,0.902003,0.943372,0.819217,0.927146,0.025143,-0.016226,0.107929,
326,0.963686,0.956844,0.918478,0.941942,-0.021744,-0.014902,0.023464,
327,0.96213,0.972802,0.965821,0.954895,-0.007235,-0.017907,-0.010926,
328,0.943415,0.955728,0.942761,0.938659,-0.004756,-0.017069,-0.004102,
329,0.964306,0.959565,0.914607,0.952091,-0.012215,-0.007474,0.037484,
330,0.97127,0.963151,0.958665,0.97915,0.00788,0.015999,0.020485,
331,0.923132,0.938903,0.903363,0.915121,-0.008011,-0.023782,0.011758,
332,0.932574,0.956256,0.949218,0.937669,0.005095,-0.018587,-0.011549,
333,0.948712,0.956512,0.958212,0.953592,0.00488,-0.00292,-0.00462,
334,0.926614,0.916811,0.922339,0.881562,-0.045052,-0.035249,-0.040777,
335,0.936056,0.926433,0.943727,0.941454,0.005398,0.015021,-0.002273,
336,0.949902,0.950101,0.90559,0.957398,0.007496,0.007297,0.051808,
337,0.954887,0.924721,0.918231,0.929098,-0.025789,0.004377,0.010867,
338,0.940963,0.943913,0.899508,0.942333,0.00137,-0.00158,0.042825,
339,0.964007,0.969435,0.927953,0.956052,-0.007955,-0.013383,0.028099,
340,0.949389,0.957431,0.947712,0.943644,-0.005745,-0.013787,-0.004068,
341,0.948903,0.920863,0.845117,0.936423,-0.01248,0.01556,0.091306,
342,0.923061,0.929437,0.836635,0.95051,0.027449,0.021073,0.113875,
343,0.961513,0.947525,0.962719,0.965769,0.004256,0.018244,0.00305,
344,0.974423,0.962676,0.949454,0.974267,-0.000156,0.011591,0.024813,
345,0.855035,0.952904,0.828862,0.956412,0.101377,0.003508,0.12755,
346,0.953769,0.953451,0.949233,0.970029,0.01626,0.016578,0.020796,
347,0.956632,0.942002,0.940769,0.917571,-0.039061,-0.024431,-0.023198,
348,0.922599,0.933654,0.904702,0.934141,0.011542,0.000487,0.029439,
349,0.918246,0.893629,0.894533,0.924333,0.006087,0.030704,0.0298,
350,0.898587,0.933036,0.932321,0.929054,0.030467,-0.003982,-0.003267,
351,0.966796,0.966762,0.905258,0.970053,0.003257,0.003291,0.064795,
352,0.961146,0.972034,0.944509,0.967499,0.006353,-0.004535,0.02299,
353,0.9204,0.88323,0.954783,0.9193,-0.0011,0.03607,-0.035483,
354,0.971028,0.976482,0.964828,0.971327,0.000299,-0.005155,0.006499,
355,0.916239,0.933678,0.921518,0.931148,0.014909,-0.00253,0.00963,
356,0.95097,0.959641,0.931195,0.943512,-0.007458,-0.016129,0.012317,
357,0.944495,0.893341,0.914671,0.94588,0.001385,0.052539,0.031209,
358,0.932512,0.932015,0.900836,0.939422,0.00691,0.007407,0.038586,
359,0.892439,0.888741,0.860863,0.926537,0.034098,0.037796,0.065674,
360,0.970499,0.973375,0.928769,0.972776,0.002277,-0.000599,0.044007,
361,0.951646,0.962362,0.890951,0.930572,-0.021074,-0.03179,0.039621,
362,0.966117,0.982205,0.962629,0.955347,-0.01077,-0.026858,-0.007282,
363,0.85345,0.877076,0.878066,0.837004,-0.016446,-0.040072,-0.041062,
364,0.960845,0.93634,0.96052,0.963418,0.002573,0.027078,0.002898,
365,0.940586,0.950422,0.930119,0.955334,0.014748,0.004912,0.025215,
366,0.944103,0.971092,0.967525,0.954957,0.010854,-0.016135,-0.012568,
367,0.962572,0.953663,0.925645,0.950357,-0.012215,-0.003306,0.024712,
368,0.940673,0.959987,0.923506,0.96205,0.021377,0.002063,0.038544,
369,0.958345,0.965646,0.950187,0.961538,0.003193,-0.004108,0.011351,
370,0.937942,0.933829,0.930031,0.926484,-0.011458,-0.007345,-0.003547,
371,0.971002,0.970036,0.94371,0.977076,0.006074,0.00704,0.033366,
372,0.947919,0.921208,0.92178,0.948886,0.000967,0.027678,0.027106,
373,0.9484,0.954746,0.956166,0.923797,-0.024603,-0.030949,-0.032369,
374,0.794539,0.859977,0.952817,0.877085,0.082546,0.017108,-0.075732,
375,0.957002,0.947679,0.890489,0.975117,0.018115,0.027438,0.084628,
376,0.957905,0.967314,0.941356,0.957323,-0.000582,-0.009991,0.015967,
377,0.782748,0.775316,0.81263,0.817507,0.034759,0.042191,0.004877,
378,0.921271,0.918033,0.889739,0.943797,0.022526,0.025764,0.054058,
379,0.915068,0.892455,0.894649,0.922515,0.007447,0.03006,0.027866,
380,0.961346,0.93404,0.955928,0.960909,-0.000437,0.026869,0.004981,
381,0.953719,0.963899,0.941106,0.968571,0.014852,0.004672,0.027465,
382,0.775024,0.699826,0.851425,0.493643,-0.281381,-0.206183,-0.357782,
383,0.936276,0.898647,0.942904,0.938657,0.002381,0.04001,-0.004247,
384,0.940143,0.925615,0.971223,0.933406,-0.006737,0.007791,-0.037817,
385,0.913806,0.902518,0.914486,0.92268,0.008874,0.020162,0.008194,
386,0.946854,0.966328,0.942513,0.959742,0.012888,-0.006586,0.017229,
387,0.966445,0.959288,0.931338,0.941558,-0.024887,-0.01773,0.01022,
388,0.962867,0.959278,0.954938,0.966864,0.003997,0.007586,0.011926,
389,0.928367,0.927017,0.916473,0.924027,-0.00434,-0.00299,0.007554,
390,0.954386,0.962325,0.920953,0.960058,0.005672,-0.002267,0.039105,
391,0.787689,0.792729,0.66692,0.767092,-0.020597,-0.025637,0.100172,
392,0.967224,0.9625,0.964776,0.96603,-0.001194,0.00353,0.001254,
393,0.947101,0.931107,0.941752,0.927891,-0.01921,-0.003216,-0.013861,
394,0.947217,0.934042,0.94431,0.960578,0.013361,0.026536,0.016268,
395,0.941696,0.917227,0.957337,0.920848,-0.020848,0.003621,-0.036489,
396,0.955562,0.964116,0.892675,0.913811,-0.041751,-0.050305,0.021136,
397,0.932847,0.938989,0.893486,0.936705,0.003858,-0.002284,0.043219,
398,0.944417,0.93693,0.904855,0.9633,0.018883,0.02637,0.058445,
399,0.945277,0.956256,0.975756,0.942758,-0.002519,-0.013498,-0.032998,
400,0.935588,0.951613,0.957674,0.935532,-0.000056,-0.016081,-0.022142,
401,0.946562,0.938241,0.944531,0.932466,-0.014096,-0.005775,-0.012065,
402,0.930717,0.943469,0.924664,0.927798,-0.002919,-0.015671,0.003134,
403,0.922564,0.910369,0.929998,0.937219,0.014655,0.02685,0.007221,
404,0,0,0,0,0,0,0,
405,0.951302,0.960315,0.964361,0.931071,-0.020231,-0.029244,-0.03329,
406,0.945955,0.955867,0.877831,0.933898,-0.012057,-0.021969,0.056067,
407,0.956866,0.964657,0.890209,0.955276,-0.00159,-0.009381,0.065067,
408,0.926385,0.918114,0.851058,0.883556,-0.042829,-0.034558,0.032498,
409,0.950847,0.964252,0.91028,0.944186,-0.006661,-0.020066,0.033906,
410,0.950368,0.962731,0.925926,0.953586,0.003218,-0.009145,0.02766,
411,0.929738,0.901471,0.866176,0.931301,0.001563,0.02983,0.065125,
412,0.931222,0,0.887551,0.930055,-0.001167,0.930055,0.042504,
413,0.962165,0.965254,0.931517,0.929442,-0.032723,-0.035812,-0.002075,
414,0.93252,0.93645,0.914114,0.947189,0.014669,0.010739,0.033075,
415,0.956755,0.938481,0.897895,0.932641,-0.024114,-0.00584,0.034746,
416,0.934718,0.892341,0.896561,0.899208,-0.03551,0.006867,0.002647,
417,0.97313,0.970076,0.957401,0.968356,-0.004774,-0.00172,0.010955,
418,0.971104,0.952332,0.953494,0.957447,-0.013657,0.005115,0.003953,
419,0.950213,0.899214,0.90595,0.911672,-0.038541,0.012458,0.005722,
420,0.96221,0.971649,0.911181,0.95437,-0.00784,-0.017279,0.043189,
421,0.906296,0.911809,0.935532,0.915244,0.008948,0.003435,-0.020288,
422,0.905877,0.925054,0.774274,0.927751,0.021874,0.002697,0.153477,
423,0.897965,0.920775,0.925292,0.911055,0.01309,-0.00972,-0.014237,
424,0.955075,0.961251,0.947802,0.966307,0.011232,0.005056,0.018505,
425,0.922898,0.910368,0.948406,0.921427,-0.001471,0.011059,-0.026979,
426,0.927427,0.917233,0.882851,0.925726,-0.001701,0.008493,0.042875,
427,0.963782,0.966193,0.919689,0.956307,-0.007475,-0.009886,0.036618,
428,0.951082,0.950533,0.93972,0.925703,-0.025379,-0.02483,-0.014017,
429,0.941008,0.942702,0.921274,0.935906,-0.005102,-0.006796,0.014632,
430,0.959686,0.938009,0.951148,0.950557,-0.009129,0.012548,-0.000591,
431,0.972855,0.953704,0.945385,0.96149,-0.011365,0.007786,0.016105,
432,0.805472,0.832641,0.859766,0.797267,-0.008205,-0.035374,-0.062499,
433,0.948996,0.941286,0.942594,0.956536,0.00754,0.01525,0.013942,
434,0.924138,0.917328,0.919703,0.887141,-0.036997,-0.030187,-0.032562,
435,0.905762,0.88429,0.916769,0.904139,-0.001623,0.019849,-0.01263,
436,0.975021,0.956148,0.954328,0.954746,-0.020275,-0.001402,0.000418,
437,0.913164,0.871917,0.905158,0.923592,0.010428,0.051675,0.018434,
438,0.87334,0.896284,0.925095,0.886603,0.013263,-0.009681,-0.038492,
439,0.96821,0.955556,0.899107,0.950593,-0.017617,-0.004963,0.051486,
440,0.947298,0.945254,0.921311,0.947128,-0.00017,0.001874,0.025817,
441,0.967819,0.944674,0.946116,0.942582,-0.025237,-0.002092,-0.003534,
442,0.95826,0.949457,0.972723,0.956055,-0.002205,0.006598,-0.016668,
443,0.859746,0.940993,0.944927,0.929059,0.069313,-0.011934,-0.015868,
444,0.943565,0.961084,0.966828,0.929095,-0.01447,-0.031989,-0.037733,
445,0.895244,0.914587,0.913989,0.919857,0.024613,0.00527,0.005868,
446,0.88561,0.910223,0.877515,0.91602,0.03041,0.005797,0.038505,
447,0.928842,0.92644,0.949443,0.926541,-0.002301,0.000101,-0.022902,
448,0.94285,0.937453,0.870607,0.96245,0.0196,0.024997,0.091843,
449,0.963535,0.963096,0.933397,0.975927,0.012392,0.012831,0.04253,
450,0.959521,0.869189,0.934692,0.949495,-0.010026,0.080306,0.014803,
451,0.969533,0.965483,0.950261,0.96343,-0.006103,-0.002053,0.013169,
452,0.956754,0.965783,0.975819,0.974165,0.017411,0.008382,-0.001654,
453,0.934736,0.930645,0.919334,0.93658,0.001844,0.005935,0.017246,
454,0.955894,0.924617,0.937888,0.940776,-0.015118,0.016159,0.002888,
455,0.953329,0.946501,0.927325,0.942278,-0.011051,-0.004223,0.014953,
456,0.939601,0.958154,0.961117,0.972363,0.032762,0.014209,0.011246,
457,0.950023,0.941488,0.955382,0.941946,-0.008077,0.000458,-0.013436,
458,0.953837,0.902713,0.934457,0.952019,-0.001818,0.049306,0.017562,
459,0.934399,0.900048,0.889178,0.889472,-0.044927,-0.010576,0.000294,
460,0.965572,0.915444,0.905236,0.95706,-0.008512,0.041616,0.051824,
461,0.92932,0.926218,0.940508,0.921689,-0.007631,-0.004529,-0.018819,
462,0.969967,0.969403,0.945468,0.961993,-0.007974,-0.00741,0.016525,
463,0.914547,0.923954,0.913251,0.936453,0.021906,0.012499,0.023202,
464,0.964494,0.941382,0.936605,0.933139,-0.031355,-0.008243,-0.003466,
465,0.964706,0.96378,0.841709,0.959055,-0.005651,-0.004725,0.117346,
466,0.919897,0.872109,0.929163,0.907692,-0.012205,0.035583,-0.021471,
467,0.950942,0.965678,0.904933,0.950158,-0.000784,-0.01552,0.045225,
468,0.915984,0.873077,0.882876,0.871521,-0.044463,-0.001556,-0.011355,
469,0.957581,0.966735,0.924457,0.973051,0.01547,0.006316,0.048594,
470,0.927385,0.927855,0.922553,0.925645,-0.00174,-0.00221,0.003092,
471,0.94181,0.922118,0.943564,0.941906,0.000096,0.019788,-0.001658,
472,0.923093,0.872617,0.927619,0.923012,-0.000081,0.050395,-0.004607,
473,0.864776,0.872667,0.807058,0.872093,0.007317,-0.000574,0.065035,
474,0.963046,0.952077,0.922701,0.932187,-0.030859,-0.01989,0.009486,
475,0.971984,0.950815,0.955618,0.969948,-0.002036,0.019133,0.01433,
476,0.96384,0.905438,0.806697,0.924979,-0.038861,0.019541,0.118282,
477,0.949953,0.950603,0.905354,0.928004,-0.021949,-0.022599,0.02265,
478,0.94572,0.928616,0.859172,0.921287,-0.024433,-0.007329,0.062115,
479,0.958923,0.96833,0.927717,0.971317,0.012394,0.002987,0.0436,
480,1,1,1,1,0,0,0,
481,1,1,1,1,0,0,0,
482,1,1,1,1,0,0,0,
483,1,1,1,1,0,0,0,
484,1,1,1,1,0,0,0,
485,1,1,1,1,0,0,0,
486,1,1,1,1,0,0,0,
487,1,1,1,1,0,0,0,
488,1,1,1,1,0,0,0,
489,1,1,1,1,0,0,0,
490,1,1,1,1,0,0,0,
491,1,1,1,1,0,0,0,
492,1,1,1,1,0,0,0,
493,1,1,1,1,0,0,0,
494,1,1,1,1,0,0,0,
495,1,1,1,1,0,0,0,
496,1,1,1,1,0,0,0,
497,1,1,1,1,0,0,0,
498,1,1,1,1,0,0,0,
499,1,1,1,1,0,0,0,
500,1,1,1,1,0,0,0,
501,1,1,1,1,0,0,0,
502,1,1,1,1,0,0,0,
503,1,1,1,1,0,0,0,
504,1,1,1,1,0,0,0,
505,1,1,1,1,0,0,0,
506,1,1,1,1,0,0,0,
507,1,1,1,1,0,0,0,
508,1,1,1,1,0,0,0,
509,1,1,1,1,0,0,0,
510,1,1,1,1,0,0,0,
511,1,1,1,1,0,0,0,
512,1,1,1,1,0,0,0,
513,1,1,1,1,0,0,0,
514,1,1,1,1,0,0,0,
515,1,1,1,1,0,0,0,
516,1,1,1,1,0,0,0,
517,1,1,1,1,0,0,0,
518,1,1,1,1,0,0,0,
519,1,1,1,1,0,0,0,
520,1,1,1,1,0,0,0,
521,1,1,1,1,0,0,0,
522,1,1,1,1,0,0,0,
523,1,1,1,1,0,0,0,
524,1,1,1,1,0,0,0,
525,1,1,1,1,0,0,0,
526,1,1,1,1,0,0,0,
527,1,1,1,1,0,0,0,
528,1,1,1,1,0,0,0,
529,1,1,1,1,0,0,0,
530,1,1,1,1,0,0,0,
531,1,1,1,1,0,0,0,
532,1,1,1,1,0,0,0,
533,1,1,1,1,0,0,0,
534,1,1,1,1,0,0,0,
535,1,1,1,1,0,0,0,
536,1,1,1,1,0,0,0,
537,1,1,1,1,0,0,0,
538,1,1,1,1,0,0,0,
539,1,1,1,1,0,0,0,
540,1,1,1,1,0,0,0,
541,1,1,1,1,0,0,0,
542,1,1,1,1,0,0,0,
543,1,1,1,1,0,0,0,
544,1,1,1,1,0,0,0,
545,1,1,1,1,0,0,0,
546,1,1,1,1,0,0,0,
547,1,1,1,1,0,0,0,
548,1,1,1,1,0,0,0,
549,1,1,1,1,0,0,0,
550,1,1,1,1,0,0,0,
551,1,1,1,1,0,0,0,
552,1,1,1,1,0,0,0,
553,1,1,1,1,0,0,0,
554,1,1,1,1,0,0,0,
555,1,1,1,1,0,0,0,
556,1,1,1,1,0,0,0,
557,1,1,1,1,0,0,0,
558,1,1,1,1,0,0,0,
559,1,1,1,1,0,0,0,
560,1,1,1,1,0,0,0,
561,1,1,1,1,0,0,0,
562,1,1,1,1,0,0,0,
563,1,1,1,1,0,0,0,
564,1,1,1,1,0,0,0,
565,1,1,1,1,0,0,0,
566,1,1,1,1,0,0,0,
567,1,1,1,1,0,0,0,
568,1,1,1,1,0,0,0,
569,1,1,1,1,0,0,0,
570,1,1,1,1,0,0,0,
571,1,1,1,1,0,0,0,
572,1,1,1,1,0,0,0,
573,1,1,1,1,0,0,0,
574,1,1,1,1,0,0,0,
575,1,1,1,1,0,0,0,
576,1,1,1,1,0,0,0,
577,1,1,1,1,0,0,0,
578,1,1,1,1,0,0,0,
579,1,1,1,1,0,0,0,
580,1,1,1,1,0,0,0,
581,1,1,1,1,0,0,0,
582,1,1,1,1,0,0,0,
583,1,1,1,1,0,0,0,
584,1,1,1,1,0,0,0,
585,1,1,1,1,0,0,0,
586,1,1,1,1,0,0,0,
587,1,1,1,1,0,0,0,
588,1,1,1,1,0,0,0,
589,1,1,1,1,0,0,0,
590,1,1,1,1,0,0,0,
591,1,1,1,1,0,0,0,
592,1,1,1,1,0,0,0,
593,1,1,1,1,0,0,0,
594,1,1,1,1,0,0,0,
595,1,1,1,1,0,0,0,
596,1,1,1,1,0,0,0,
597,1,1,1,1,0,0,0,
598,1,1,1,1,0,0,0,
599,1,1,1,1,0,0,0,
600,1,1,1,1,0,0,0,
601,1,1,1,1,0,0,0,
602,1,1,1,1,0,0,0,
603,1,1,1,1,0,0,0,
604,1,1,1,1,0,0,0,
605,0,1,1,1,1,0,0,
606,1,1,1,1,0,0,0,
607,1,1,1,1,0,0,0,
608,1,1,1,1,0,0,0,
609,1,1,1,1,0,0,0,
610,1,1,1,1,0,0,0,
611,1,1,1,1,0,0,0,
612,1,1,1,1,0,0,0,
613,1,1,1,1,0,0,0,
614,1,1,1,1,0,0,0,
615,1,1,1,1,0,0,0,
616,1,1,1,1,0,0,0,
617,1,1,1,1,0,0,0,
618,1,1,1,1,0,0,0,
619,1,1,1,1,0,0,0,
620,1,1,1,1,0,0,0,
621,1,1,1,1,0,0,0,
622,1,1,1,1,0,0,0,
623,1,1,1,1,0,0,0,
624,1,1,1,1,0,0,0,
625,1,1,1,1,0,0,0,
626,1,1,1,1,0,0,0,
627,1,1,1,1,0,0,0,
628,1,1,1,1,0,0,0,
629,1,1,1,1,0,0,0,
630,1,1,1,1,0,0,0,
631,1,1,1,1,0,0,0,
632,1,1,1,1,0,0,0,
633,1,1,1,1,0,0,0,
634,1,1,1,1,0,0,0,
635,1,1,1,1,0,0,0,
636,1,1,1,1,0,0,0,
637,1,1,1,1,0,0,0,
638,1,1,1,1,0,0,0,
639,1,1,1,1,0,0,0,
640,1,1,1,1,0,0,0,
641,1,1,1,1,0,0,0,
642,1,1,1,1,0,0,0,
643,1,1,1,1,0,0,0,
644,1,1,1,1,0,0,0,
645,1,1,1,1,0,0,0,
646,1,1,1,1,0,0,0,
647,1,1,1,1,0,0,0,
648,1,1,1,1,0,0,0,
649,1,1,1,1,0,0,0,
650,1,1,1,1,0,0,0,
651,1,1,1,1,0,0,0,
652,1,1,1,1,0,0,0,
653,1,1,1,1,0,0,0,
654,1,1,1,1,0,0,0,
655,1,1,1,1,0,0,0,
656,1,1,1,1,0,0,0,
657,1,1,1,1,0,0,0,
658,1,1,1,1,0,0,0,
659,1,1,1,1,0,0,0,
660,1,1,1,1,0,0,0,
661,1,1,1,1,0,0,0,
662,1,1,1,1,0,0,0,
663,1,1,1,1,0,0,0,
664,1,1,1,1,0,0,0,
665,1,1,1,1,0,0,0,
666,1,1,1,1,0,0,0,
667,1,1,1,1,0,0,0,
668,1,1,1,1,0,0,0,
669,1,1,1,1,0,0,0,
670,1,1,1,1,0,0,0,
671,1,1,1,1,0,0,0,
672,1,1,1,1,0,0,0,
673,1,1,1,1,0,0,0,
674,1,1,1,1,0,0,0,
675,1,1,1,1,0,0,0,
676,1,1,1,1,0,0,0,
677,1,1,1,1,0,0,0,
678,1,1,1,1,0,0,0,
679,1,1,1,1,0,0,0,
680,1,0,1,1,0,1,0,
681,1,1,1,1,0,0,0,
682,1,1,1,1,0,0,0,
683,1,1,1,1,0,0,0,
684,1,1,1,1,0,0,0,
685,1,1,1,1,0,0,0,
686,1,1,1,1,0,0,0,
687,1,1,1,1,0,0,0,
688,1,1,1,1,0,0,0,
689,1,1,1,1,0,0,0,
690,1,1,1,1,0,0,0,
691,1,1,1,1,0,0,0,
692,1,1,1,1,0,0,0,
693,1,1,1,1,0,0,0,
694,1,1,1,1,0,0,0,
695,1,1,1,1,0,0,0,
696,1,1,1,1,0,0,0,
697,1,1,1,1,0,0,0,
698,1,1,1,1,0,0,0,
699,1,1,1,1,0,0,0,
700,1,1,1,1,0,0,0,
701,1,1,1,1,0,0,0,
702,1,1,1,1,0,0,0,
703,1,1,1,1,0,0,0,
704,1,1,1,1,0,0,0,
705,1,1,1,1,0,0,0,
706,1,1,1,1,0,0,0,
707,1,1,1,1,0,0,0,
708,1,1,1,1,0,0,0,
709,1,1,1,1,0,0,0,
710,1,1,1,1,0,0,0,
711,1,1,1,1,0,0,0,
712,1,1,1,1,0,0,0,
713,1,1,1,1,0,0,0,
714,1,1,1,1,0,0,0,
715,1,1,1,1,0,0,0,
716,1,1,1,1,0,0,0,
717,1,1,1,1,0,0,0,
718,1,1,1,1,0,0,0,
719,1,1,1,1,0,0,0,
720,1,1,1,1,0,0,0,
721,1,1,1,1,0,0,0,
722,1,1,1,1,0,0,0,
723,1,1,1,1,0,0,0,
724,1,1,1,1,0,0,0,
725,1,1,1,1,0,0,0,
726,1,1,1,1,0,0,0,
727,1,1,1,1,0,0,0,
728,1,1,1,1,0,0,0,
729,1,1,1,1,0,0,0,
730,1,1,1,1,0,0,0,
731,1,1,1,1,0,0,0,
732,1,1,1,1,0,0,0,
733,1,1,1,1,0,0,0,
734,1,1,1,1,0,0,0,
735,1,1,1,1,0,0,0,
736,1,1,1,1,0,0,0,
737,1,1,1,1,0,0,0,
738,1,1,1,1,0,0,0,
739,1,1,1,1,0,0,0,
740,1,1,1,1,0,0,0,
741,1,1,1,1,0,0,0,
742,1,1,1,1,0,0,0,
743,1,1,1,1,0,0,0,
744,1,1,1,1,0,0,0,
745,1,1,1,1,0,0,0,
746,1,1,1,1,0,0,0,
747,1,1,1,1,0,0,0,
748,1,1,1,1,0,0,0,
749,1,1,1,1,0,0,0,
750,1,1,1,1,0,0,0,
751,1,1,1,1,0,0,0,
752,1,1,1,1,0,0,0,
753,1,1,1,1,0,0,0,
754,1,1,1,1,0,0,0,
755,1,1,1,1,0,0,0,
756,1,1,1,1,0,0,0,
757,1,1,1,1,0,0,0,
758,1,1,1,1,0,0,0,
759,1,1,1,1,0,0,0,
760,1,1,1,1,0,0,0,
761,1,1,1,1,0,0,0,
762,1,1,1,1,0,0,0,
763,1,1,1,1,0,0,0,
764,1,1,1,1,0,0,0,
765,1,1,1,1,0,0,0,
766,1,1,1,1,0,0,0,
767,1,1,1,1,0,0,0,
768,1,1,1,1,0,0,0,
769,1,1,1,1,0,0,0,
770,0,1,1,1,1,0,0,
771,1,1,1,1,0,0,0,
772,1,1,1,1,0,0,0,
773,1,1,1,1,0,0,0,
774,1,1,1,1,0,0,0,
775,1,1,1,1,0,0,0,
776,1,1,1,1,0,0,0,
777,1,1,1,1,0,0,0,
778,1,1,1,1,0,0,0,
779,1,1,1,1,0,0,0,
780,1,1,1,1,0,0,0,
781,1,1,1,1,0,0,0,
782,1,1,1,1,0,0,0,
783,1,1,1,1,0,0,0,
784,1,1,1,1,0,0,0,
785,1,1,1,1,0,0,0,
786,1,1,1,1,0,0,0,
787,1,1,1,1,0,0,0,
788,1,1,1,1,0,0,0,
789,1,1,1,1,0,0,0,
790,1,1,1,1,0,0,0,
791,1,1,1,1,0,0,0,
792,1,1,1,1,0,0,0,
793,0,1,1,1,1,0,0,
794,1,1,1,1,0,0,0,
795,1,1,1,1,0,0,0,
796,1,1,1,1,0,0,0,
797,1,1,1,1,0,0,0,
798,1,1,1,1,0,0,0,
799,1,1,1,1,0,0,0,
800,1,1,1,1,0,0,0,
801,1,1,1,1,0,0,0,
802,1,1,1,1,0,0,0,
803,1,1,1,1,0,0,0,
804,1,1,1,1,0,0,0,
805,1,1,1,1,0,0,0,
806,1,1,1,1,0,0,0,
807,1,1,1,1,0,0,0,
808,1,1,1,1,0,0,0,
809,1,1,1,1,0,0,0,
810,1,1,1,1,0,0,0,
811,1,1,1,1,0,0,0,
812,1,1,1,1,0,0,0,
813,1,1,1,1,0,0,0,
814,1,1,1,1,0,0,0,
815,1,1,1,1,0,0,0,
816,1,1,1,1,0,0,0,
817,1,1,1,1,0,0,0,
818,1,1,1,1,0,0,0,
819,1,1,1,1,0,0,0,
820,1,1,1,1,0,0,0,
821,1,1,1,1,0,0,0,
822,1,1,1,1,0,0,0,
823,1,1,1,1,0,0,0,
824,0,1,1,1,1,0,0,
825,1,1,1,1,0,0,0,
826,1,1,1,1,0,0,0,
827,1,1,1,1,0,0,0,
828,1,1,1,1,0,0,0,
829,1,1,1,1,0,0,0,
830,1,1,1,1,0,0,0,
831,1,1,1,1,0,0,0,
832,1,1,1,1,0,0,0,
833,1,1,1,1,0,0,0,
834,1,1,1,1,0,0,0,
835,1,1,1,1,0,0,0,
836,1,1,1,1,0,0,0,
837,1,1,1,1,0,0,0,
838,1,1,1,1,0,0,0,
839,1,1,1,1,0,0,0,
840,1,1,1,1,0,0,0,
841,1,1,1,1,0,0,0,
842,1,1,1,1,0,0,0,
843,1,1,1,1,0,0,0,
844,1,1,1,1,0,0,0,
845,1,1,1,1,0,0,0,
846,1,1,1,1,0,0,0,
847,1,1,1,1,0,0,0,
848,1,1,1,1,0,0,0,
849,1,1,1,1,0,0,0,
850,1,1,1,1,0,0,0,
851,1,1,1,1,0,0,0,
852,1,1,1,1,0,0,0,
853,1,1,1,1,0,0,0,
854,1,1,1,1,0,0,0,
855,1,1,1,1,0,0,0,
856,1,1,1,1,0,0,0,
857,1,1,1,1,0,0,0,
858,1,1,1,1,0,0,0,
859,1,1,1,1,0,0,0,
860,1,1,1,1,0,0,0,
861,1,1,1,1,0,0,0,
862,1,1,1,1,0,0,0,
863,1,1,1,1,0,0,0,
864,1,1,1,1,0,0,0,
865,1,1,1,1,0,0,0,
866,1,1,1,1,0,0,0,
867,1,1,1,1,0,0,0,
868,1,1,1,1,0,0,0,
869,1,1,1,1,0,0,0,
870,1,1,1,1,0,0,0,
871,1,1,1,1,0,0,0,
872,1,1,1,1,0,0,0,
873,1,1,1,1,0,0,0,
874,1,1,1,1,0,0,0,
875,1,1,1,1,0,0,0,
876,1,1,1,1,0,0,0,
877,1,1,1,1,0,0,0,
878,1,1,1,1,0,0,0,
879,1,1,1,1,0,0,0,
880,1,1,1,1,0,0,0,
881,1,1,1,1,0,0,0,
882,1,1,1,1,0,0,0,
883,1,1,1,1,0,0,0,
884,1,1,1,1,0,0,0,
885,1,1,1,1,0,0,0,
886,1,1,1,1,0,0,0,
887,1,1,1,1,0,0,0,
888,1,1,1,1,0,0,0,
889,1,1,1,1,0,0,0,
890,1,1,1,1,0,0,0,
891,1,1,1,1,0,0,0,
892,1,1,1,1,0,0,0,
893,1,1,1,1,0,0,0,
894,1,1,1,1,0,0,0,
895,1,1,1,1,0,0,0,
896,1,1,1,1,0,0,0,
897,1,1,1,1,0,0,0,
898,1,1,1,1,0,0,0,
899,1,1,1,1,0,0,0,
900,1,1,1,1,0,0,0,
901,1,1,1,1,0,0,0,
902,1,1,1,1,0,0,0,
903,1,1,1,1,0,0,0,
904,1,1,1,1,0,0,0,
905,1,1,1,1,0,0,0,
906,1,1,1,1,0,0,0,
907,1,1,1,1,0,0,0,
908,1,1,1,1,0,0,0,
909,1,1,1,1,0,0,0,
910,1,1,1,1,0,0,0,
911,1,1,1,1,0,0,0,
912,1,1,1,1,0,0,0,
913,1,1,1,1,0,0,0,
914,1,1,1,1,0,0,0,
915,1,1,1,1,0,0,0,
916,1,1,1,1,0,0,0,
917,1,1,1,1,0,0,0,
918,1,1,1,1,0,0,0,
919,1,1,1,1,0,0,0,
920,1,1,1,1,0,0,0,
921,1,1,1,1,0,0,0,
922,1,1,1,1,0,0,0,
923,1,1,1,1,0,0,0,
924,1,1,1,1,0,0,0,
925,1,1,1,1,0,0,0,
926,1,1,1,1,0,0,0,
927,1,1,1,1,0,0,0,
928,1,1,1,1,0,0,0,
929,1,1,1,1,0,0,0,
930,1,1,1,1,0,0,0,
931,1,1,1,1,0,0,0,
932,1,1,1,1,0,0,0,
933,1,1,1,1,0,0,0,
934,1,1,1,1,0,0,0,
935,1,1,1,1,0,0,0,
936,1,1,1,1,0,0,0,
937,1,1,1,1,0,0,0,
938,1,1,1,1,0,0,0,
939,1,1,1,1,0,0,0,
940,1,1,1,1,0,0,0,
941,1,1,1,1,0,0,0,
942,1,1,1,1,0,0,0,
943,1,1,1,1,0,0,0,
944,1,1,1,1,0,0,0,
945,1,1,1,1,0,0,0,
946,1,1,1,1,0,0,0,
947,1,1,1,1,0,0,0,
948,1,1,1,1,0,0,0,
949,1,1,1,1,0,0,0,
950,1,1,1,1,0,0,0,
951,1,1,1,1,0,0,0,
952,1,1,1,1,0,0,0,
953,1,1,1,0,-1,-1,-1,
954,1,1,1,1,0,0,0,
955,1,1,1,1,0,0,0,
956,1,1,1,1,0,0,0,
957,1,1,1,1,0,0,0,
958,1,1,1,1,0,0,0,
959,1,1,1,1,0,0,0,