image_id,proposed_iou,proposed_dice,proposed_bf_score,two_stream_iou,two_stream_dice,two_stream_bf_score,diff_iou,diff_dice,diff_bf_score
0,0.964346,0.98185,1,0.976957,0.988344,1,-0.012611,-0.006494,0
1,0.945283,0.971872,1,0.954531,0.976737,1,-0.009248,-0.004865,0
2,0.939778,0.968954,0.933735,0.966762,0.9831,1,-0.026984,-0.014146,-0.066265
3,0.959202,0.979176,1,0.95625,0.977636,1,0.002952,0.00154,0
4,0.944088,0.97124,1,0.952417,0.975629,1,-0.008329,-0.004389,0
5,0.957143,0.978102,1,0.985366,0.992629,1,-0.028223,-0.014527,0
6,0.962838,0.981067,1,0.977144,0.98844,1,-0.014306,-0.007373,0
7,0.934415,0.966096,0.983333,0.965913,0.982661,1,-0.031498,-0.016565,-0.016667
8,0.961085,0.980157,1,0.967337,0.983397,1,-0.006252,-0.00324,0
9,0.949146,0.97391,1,0.958873,0.979005,1,-0.009727,-0.005095,0
10,0.966412,0.982919,1,0.969292,0.984407,1,-0.00288,-0.001488,0
11,0.956571,0.977803,1,0.980288,0.990046,1,-0.023717,-0.012243,0
12,0.983782,0.991825,1,0.972933,0.986281,1,0.010849,0.005544,0
13,0.955213,0.977094,1,0.976078,0.987894,1,-0.020865,-0.0108,0
14,0.911417,0.953656,0.92385,0.926534,0.961866,0.988164,-0.015117,-0.00821,-0.064314
15,0.952413,0.975627,1,0.97096,0.985266,1,-0.018547,-0.009639,0
16,0.958755,0.978943,1,0.974564,0.987118,1,-0.015809,-0.008175,0
17,0.911701,0.953811,0.816151,0.92213,0.959487,0.80983,-0.010429,-0.005676,0.006321
18,0.955252,0.977114,1,0.977099,0.988417,1,-0.021847,-0.011303,0
19,0.970946,0.985259,1,0.943092,0.970713,1,0.027854,0.014546,0
20,0.952741,0.975799,1,0.96594,0.982675,1,-0.013199,-0.006876,0
21,0.942952,0.970638,1,0.953317,0.976101,1,-0.010365,-0.005463,0
22,0.955367,0.977174,0.988165,0.972297,0.985954,1,-0.01693,-0.00878,-0.011835
23,0.959176,0.979162,1,0.980361,0.990083,1,-0.021185,-0.010921,0
24,0.954683,0.976816,1,0.962082,0.980675,1,-0.007399,-0.003859,0
25,0.925302,0.961202,1,0.969886,0.984713,1,-0.044584,-0.023511,0
26,0.971107,0.985342,1,0.976946,0.988339,1,-0.005839,-0.002997,0
27,0.950502,0.974623,1,0.939246,0.968671,0.994412,0.011256,0.005952,0.005588
28,0.913205,0.954634,0.899552,0.982136,0.990988,1,-0.068931,-0.036354,-0.100448
29,0.894423,0.94427,0.901961,0.955224,0.977099,1,-0.060801,-0.032829,-0.098039
30,0.973053,0.986342,1,0.961101,0.980165,1,0.011952,0.006177,0
31,0.96374,0.981535,1,0.966309,0.982866,1,-0.002569,-0.001331,0
32,0.868167,0.929432,0.782281,0.970389,0.984972,1,-0.102222,-0.05554,-0.217719
33,0.924182,0.960597,0.969591,0.956158,0.977588,1,-0.031976,-0.016991,-0.030409
34,0.891111,0.942421,0.934979,0.943492,0.970924,1,-0.052381,-0.028503,-0.065021
35,0.972372,0.985992,1,0.973837,0.986745,1,-0.001465,-0.000753,0
36,0.962358,0.980818,1,0.959893,0.979536,1,0.002465,0.001282,0
37,0.903969,0.949563,0.892052,0.936891,0.967417,1,-0.032922,-0.017854,-0.107948
38,0.968198,0.983842,1,0.966862,0.983152,1,0.001336,0.00069,0
39,0.945407,0.971938,1,0.95041,0.974574,1,-0.005003,-0.002636,0
40,0.961422,0.980332,1,0.97762,0.988683,1,-0.016198,-0.008351,0
41,0.965855,0.982631,1,0.978134,0.988946,1,-0.012279,-0.006315,0
42,0.933965,0.965855,0.972421,0.965622,0.98251,1,-0.031657,-0.016655,-0.027579
43,0.950219,0.974474,1,0.961245,0.98024,1,-0.011026,-0.005766,0
44,0.95883,0.978982,1,0.970466,0.985011,1,-0.011636,-0.006029,0
45,0.909996,0.952878,0.858404,0.933581,0.96565,0.994186,-0.023585,-0.012772,-0.135782
46,0.938161,0.968094,1,0.946459,0.972493,1,-0.008298,-0.004399,0
47,0.962399,0.980839,1,0.958959,0.979049,1,0.00344,0.00179,0
48,0.965913,0.982661,1,0.975091,0.987389,1,-0.009178,-0.004728,0
49,0.966972,0.983209,1,0.978254,0.989008,1,-0.011282,-0.005799,0
50,0.958602,0.978864,1,0.976099,0.987905,1,-0.017497,-0.009041,0
51,0.892814,0.943372,0.94175,0.932047,0.964828,1,-0.039233,-0.021456,-0.05825
52,0.958563,0.978843,0.994253,0.972491,0.986054,1,-0.013928,-0.007211,-0.005747
53,0.96238,0.980829,1,0.961199,0.980215,1,0.001181,0.000614,0
54,0.967984,0.983731,1,0.977273,0.988506,1,-0.009289,-0.004775,0
55,0.893511,0.943761,0.794498,0.916214,0.956275,0.960894,-0.022703,-0.012514,-0.166396
56,0.948609,0.973627,1,0.966522,0.982976,1,-0.017913,-0.009349,0
57,0.945525,0.972,1,0.965336,0.982362,1,-0.019811,-0.010362,0
58,0.947327,0.972951,1,0.921576,0.959188,0.970489,0.025751,0.013763,0.029511
59,0.934566,0.966176,1,0.954562,0.976753,1,-0.019996,-0.010577,0
60,0.9136,0.954849,0.987836,0.953904,0.976408,1,-0.040304,-0.021559,-0.012164
61,0.929213,0.963308,0.913272,0.962401,0.98084,1,-0.033188,-0.017532,-0.086728
62,0.961435,0.980338,1,0.969496,0.984512,1,-0.008061,-0.004174,0
63,0.925585,0.961355,0.988125,0.957685,0.978385,1,-0.0321,-0.01703,-0.011875
64,0.971982,0.985792,1,0.984033,0.991952,1,-0.012051,-0.00616,0
65,0.971982,0.985792,1,0.984033,0.991952,1,-0.012051,-0.00616,0
66,0.940847,0.969522,0.963631,0.963886,0.981611,1,-0.023039,-0.012089,-0.036369
67,0.956021,0.977516,1,0.95603,0.977521,1,-0.000009,-0.000005,0
68,0.955144,0.977058,1,0.973042,0.986337,1,-0.017898,-0.009279,0
69,0.942083,0.970178,1,0.959546,0.979356,1,-0.017463,-0.009178,0
70,0.972061,0.985833,1,0.975255,0.987472,1,-0.003194,-0.001639,0
71,0.946816,0.972681,1,0.939105,0.968596,1,0.007711,0.004085,0
72,0.96474,0.982054,1,0.981407,0.990616,1,-0.016667,-0.008562,0
73,0.964592,0.981977,1,0.97044,0.984998,1,-0.005848,-0.003021,0
74,0.973529,0.986587,1,0.954399,0.976668,1,0.01913,0.009919,0
75,0.958418,0.978768,1,0.962933,0.981117,1,-0.004515,-0.002349,0
76,0.924938,0.961005,0.994301,0.953733,0.976319,1,-0.028795,-0.015314,-0.005699
77,0.934269,0.966018,1,0.956916,0.977984,1,-0.022647,-0.011966,0
78,0.96627,0.982846,1,0.968397,0.983945,1,-0.002127,-0.001099,0
79,0.962478,0.98088,1,0.977257,0.988497,1,-0.014779,-0.007617,0
80,0.96257,0.980928,1,0.95941,0.979284,1,0.00316,0.001644,0
81,0.978801,0.989287,1,0.96537,0.98238,1,0.013431,0.006907,0
82,0.941634,0.96994,1,0.977826,0.988789,1,-0.036192,-0.018849,0
83,0.963557,0.98144,1,0.9537,0.976302,1,0.009857,0.005138,0
84,0.968663,0.984082,1,0.977739,0.988744,1,-0.009076,-0.004662,0
85,0.913323,0.954698,0.958818,0.944337,0.971372,1,-0.031014,-0.016674,-0.041182
86,0.976557,0.98814,1,0.973878,0.986766,1,0.002679,0.001374,0
87,0.965925,0.982667,1,0.960619,0.979914,1,0.005306,0.002753,0
88,0.973849,0.986751,1,0.970273,0.984912,1,0.003576,0.001839,0
89,0.920273,0.958481,0.901426,0.971096,0.985336,1,-0.050823,-0.026855,-0.098574
90,0.972037,0.98582,1,0.977723,0.988736,1,-0.005686,-0.002916,0
91,0.902421,0.948708,0.901829,0.943694,0.971031,1,-0.041273,-0.022323,-0.098171
92,0.95987,0.979524,1,0.977929,0.988842,1,-0.018059,-0.009318,0
93,0.90123,0.948049,0.918259,0.979417,0.989602,1,-0.078187,-0.041553,-0.081741
94,0.971225,0.985403,1,0,0,0,0.971225,0.985403,1
95,0.950217,0.974473,1,0.965055,0.982217,1,-0.014838,-0.007744,0
96,0.961248,0.980241,1,0.955807,0.977404,1,0.005441,0.002837,0
97,0.950161,0.974444,1,0.956814,0.97793,1,-0.006653,-0.003486,0
98,0.936062,0.966975,1,0.974848,0.987264,1,-0.038786,-0.020289,0
99,0.954863,0.97691,1,0.975334,0.987513,1,-0.020471,-0.010603,0
100,0.955229,0.977102,1,0.969101,0.984308,1,-0.013872,-0.007206,0
101,0.925897,0.961523,0.912898,0.936371,0.96714,0.913088,-0.010474,-0.005617,-0.00019
102,0.960347,0.979772,1,0.958918,0.979028,1,0.001429,0.000744,0
103,0.927798,0.962547,0.961749,0.963215,0.981263,1,-0.035417,-0.018716,-0.038251
104,0.970619,0.985091,1,0.968025,0.983753,1,0.002594,0.001338,0
105,0.950435,0.974588,1,0.97033,0.984942,1,-0.019895,-0.010354,0
106,0.964095,0.981719,1,0.973424,0.986533,1,-0.009329,-0.004814,0
107,0.934439,0.966108,0.994065,0.946094,0.9723,1,-0.011655,-0.006192,-0.005935
108,0.961061,0.980144,1,0.977311,0.988525,1,-0.01625,-0.008381,0
109,0.963863,0.981599,1,0.960829,0.980024,1,0.003034,0.001575,0
110,0.966741,0.983089,1,0.947725,0.973161,1,0.019016,0.009928,0
111,0.947938,0.973273,1,0.967387,0.983423,1,-0.019449,-0.01015,0
112,0.948037,0.973325,0.917397,0.968302,0.983896,1,-0.020265,-0.010571,-0.082603
113,0.893735,0.943886,0.923789,0.941975,0.970121,1,-0.04824,-0.026235,-0.076211
114,0.964363,0.981858,1,0.964519,0.981939,1,-0.000156,-0.000081,0
115,0.943152,0.970745,0.973255,0.963139,0.981224,1,-0.019987,-0.010479,-0.026745
116,0.948095,0.973356,1,0.963636,0.981481,1,-0.015541,-0.008125,0
117,0.930912,0.96422,0.98795,0.97559,0.987644,1,-0.044678,-0.023424,-0.01205
118,0.854959,0.921809,0.734185,0.964727,0.982047,1,-0.109768,-0.060238,-0.265815
119,0.944911,0.971675,1,0.972715,0.986169,1,-0.027804,-0.014494,0
120,0.93975,0.968939,1,0.95122,0.975,1,-0.01147,-0.006061,0
121,0.967054,0.983251,1,0.965634,0.982517,1,0.00142,0.000734,0
122,0.937908,0.96796,1,0.970676,0.98512,1,-0.032768,-0.01716,0
123,0.929175,0.963287,1,0.952861,0.975861,1,-0.023686,-0.012574,0
124,0.921148,0.958956,0.846995,0.960914,0.980068,1,-0.039766,-0.021112,-0.153005
125,0.936838,0.967389,1,0.962144,0.980707,1,-0.025306,-0.013318,0
126,0.978091,0.988924,1,0.97796,0.988857,1,0.000131,0.000067,0
127,0.961653,0.980452,1,0.95791,0.978503,1,0.003743,0.001949,0
128,0.958691,0.97891,1,0.967774,0.983623,1,-0.009083,-0.004713,0
129,0.951358,0.975073,1,0.970755,0.985161,1,-0.019397,-0.010088,0
130,0.956278,0.977651,1,0.953136,0.976006,1,0.003142,0.001645,0
131,0.939317,0.968709,0.890283,0.972928,0.986278,1,-0.033611,-0.017569,-0.109717
132,0.965344,0.982367,1,0.967921,0.983699,1,-0.002577,-0.001332,0
133,0.960665,0.979938,1,0.955892,0.977449,1,0.004773,0.002489,0
134,0,0,0,0,0,0,0,0,0
135,0.950795,0.974777,1,0.963683,0.981506,1,-0.012888,-0.006729,0
136,0.966954,0.983199,1,0.975251,0.98747,1,-0.008297,-0.004271,0
137,0.97619,0.987952,1,0.979202,0.989492,1,-0.003012,-0.00154,0
138,0.924407,0.960719,0.964072,0.945019,0.971732,1,-0.020612,-0.011013,-0.035928
139,0.981356,0.99059,1,0.948816,0.973736,1,0.03254,0.016854,0
140,0.968708,0.984105,1,0.959123,0.979135,1,0.009585,0.00497,0
141,0.913416,0.954749,0.915816,0.952941,0.975904,1,-0.039525,-0.021155,-0.084184
142,0.928802,0.963087,1,0.93263,0.965141,0.942284,-0.003828,-0.002054,0.057716
143,0.948602,0.973623,0.984424,0.955291,0.977134,1,-0.006689,-0.003511,-0.015576
144,0.940084,0.969117,1,0.960058,0.979622,1,-0.019974,-0.010505,0
145,0.947644,0.973118,1,0.956578,0.977807,1,-0.008934,-0.004689,0
146,0.958229,0.978669,1,0.96904,0.984277,1,-0.010811,-0.005608,0
147,0.892696,0.943307,0.765675,0.948595,0.973619,1,-0.055899,-0.030312,-0.234325
148,0.947556,0.973072,1,0.967469,0.983466,1,-0.019913,-0.010394,0
149,0.952925,0.975895,1,0.980274,0.990039,1,-0.027349,-0.014144,0
150,0.963946,0.981642,0.956159,0.982036,0.990937,1,-0.01809,-0.009295,-0.043841
151,0.910507,0.953158,0.830777,0.969607,0.984569,1,-0.0591,-0.031411,-0.169223
152,0.963176,0.981243,1,0.963719,0.981524,1,-0.000543,-0.000281,0
153,0.958684,0.978906,1,0.938653,0.968356,1,0.020031,0.01055,0
154,0.967835,0.983655,1,0.978396,0.98908,1,-0.010561,-0.005425,0
155,0.944897,0.971668,1,0.954841,0.976899,1,-0.009944,-0.005231,0
156,0.935403,0.966624,1,0.975148,0.987418,1,-0.039745,-0.020794,0
157,0.91016,0.952967,0.95672,0.956639,0.977839,1,-0.046479,-0.024872,-0.04328
158,0.955944,0.977476,1,0.967855,0.983665,1,-0.011911,-0.006189,0
159,0.950018,0.974369,1,0.941826,0.970042,1,0.008192,0.004327,0
160,0.927095,0.962168,0.978785,0.963785,0.981559,1,-0.03669,-0.019391,-0.021215
161,0.964434,0.981895,1,0.975938,0.987822,1,-0.011504,-0.005927,0
162,0.960312,0.979754,1,0.964706,0.982036,1,-0.004394,-0.002282,0
163,0.940945,0.969574,1,0.963725,0.981528,1,-0.02278,-0.011954,0
164,0.772499,0.87165,0.289809,0.87275,0.932052,0.54844,-0.100251,-0.060402,-0.258631
165,0.978723,0.989247,1,0.965725,0.982564,1,0.012998,0.006683,0
166,0.95341,0.97615,1,0.971076,0.985326,1,-0.017666,-0.009176,0
167,0.970331,0.984942,1,0.958157,0.978632,1,0.012174,0.00631,0
168,0.930726,0.96412,1,0.965789,0.982597,1,-0.035063,-0.018477,0
169,0.968291,0.98389,1,0.968697,0.9841,1,-0.000406,-0.00021,0
170,0.95509,0.977029,1,0.963927,0.981632,1,-0.008837,-0.004603,0
171,0.97378,0.986716,1,0.973541,0.986593,1,0.000239,0.000123,0
172,0.926012,0.961585,1,0.962656,0.980973,1,-0.036644,-0.019388,0
173,0.934062,0.965907,0.886427,0.961973,0.980618,1,-0.027911,-0.014711,-0.113573
174,0.932558,0.965102,0.994117,0.957676,0.978381,1,-0.025118,-0.013279,-0.005883
175,0.944003,0.971195,0.956489,0.968049,0.983765,1,-0.024046,-0.01257,-0.043511
176,0.932642,0.965147,1,0.945699,0.972092,1,-0.013057,-0.006945,0
177,0.918705,0.95763,0.961845,0,0,0,0.918705,0.95763,0.961845
178,0.937332,0.967652,1,0.972624,0.986122,1,-0.035292,-0.01847,0
179,0.923919,0.960455,1,0.897494,0.945978,0.852692,0.026425,0.014477,0.147308
180,0.964363,0.981858,1,0.972401,0.986008,1,-0.008038,-0.00415,0
181,0.944644,0.971534,1,0.960598,0.979903,1,-0.015954,-0.008369,0
182,0.964768,0.982068,1,0.963804,0.981568,1,0.000964,0.0005,0
183,0.953561,0.976229,1,0.960026,0.979605,1,-0.006465,-0.003376,0
184,0.920701,0.958713,1,0.934053,0.965902,1,-0.013352,-0.007189,0
185,0.97619,0.987952,1,0.981541,0.990684,1,-0.005351,-0.002732,0
186,0.975588,0.987643,1,0.975652,0.987676,1,-0.000064,-0.000033,0
187,0.976835,0.988282,1,0.968425,0.983959,1,0.00841,0.004323,0
188,0.970418,0.984987,1,0.975326,0.987509,1,-0.004908,-0.002522,0
189,0.976075,0.987893,1,0.971895,0.985747,1,0.00418,0.002146,0
190,0.942496,0.970397,1,0.962753,0.981023,1,-0.020257,-0.010626,0
191,0.959359,0.979258,1,0.976143,0.987928,1,-0.016784,-0.00867,0
192,0.985485,0.992689,1,0.978423,0.989094,1,0.007062,0.003595,0
193,0.928457,0.962901,0.993958,0.947495,0.97304,1,-0.019038,-0.010139,-0.006042
194,0.959158,0.979153,1,0.955383,0.977183,1,0.003775,0.00197,0
195,0.955411,0.977197,1,0.950617,0.974684,1,0.004794,0.002513,0
196,0.967667,0.983568,1,0.962233,0.980753,1,0.005434,0.002815,0
197,0.950045,0.974383,1,0.958481,0.9788,1,-0.008436,-0.004417,0
198,0.964045,0.981693,1,0.955425,0.977205,1,0.00862,0.004488,0
199,0.969729,0.984632,1,0.975242,0.987466,1,-0.005513,-0.002834,0
200,0.964663,0.982014,1,0.960928,0.980075,1,0.003735,0.001939,0
201,0.969983,0.984763,1,0.980148,0.989975,1,-0.010165,-0.005212,0
202,0.887427,0.940357,0.871963,0.871019,0.931064,0.832958,0.016408,0.009293,0.039005
203,0.933307,0.965503,0.993974,0,0,0,0.933307,0.965503,0.993974
204,0.972014,0.985808,1,0.973478,0.986561,1,-0.001464,-0.000753,0
205,0.945923,0.97221,1,0.943955,0.97117,1,0.001968,0.00104,0
206,0.942899,0.97061,1,0.95941,0.979284,1,-0.016511,-0.008674,0
207,0.955433,0.977208,1,0.970569,0.985065,1,-0.015136,-0.007857,0
208,0.962396,0.980838,1,0.973363,0.986502,1,-0.010967,-0.005664,0
209,0.946844,0.972696,1,0.964072,0.981707,1,-0.017228,-0.009011,0
210,0.952237,0.975534,1,0,0,0,0.952237,0.975534,1
211,0.945244,0.971851,1,0,0,0,0.945244,0.971851,1
212,0.927254,0.962254,1,0.973292,0.986465,1,-0.046038,-0.024211,0
213,0.950406,0.974572,1,0.964072,0.981707,1,-0.013666,-0.007135,0
214,0.921098,0.958929,0.921348,0.930727,0.964121,0.916261,-0.009629,-0.005192,0.005087
215,0.956352,0.977689,1,0.970714,0.98514,1,-0.014362,-0.007451,0
216,0.951066,0.974919,1,0.952684,0.975769,1,-0.001618,-0.00085,0
217,0.9477,0.973148,1,0.970426,0.984991,1,-0.022726,-0.011843,0
218,0.967201,0.983327,1,0.972183,0.985895,1,-0.004982,-0.002568,0
219,0.969111,0.984313,1,0.977853,0.988803,1,-0.008742,-0.00449,0
220,0.9375,0.967742,1,0.978858,0.989316,1,-0.041358,-0.021574,0
221,0.974325,0.986995,1,0.959637,0.979403,1,0.014688,0.007592,0
222,0.946298,0.972408,1,0.916181,0.956257,0.957661,0.030117,0.016151,0.042339
223,0.849234,0.918471,0.773192,0.932124,0.96487,1,-0.08289,-0.046399,-0.226808
224,0.892262,0.943064,0.972968,0.938346,0.968192,1,-0.046084,-0.025128,-0.027032
225,0.94974,0.974222,0.983423,0.947077,0.972819,1,0.002663,0.001403,-0.016577
226,0.952195,0.975512,1,0.951641,0.975222,1,0.000554,0.00029,0
227,0.939796,0.968963,0.964911,0.965134,0.982258,1,-0.025338,-0.013295,-0.035089
228,0.971634,0.985613,1,0.97554,0.987618,1,-0.003906,-0.002005,0
229,0.956989,0.978022,1,0.972245,0.985927,1,-0.015256,-0.007905,0
230,0.954311,0.976622,1,0.97488,0.98728,1,-0.020569,-0.010658,0
231,0.922958,0.959936,1,0.944122,0.971258,1,-0.021164,-0.011322,0
232,0.823289,0.903081,0.526986,0.910278,0.953032,0.83996,-0.086989,-0.049951,-0.312974
233,0.936451,0.967183,1,0.946537,0.972534,1,-0.010086,-0.005351,0
234,0.942847,0.970583,0.972314,0.950891,0.974828,1,-0.008044,-0.004245,-0.027686
235,0.936147,0.967021,0.988472,0.966021,0.982717,1,-0.029874,-0.015696,-0.011528
236,0.931914,0.964757,0.994565,0.94637,0.972446,0.967296,-0.014456,-0.007689,0.027269
237,0.950605,0.974677,1,0.976532,0.988127,1,-0.025927,-0.01345,0
238,0.965291,0.982339,1,0.966201,0.98281,1,-0.00091,-0.000471,0
239,0.966168,0.982793,1,0.956321,0.977673,1,0.009847,0.00512,0
240,0.961034,0.98013,1,0.970236,0.984893,1,-0.009202,-0.004763,0
241,0.931205,0.964377,1,0.958515,0.978818,1,-0.02731,-0.014441,0
242,0.958894,0.979015,1,0.981818,0.990826,1,-0.022924,-0.011811,0
243,0.970643,0.985103,1,0.973537,0.986591,1,-0.002894,-0.001488,0
244,0.942868,0.970594,1,0.950432,0.974586,1,-0.007564,-0.003992,0
245,0.954845,0.976901,0.994565,0.97547,0.987583,1,-0.020625,-0.010682,-0.005435
246,0.941075,0.969643,1,0.963107,0.981207,1,-0.022032,-0.011564,0
247,0.947104,0.972834,1,0,0,0,0.947104,0.972834,1
248,0.948548,0.973595,1,0.968212,0.983849,1,-0.019664,-0.010254,0
249,0.968315,0.983902,1,0.952495,0.97567,1,0.01582,0.008232,0
250,0.944444,0.971429,0.9882,0.908735,0.952186,0.976256,0.035709,0.019243,0.011944
251,0.972727,0.986175,1,0.947581,0.973085,1,0.025146,0.01309,0
252,0.930916,0.964222,0.88326,0.963165,0.981237,1,-0.032249,-0.017015,-0.11674
253,0.95904,0.979092,1,0.963432,0.981376,1,-0.004392,-0.002284,0
254,0.972332,0.985972,1,0.958719,0.978924,1,0.013613,0.007048,0
255,0.919263,0.957934,0.846992,0.963251,0.981281,1,-0.043988,-0.023347,-0.153008
256,0.934506,0.966145,1,0.962494,0.980889,1,-0.027988,-0.014744,0
257,0.926355,0.96177,1,0.946759,0.972651,1,-0.020404,-0.010881,0
258,0.944444,0.971429,0.9882,0.95924,0.979196,1,-0.014796,-0.007767,-0.0118
259,0.975886,0.987796,1,0.959957,0.979569,1,0.015929,0.008227,0
260,0.939215,0.968655,1,0.966747,0.983093,1,-0.027532,-0.014438,0
261,0.94196,0.970113,1,0.979317,0.989551,1,-0.037357,-0.019438,0
262,0.935566,0.966711,0.884156,0.983551,0.991707,1,-0.047985,-0.024996,-0.115844
263,0.937393,0.967685,0.843905,0.948638,0.973642,0.966757,-0.011245,-0.005957,-0.122852
264,0.938478,0.968263,0.977077,0.975192,0.98744,1,-0.036714,-0.019177,-0.022923
265,0.900428,0.947605,0.855366,0.964996,0.982186,1,-0.064568,-0.034581,-0.144634
266,0.93889,0.968482,0.898964,0.938513,0.968281,0.989897,0.000377,0.000201,-0.090933
267,0.925642,0.961385,1,0.962889,0.981094,1,-0.037247,-0.019709,0
268,0.961507,0.980376,1,0.931892,0.964746,1,0.029615,0.01563,0
269,0.942521,0.97041,0.994318,0.958333,0.978723,1,-0.015812,-0.008313,-0.005682
270,0.971429,0.985507,1,0.962569,0.980927,1,0.00886,0.00458,0
271,0.923921,0.960456,0.994318,0.943469,0.970912,1,-0.019548,-0.010456,-0.005682
272,0.939858,0.968997,1,0.951299,0.975042,1,-0.011441,-0.006045,0
273,0.981168,0.990494,1,0.974263,0.986964,1,0.006905,0.00353,0
274,0.965324,0.982356,1,0,0,0,0.965324,0.982356,1
275,0.930935,0.964232,0.924904,0.973154,0.986395,1,-0.042219,-0.022163,-0.075096
276,0.971505,0.985547,1,0.971218,0.985399,1,0.000287,0.000148,0
277,0.920971,0.95886,0.874368,0.940421,0.969296,1,-0.01945,-0.010436,-0.125632
278,0.972989,0.986309,1,0.982619,0.991233,1,-0.00963,-0.004924,0
279,0.949167,0.973921,1,0.975363,0.987528,1,-0.026196,-0.013607,0
280,0.959846,0.979512,1,0.973693,0.986671,1,-0.013847,-0.007159,0
281,0.96576,0.982582,1,0.960923,0.980072,1,0.004837,0.00251,0
282,0.957367,0.978219,1,0.962737,0.981015,1,-0.00537,-0.002796,0
283,0.965949,0.982679,1,0.977895,0.988824,1,-0.011946,-0.006145,0
284,0.9681,0.983792,1,0.981091,0.990455,1,-0.012991,-0.006663,0
285,0.927795,0.962545,0.988764,0.954306,0.976619,1,-0.026511,-0.014074,-0.011236
286,0.966436,0.982932,1,0.953582,0.97624,1,0.012854,0.006692,0
287,0.932961,0.965318,0.980329,0.952451,0.975646,1,-0.01949,-0.010328,-0.019671
288,0.92751,0.962392,0.952858,0.972739,0.986181,1,-0.045229,-0.023789,-0.047142
289,0.961796,0.980526,0.967152,0.957775,0.978432,1,0.004021,0.002094,-0.032848
290,0.960199,0.979695,1,0.94936,0.974022,1,0.010839,0.005673,0
291,0.964124,0.981734,1,0.969127,0.984321,1,-0.005003,-0.002587,0
292,0.935272,0.966553,0.971831,0.964423,0.981889,1,-0.029151,-0.015336,-0.028169
293,0.981758,0.990795,1,0.979881,0.989838,1,0.001877,0.000957,0
294,0.929595,0.963513,1,0.956771,0.977908,1,-0.027176,-0.014395,0
295,0.93401,0.965879,1,0.976633,0.988178,1,-0.042623,-0.022299,0
296,0.942508,0.970403,0.99363,0.975045,0.987365,1,-0.032537,-0.016962,-0.00637
297,0.960563,0.979885,1,0.976456,0.988088,1,-0.015893,-0.008203,0
298,0.960926,0.980074,1,0.972364,0.985988,1,-0.011438,-0.005914,0
299,0.943939,0.971161,1,0.952273,0.975553,1,-0.008334,-0.004392,0
300,0.947704,0.97315,0.955801,0.965789,0.982597,1,-0.018085,-0.009447,-0.044199
301,0.975782,0.987743,1,0.967463,0.983463,1,0.008319,0.00428,0
302,0.886453,0.939809,0.923281,0.978369,0.989066,1,-0.091916,-0.049257,-0.076719
303,0.949658,0.974179,1,0.963597,0.981461,1,-0.013939,-0.007282,0
304,0.977672,0.98871,1,0.960385,0.979792,1,0.017287,0.008918,0
305,0.962759,0.981026,1,0.969847,0.984693,1,-0.007088,-0.003667,0
306,0.942029,0.970149,1,0.975667,0.987684,1,-0.033638,-0.017535,0
307,0.976291,0.988003,1,0.981064,0.990442,1,-0.004773,-0.002439,0
308,0.950609,0.974679,1,0.964532,0.981946,1,-0.013923,-0.007267,0
309,0.956966,0.97801,1,0.951016,0.974893,1,0.00595,0.003117,0
310,0.933207,0.96545,1,0.965046,0.982212,1,-0.031839,-0.016762,0
311,0.941271,0.969747,0.95144,0.964052,0.981697,1,-0.022781,-0.01195,-0.04856
312,0.954513,0.976727,1,0.97374,0.986695,1,-0.019227,-0.009968,0
313,0.956941,0.977997,1,0.958805,0.97897,1,-0.001864,-0.000973,0
314,0.955442,0.977213,1,0.977219,0.988478,1,-0.021777,-0.011265,0
315,0.975317,0.987504,1,0.977755,0.988752,1,-0.002438,-0.001248,0
316,0.946357,0.972439,1,0,0,0,0.946357,0.972439,1
317,0.972222,0.985915,1,0.95777,0.97843,1,0.014452,0.007485,0
318,0.964935,0.982155,1,0.971116,0.985346,1,-0.006181,-0.003191,0
319,0.945853,0.972173,1,0.955353,0.977167,1,-0.0095,-0.004994,0
320,0.94603,0.972266,0.986754,0.943848,0.971113,0.897815,0.002182,0.001153,0.088939
321,0.962729,0.98101,1,0.938915,0.968495,0.918368,0.023814,0.012515,0.081632
322,0.838816,0.912343,0.495526,0.855294,0.922004,0.613516,-0.016478,-0.009661,-0.11799
323,0.914661,0.955429,0.803192,0.973187,0.986411,1,-0.058526,-0.030982,-0.196808
324,0.936232,0.967066,1,0.909294,0.952493,0.769771,0.026938,0.014573,0.230229
325,0.942807,0.970562,0.995204,0.921412,0.959099,0.951075,0.021395,0.011463,0.044129
326,0.944444,0.971429,0.960542,0.948125,0.973372,0.989999,-0.003681,-0.001943,-0.029457
327,0.961602,0.980425,1,0.947784,0.973192,0.955555,0.013818,0.007233,0.044445
328,0.949341,0.974012,1,0,0,0,0.949341,0.974012,1
329,0.948109,0.973364,1,0.260045,0.412755,0.468427,0.688064,0.560609,0.531573
330,0.967095,0.983272,1,0.947256,0.972914,1,0.019839,0.010358,0
331,0.909636,0.95268,0.874675,0.947349,0.972963,1,-0.037713,-0.020283,-0.125325
332,0.919551,0.958089,0.937357,0.957518,0.978298,1,-0.037967,-0.020209,-0.062643
333,0.953801,0.976354,1,0.943481,0.970919,1,0.01032,0.005435,0
334,0.9,0.947368,0.842156,0.951764,0.975286,1,-0.051764,-0.027918,-0.157844
335,0.937362,0.967669,0.955299,0,0,0,0.937362,0.967669,0.955299
336,0.958292,0.978702,1,0.974992,0.987337,1,-0.0167,-0.008635,0
337,0.933767,0.965749,0.973752,0.960952,0.980087,1,-0.027185,-0.014338,-0.026248
338,0.938099,0.968061,0.980806,0.976019,0.987864,1,-0.03792,-0.019803,-0.019194
339,0.969043,0.984278,1,0,0,0,0.969043,0.984278,1
340,0.953055,0.975963,1,0.952133,0.97548,0.995316,0.000922,0.000483,0.004684
341,0.941421,0.969827,0.939932,0,0,0,0.941421,0.969827,0.939932
342,0.936454,0.967184,0.858699,0.946584,0.972559,0.974298,-0.01013,-0.005375,-0.115599
343,0.963763,0.981547,1,0.974776,0.987227,1,-0.011013,-0.00568,0
344,0.970621,0.985091,1,0.95433,0.976632,1,0.016291,0.008459,0
345,0.918811,0.957688,0.951757,0.466432,0.636146,0.268427,0.452379,0.321542,0.68333
346,0.969374,0.984449,1,0.968875,0.984191,1,0.000499,0.000258,0
347,0.919903,0.958281,0.837261,0,0,0,0.919903,0.958281,0.837261
348,0.943834,0.971106,0.963088,0.94792,0.973264,1,-0.004086,-0.002158,-0.036912
349,0.913412,0.954747,0.9458,0.92458,0.960812,0.99506,-0.011168,-0.006065,-0.04926
350,0.95004,0.97438,0.985222,0.938567,0.96831,0.931127,0.011473,0.00607,0.054095
351,0.969799,0.984668,1,0.949515,0.974104,1,0.020284,0.010564,0
352,0.961523,0.980384,1,0.963895,0.981615,1,-0.002372,-0.001231,0
353,0.938808,0.968438,0.946288,0.944635,0.971529,0.93737,-0.005827,-0.003091,0.008918
354,0.975616,0.987657,1,0,0,0,0.975616,0.987657,1
355,0.921951,0.959391,0.869903,0.941745,0.969999,1,-0.019794,-0.010608,-0.130097
356,0.955508,0.977248,0.939522,0.944053,0.971221,0.876304,0.011455,0.006027,0.063218
357,0.945823,0.972157,1,0,0,0,0.945823,0.972157,1
358,0.934816,0.96631,0.989442,0.95217,0.975499,0.98936,-0.017354,-0.009189,0.000082
359,0.912216,0.954093,0.809756,0,0,0,0.912216,0.954093,0.809756
360,0.956067,0.97754,1,0.95776,0.978424,0.995412,-0.001693,-0.000884,0.004588
361,0.942671,0.97049,1,0.974516,0.987094,1,-0.031845,-0.016604,0
362,0.961806,0.980531,1,0,0,0,0.961806,0.980531,1
363,0.843459,0.915083,0.60795,0,0,0,0.843459,0.915083,0.60795
364,0.961262,0.980249,1,0.969243,0.984381,1,-0.007981,-0.004132,0
365,0.960805,0.980011,1,0.940402,0.969286,0.995191,0.020403,0.010725,0.004809
366,0.965067,0.982223,0.980653,0.9722,0.985904,1,-0.007133,-0.003681,-0.019347
367,0.961604,0.980426,1,0.913704,0.954906,0.988977,0.0479,0.02552,0.011023
368,0.965271,0.982329,1,0.972703,0.986163,1,-0.007432,-0.003834,0
369,0.963779,0.981555,1,0,0,0,0.963779,0.981555,1
370,0.931188,0.964368,0.880638,0,0,0,0.931188,0.964368,0.880638
371,0.972587,0.986103,1,0.275833,0.432396,0.232517,0.696754,0.553707,0.767483
372,0.946716,0.972629,1,0,0,0,0.946716,0.972629,1
373,0.938968,0.968524,0.900374,0.914927,0.955574,0.844784,0.024041,0.01295,0.05559
374,0.838902,0.912395,0.602705,0,0,0,0.838902,0.912395,0.602705
375,0.973567,0.986607,1,0.980079,0.989939,1,-0.006512,-0.003332,0
376,0.959145,0.979147,1,0.967696,0.983583,1,-0.008551,-0.004436,0
377,0.828947,0.906475,0.682855,0.958831,0.978983,1,-0.129884,-0.072508,-0.317145
378,0.929255,0.96333,0.900521,0.95616,0.977589,1,-0.026905,-0.014259,-0.099479
379,0.905889,0.950621,0.802108,0.937084,0.96752,0.870923,-0.031195,-0.016899,-0.068815
380,0.966737,0.983087,1,0.948045,0.97333,0.951009,0.018692,0.009757,0.048991
381,0.978099,0.988928,1,0,0,0,0.978099,0.988928,1
382,0.45094,0.621583,0.16745,0,0,0,0.45094,0.621583,0.16745
383,0.949283,0.973982,1,0.942826,0.970572,0.970146,0.006457,0.00341,0.029854
384,0.933931,0.965837,0.906157,0.961159,0.980195,1,-0.027228,-0.014358,-0.093843
385,0.925678,0.961405,0.988636,0.922475,0.959674,1,0.003203,0.001731,-0.011364
386,0.960359,0.979779,0.997555,0.973279,0.986459,1,-0.01292,-0.00668,-0.002445
387,0.952183,0.975506,1,0.11226,0.20186,0.331797,0.839923,0.773646,0.668203
388,0.967594,0.98353,1,0.967121,0.983285,1,0.000473,0.000245,0
389,0.936599,0.967262,0.973503,0,0,0,0.936599,0.967262,0.973503
390,0.953637,0.976268,1,0.968063,0.983773,1,-0.014426,-0.007505,0
391,0.773617,0.872361,0.519651,0.840275,0.913206,0.606437,-0.066658,-0.040845,-0.086786
392,0.961385,0.980312,1,0.974353,0.98701,1,-0.012968,-0.006698,0
393,0.925741,0.961438,0.926829,0.938741,0.968403,1,-0.013,-0.006965,-0.073171
394,0.957083,0.978071,1,0.959107,0.979127,1,-0.002024,-0.001056,0
395,0.927955,0.962631,0.950969,0,0,0,0.927955,0.962631,0.950969
396,0.930688,0.9641,1,0.955675,0.977335,1,-0.024987,-0.013235,0
397,0.946221,0.972367,1,0,0,0,0.946221,0.972367,1
398,0.958539,0.978831,1,0.954657,0.976803,0.935268,0.003882,0.002028,0.064732
399,0.957619,0.978351,0.985714,0.968524,0.98401,1,-0.010905,-0.005659,-0.014286
400,0.947322,0.972948,1,0,0,0,0.947322,0.972948,1
401,0.929365,0.963389,0.904923,0.961791,0.980524,1,-0.032426,-0.017135,-0.095077
402,0.923094,0.960009,0.810648,0.936565,0.967244,0.982202,-0.013471,-0.007235,-0.171554
403,0.938242,0.968137,0.846626,0.94787,0.973237,1,-0.009628,-0.0051,-0.153374
404,0,0,0,0.830611,0.907469,0.365422,-0.830611,-0.907469,-0.365422
405,0.957041,0.978049,1,0,0,0,0.957041,0.978049,1
406,0.939911,0.969025,0.983378,0.965092,0.982236,1,-0.025181,-0.013211,-0.016622
407,0.9626,0.980944,1,0.982461,0.991153,1,-0.019861,-0.010209,0
408,0.871841,0.931533,0.709464,0,0,0,0.871841,0.931533,0.709464
409,0.941992,0.97013,0.984226,0.829352,0.906716,0.734863,0.11264,0.063414,0.249363
410,0.95145,0.975121,1,0.94296,0.970643,0.994624,0.00849,0.004478,0.005376
411,0.911904,0.953922,0.743788,0.948461,0.973549,0.914542,-0.036557,-0.019627,-0.170754
412,0.929194,0.963298,0.947536,0.953409,0.976149,1,-0.024215,-0.012851,-0.052464
413,0.944947,0.971694,0.990338,0.966075,0.982745,1,-0.021128,-0.011051,-0.009662
414,0.939063,0.968574,1,0.975189,0.987439,1,-0.036126,-0.018865,0
415,0.947911,0.973259,0.985838,0.955492,0.977239,1,-0.007581,-0.00398,-0.014162
416,0.896927,0.945663,0.768174,0,0,0,0.896927,0.945663,0.768174
417,0.966164,0.982791,0.997389,0.974462,0.987066,1,-0.008298,-0.004275,-0.002611
418,0.963731,0.98153,1,0.406234,0.577761,0.464479,0.557497,0.403769,0.535521
419,0.903657,0.949391,0.848233,0.96881,0.984158,1,-0.065153,-0.034767,-0.151767
420,0.959651,0.97941,1,0,0,0,0.959651,0.97941,1
421,0.92887,0.963124,1,0.965267,0.982327,1,-0.036397,-0.019203,0
422,0.928487,0.962917,0.89694,0.963026,0.981165,1,-0.034539,-0.018248,-0.10306
423,0.919718,0.95818,0.962537,0.95734,0.978205,1,-0.037622,-0.020025,-0.037463
424,0.969666,0.984599,1,0,0,0,0.969666,0.984599,1
425,0.923615,0.960291,0.888302,0.918462,0.957498,0.791332,0.005153,0.002793,0.09697
426,0.918319,0.957421,0.994909,0,0,0,0.918319,0.957421,0.994909
427,0.955013,0.976989,1,0.977174,0.988455,1,-0.022161,-0.011466,0
428,0.937899,0.967954,1,0.969688,0.984611,1,-0.031789,-0.016657,0
429,0.933978,0.965862,0.961038,0.94015,0.969152,0.982415,-0.006172,-0.00329,-0.021377
430,0.953697,0.9763,1,0.980436,0.990121,1,-0.026739,-0.013821,0
431,0.97073,0.985148,1,0.974922,0.987302,1,-0.004192,-0.002154,0
432,0.804866,0.891884,0.38268,0.834939,0.910045,0.528934,-0.030073,-0.018161,-0.146254
433,0.958307,0.97871,0.973473,0.979214,0.989498,1,-0.020907,-0.010788,-0.026527
434,0.878726,0.935449,0.765081,0,0,0,0.878726,0.935449,0.765081
435,0.898108,0.946319,0.829032,0.947561,0.973075,1,-0.049453,-0.026756,-0.170968
436,0.960746,0.97998,1,0.96764,0.983554,1,-0.006894,-0.003574,0
437,0.908761,0.9522,0.858633,0,0,0,0.908761,0.9522,0.858633
438,0.860924,0.925265,0.722968,0.897933,0.946222,0.792414,-0.037009,-0.020957,-0.069446
439,0.962382,0.98083,1,0.97399,0.986824,1,-0.011608,-0.005994,0
440,0.950201,0.974465,1,0.952686,0.97577,1,-0.002485,-0.001305,0
441,0.954974,0.976968,1,0.971801,0.985699,1,-0.016827,-0.008731,0
442,0.960533,0.979869,1,0.947065,0.972813,1,0.013468,0.007056,0
443,0.905878,0.950615,0.827327,0.372941,0.543273,0.488617,0.532937,0.407342,0.33871
444,0.937332,0.967653,0.934003,0.955354,0.977167,1,-0.018022,-0.009514,-0.065997
445,0.914527,0.955356,1,0.949355,0.974019,1,-0.034828,-0.018663,0
446,0.921141,0.958952,0.859379,0.935684,0.966774,0.929046,-0.014543,-0.007822,-0.069667
447,0.935237,0.966535,0.966824,0.938869,0.968471,0.974072,-0.003632,-0.001936,-0.007248
448,0.959086,0.979116,1,0.944625,0.971524,0.952561,0.014461,0.007592,0.047439
449,0.976959,0.988345,1,0.95902,0.979082,1,0.017939,0.009263,0
450,0.95582,0.977411,1,0.960428,0.979815,1,-0.004608,-0.002404,0
451,0.974981,0.987332,1,0.954511,0.976726,1,0.02047,0.010606,0
452,0.973698,0.986674,1,0.966855,0.983148,1,0.006843,0.003526,0
453,0.918252,0.957384,0.940437,0.957256,0.978161,0.995122,-0.039004,-0.020777,-0.054685
454,0.952876,0.975869,1,0.963985,0.981662,1,-0.011109,-0.005793,0
455,0.948511,0.973575,1,0.972625,0.986122,1,-0.024114,-0.012547,0
456,0.969965,0.984753,1,0,0,0,0.969965,0.984753,1
457,0.952126,0.975476,0.950318,0.852606,0.92044,0.790987,0.09952,0.055036,0.159331
458,0.961527,0.980386,1,0.958696,0.978912,1,0.002831,0.001474,0
459,0.913801,0.954959,0.883239,0,0,0,0.913801,0.954959,0.883239
460,0.954436,0.976687,1,0.948512,0.973576,1,0.005924,0.003111,0
461,0.926244,0.96171,0.850445,0.927561,0.962419,0.933702,-0.001317,-0.000709,-0.083257
462,0.963744,0.981537,1,0,0,0,0.963744,0.981537,1
463,0.938569,0.968311,1,0,0,0,0.938569,0.968311,1
464,0.942774,0.970544,1,0.943198,0.970769,0.941983,-0.000424,-0.000225,0.058017
465,0.966733,0.983085,1,0.950612,0.974681,1,0.016121,0.008404,0
466,0.907459,0.951485,0.77665,0.917019,0.956714,0.792974,-0.00956,-0.005229,-0.016324
467,0.952162,0.975495,1,0.96773,0.983601,1,-0.015568,-0.008106,0
468,0.882391,0.937521,0.741421,0.80428,0.891525,0.751352,0.078111,0.045996,-0.009931
469,0.962014,0.980639,1,0.961472,0.980358,1,0.000542,0.000281,0
470,0.93774,0.96787,0.875336,0.948631,0.973638,0.924132,-0.010891,-0.005768,-0.048796
471,0.935006,0.966411,0.965035,0.955355,0.977168,0.957823,-0.020349,-0.010757,0.007212
472,0.913793,0.954955,0.810345,0.917,0.956703,0.806984,-0.003207,-0.001748,0.003361
473,0.871529,0.931355,0.863147,0,0,0,0.871529,0.931355,0.863147
474,0.937757,0.967879,1,0.57416,0.729481,0.488412,0.363597,0.238398,0.511588
475,0.96858,0.984039,1,0,0,0,0.96858,0.984039,1
476,0.934365,0.966069,0.932999,0,0,0,0.934365,0.966069,0.932999
477,0.920946,0.958846,0.787087,0.964439,0.981898,1,-0.043493,-0.023052,-0.212913
478,0.925577,0.961351,0.947017,0.952124,0.975475,0.978213,-0.026547,-0.014124,-0.031196
479,0.97058,0.98507,1,0,0,0,0.97058,0.98507,1
480,1,1,1,1,1,1,0,0,0
481,1,1,1,1,1,1,0,0,0
482,1,1,1,1,1,1,0,0,0
483,1,1,1,1,1,1,0,0,0
484,1,1,1,1,1,1,0,0,0
485,1,1,1,1,1,1,0,0,0
486,1,1,1,1,1,1,0,0,0
487,1,1,1,1,1,1,0,0,0
488,1,1,1,1,1,1,0,0,0
489,1,1,1,1,1,1,0,0,0
490,1,1,1,1,1,1,0,0,0
491,1,1,1,1,1,1,0,0,0
492,1,1,1,1,1,1,0,0,0
493,1,1,1,1,1,1,0,0,0
494,1,1,1,1,1,1,0,0,0
495,1,1,1,1,1,1,0,0,0
496,1,1,1,1,1,1,0,0,0
497,1,1,1,1,1,1,0,0,0
498,1,1,1,1,1,1,0,0,0
499,1,1,1,1,1,1,0,0,0
500,1,1,1,1,1,1,0,0,0
501,1,1,1,1,1,1,0,0,0
502,1,1,1,1,1,1,0,0,0
503,1,1,1,1,1,1,0,0,0
504,1,1,1,1,1,1,0,0,0
505,1,1,1,1,1,1,0,0,0
506,1,1,1,1,1,1,0,0,0
507,1,1,1,1,1,1,0,0,0
508,1,1,1,1,1,1,0,0,0
509,1,1,1,1,1,1,0,0,0
510,1,1,1,1,1,1,0,0,0
511,1,1,1,1,1,1,0,0,0
512,1,1,1,1,1,1,0,0,0
513,1,1,1,1,1,1,0,0,0
514,1,1,1,1,1,1,0,0,0
515,1,1,1,1,1,1,0,0,0
516,1,1,1,1,1,1,0,0,0
517,1,1,1,1,1,1,0,0,0
518,1,1,1,1,1,1,0,0,0
519,1,1,1,1,1,1,0,0,0
520,1,1,1,1,1,1,0,0,0
521,1,1,1,1,1,1,0,0,0
522,1,1,1,1,1,1,0,0,0
523,1,1,1,1,1,1,0,0,0
524,1,1,1,1,1,1,0,0,0
525,1,1,1,1,1,1,0,0,0
526,1,1,1,1,1,1,0,0,0
527,1,1,1,1,1,1,0,0,0
528,1,1,1,1,1,1,0,0,0
529,1,1,1,1,1,1,0,0,0
530,1,1,1,1,1,1,0,0,0
531,1,1,1,1,1,1,0,0,0
532,1,1,1,1,1,1,0,0,0
533,1,1,1,1,1,1,0,0,0
534,1,1,1,1,1,1,0,0,0
535,1,1,1,1,1,1,0,0,0
536,1,1,1,1,1,1,0,0,0
537,1,1,1,1,1,1,0,0,0
538,1,1,1,1,1,1,0,0,0
539,1,1,1,1,1,1,0,0,0
540,1,1,1,1,1,1,0,0,0
541,1,1,1,1,1,1,0,0,0
542,1,1,1,1,1,1,0,0,0
543,1,1,1,1,1,1,0,0,0
544,1,1,1,1,1,1,0,0,0
545,1,1,1,1,1,1,0,0,0
546,1,1,1,1,1,1,0,0,0
547,1,1,1,1,1,1,0,0,0
548,1,1,1,1,1,1,0,0,0
549,1,1,1,1,1,1,0,0,0
550,1,1,1,1,1,1,0,0,0
551,1,1,1,1,1,1,0,0,0
552,1,1,1,1,1,1,0,0,0
553,1,1,1,1,1,1,0,0,0
554,1,1,1,1,1,1,0,0,0
555,1,1,1,1,1,1,0,0,0
556,1,1,1,1,1,1,0,0,0
557,1,1,1,1,1,1,0,0,0
558,1,1,1,1,1,1,0,0,0
559,1,1,1,1,1,1,0,0,0
560,1,1,1,1,1,1,0,0,0
561,1,1,1,1,1,1,0,0,0
562,1,1,1,1,1,1,0,0,0
563,1,1,1,1,1,1,0,0,0
564,1,1,1,1,1,1,0,0,0
565,1,1,1,1,1,1,0,0,0
566,1,1,1,1,1,1,0,0,0
567,1,1,1,1,1,1,0,0,0
568,1,1,1,1,1,1,0,0,0
569,1,1,1,1,1,1,0,0,0
570,1,1,1,1,1,1,0,0,0
571,1,1,1,1,1,1,0,0,0
572,1,1,1,1,1,1,0,0,0
573,1,1,1,1,1,1,0,0,0
574,1,1,1,1,1,1,0,0,0
575,1,1,1,1,1,1,0,0,0
576,1,1,1,1,1,1,0,0,0
577,1,1,1,1,1,1,0,0,0
578,1,1,1,1,1,1,0,0,0
579,1,1,1,1,1,1,0,0,0
580,1,1,1,1,1,1,0,0,0
581,1,1,1,1,1,1,0,0,0
582,1,1,1,1,1,1,0,0,0
583,1,1,1,1,1,1,0,0,0
584,1,1,1,1,1,1,0,0,0
585,1,1,1,1,1,1,0,0,0
586,1,1,1,1,1,1,0,0,0
587,1,1,1,1,1,1,0,0,0
588,1,1,1,1,1,1,0,0,0
589,1,1,1,1,1,1,0,0,0
590,1,1,1,1,1,1,0,0,0
591,1,1,1,1,1,1,0,0,0
592,1,1,1,1,1,1,0,0,0
593,1,1,1,1,1,1,0,0,0
594,1,1,1,1,1,1,0,0,0
595,1,1,1,1,1,1,0,0,0
596,1,1,1,1,1,1,0,0,0
597,1,1,1,1,1,1,0,0,0
598,1,1,1,1,1,1,0,0,0
599,1,1,1,1,1,1,0,0,0
600,1,1,1,1,1,1,0,0,0
601,1,1,1,1,1,1,0,0,0
602,1,1,1,1,1,1,0,0,0
603,1,1,1,1,1,1,0,0,0
604,1,1,1,1,1,1,0,0,0
605,1,1,1,1,1,1,0,0,0
606,1,1,1,1,1,1,0,0,0
607,1,1,1,1,1,1,0,0,0
608,1,1,1,1,1,1,0,0,0
609,1,1,1,1,1,1,0,0,0
610,1,1,1,1,1,1,0,0,0
611,1,1,1,1,1,1,0,0,0
612,1,1,1,1,1,1,0,0,0
613,1,1,1,1,1,1,0,0,0
614,1,1,1,1,1,1,0,0,0
615,1,1,1,1,1,1,0,0,0
616,1,1,1,1,1,1,0,0,0
617,1,1,1,1,1,1,0,0,0
618,1,1,1,1,1,1,0,0,0
619,1,1,1,1,1,1,0,0,0
620,1,1,1,1,1,1,0,0,0
621,1,1,1,1,1,1,0,0,0
622,1,1,1,1,1,1,0,0,0
623,1,1,1,1,1,1,0,0,0
624,1,1,1,1,1,1,0,0,0
625,1,1,1,1,1,1,0,0,0
626,1,1,1,1,1,1,0,0,0
627,1,1,1,1,1,1,0,0,0
628,1,1,1,1,1,1,0,0,0
629,1,1,1,1,1,1,0,0,0
630,1,1,1,1,1,1,0,0,0
631,1,1,1,1,1,1,0,0,0
632,1,1,1,1,1,1,0,0,0
633,1,1,1,1,1,1,0,0,0
634,1,1,1,1,1,1,0,0,0
635,1,1,1,1,1,1,0,0,0
636,1,1,1,1,1,1,0,0,0
637,1,1,1,1,1,1,0,0,0
638,1,1,1,1,1,1,0,0,0
639,1,1,1,1,1,1,0,0,0
640,1,1,1,1,1,1,0,0,0
641,1,1,1,1,1,1,0,0,0
642,1,1,1,1,1,1,0,0,0
643,1,1,1,1,1,1,0,0,0
644,1,1,1,1,1,1,0,0,0
645,1,1,1,1,1,1,0,0,0
646,1,1,1,1,1,1,0,0,0
647,1,1,1,1,1,1,0,0,0
648,1,1,1,1,1,1,0,0,0
649,1,1,1,1,1,1,0,0,0
650,1,1,1,1,1,1,0,0,0
651,1,1,1,1,1,1,0,0,0
652,1,1,1,1,1,1,0,0,0
653,1,1,1,1,1,1,0,0,0
654,1,1,1,1,1,1,0,0,0
655,1,1,1,1,1,1,0,0,0
656,1,1,1,1,1,1,0,0,0
657,1,1,1,1,1,1,0,0,0
658,1,1,1,1,1,1,0,0,0
659,1,1,1,1,1,1,0,0,0
660,1,1,1,1,1,1,0,0,0
661,1,1,1,1,1,1,0,0,0
662,1,1,1,1,1,1,0,0,0
663,1,1,1,1,1,1,0,0,0
664,1,1,1,1,1,1,0,0,0
665,1,1,1,1,1,1,0,0,0
666,1,1,1,1,1,1,0,0,0
667,1,1,1,1,1,1,0,0,0
668,1,1,1,1,1,1,0,0,0
669,1,1,1,1,1,1,0,0,0
670,1,1,1,1,1,1,0,0,0
671,1,1,1,1,1,1,0,0,0
672,1,1,1,1,1,1,0,0,0
673,1,1,1,1,1,1,0,0,0
674,1,1,1,1,1,1,0,0,0
675,1,1,1,1,1,1,0,0,0
676,1,1,1,1,1,1,0,0,0
677,1,1,1,1,1,1,0,0,0
678,1,1,1,1,1,1,0,0,0
679,1,1,1,1,1,1,0,0,0
680,1,1,1,1,1,1,0,0,0
681,1,1,1,1,1,1,0,0,0
682,1,1,1,1,1,1,0,0,0
683,1,1,1,1,1,1,0,0,0
684,1,1,1,1,1,1,0,0,0
685,1,1,1,1,1,1,0,0,0
686,1,1,1,1,1,1,0,0,0
687,1,1,1,1,1,1,0,0,0
688,1,1,1,1,1,1,0,0,0
689,1,1,1,1,1,1,0,0,0
690,1,1,1,1,1,1,0,0,0
691,1,1,1,1,1,1,0,0,0
692,1,1,1,1,1,1,0,0,0
693,1,1,1,1,1,1,0,0,0
694,1,1,1,1,1,1,0,0,0
695,1,1,1,1,1,1,0,0,0
696,1,1,1,1,1,1,0,0,0
697,1,1,1,1,1,1,0,0,0
698,1,1,1,1,1,1,0,0,0
699,1,1,1,1,1,1,0,0,0
700,1,1,1,1,1,1,0,0,0
701,1,1,1,1,1,1,0,0,0
702,1,1,1,1,1,1,0,0,0
703,1,1,1,1,1,1,0,0,0
704,1,1,1,1,1,1,0,0,0
705,1,1,1,1,1,1,0,0,0
706,1,1,1,1,1,1,0,0,0
707,1,1,1,1,1,1,0,0,0
708,1,1,1,1,1,1,0,0,0
709,1,1,1,1,1,1,0,0,0
710,1,1,1,1,1,1,0,0,0
711,1,1,1,1,1,1,0,0,0
712,1,1,1,1,1,1,0,0,0
713,1,1,1,1,1,1,0,0,0
714,1,1,1,1,1,1,0,0,0
715,1,1,1,1,1,1,0,0,0
716,1,1,1,1,1,1,0,0,0
717,1,1,1,1,1,1,0,0,0
718,1,1,1,1,1,1,0,0,0
719,1,1,1,1,1,1,0,0,0
720,1,1,1,1,1,1,0,0,0
721,1,1,1,1,1,1,0,0,0
722,1,1,1,1,1,1,0,0,0
723,1,1,1,1,1,1,0,0,0
724,1,1,1,1,1,1,0,0,0
725,1,1,1,1,1,1,0,0,0
726,1,1,1,1,1,1,0,0,0
727,1,1,1,1,1,1,0,0,0
728,1,1,1,1,1,1,0,0,0
729,1,1,1,1,1,1,0,0,0
730,1,1,1,1,1,1,0,0,0
731,1,1,1,1,1,1,0,0,0
732,1,1,1,1,1,1,0,0,0
733,1,1,1,1,1,1,0,0,0
734,1,1,1,1,1,1,0,0,0
735,1,1,1,1,1,1,0,0,0
736,1,1,1,1,1,1,0,0,0
737,1,1,1,1,1,1,0,0,0
738,1,1,1,1,1,1,0,0,0
739,1,1,1,1,1,1,0,0,0
740,1,1,1,1,1,1,0,0,0
741,1,1,1,1,1,1,0,0,0
742,1,1,1,1,1,1,0,0,0
743,1,1,1,1,1,1,0,0,0
744,1,1,1,1,1,1,0,0,0
745,1,1,1,1,1,1,0,0,0
746,1,1,1,1,1,1,0,0,0
747,1,1,1,1,1,1,0,0,0
748,1,1,1,1,1,1,0,0,0
749,1,1,1,1,1,1,0,0,0
750,1,1,1,1,1,1,0,0,0
751,1,1,1,1,1,1,0,0,0
752,1,1,1,1,1,1,0,0,0
753,1,1,1,1,1,1,0,0,0
754,1,1,1,1,1,1,0,0,0
755,1,1,1,1,1,1,0,0,0
756,1,1,1,1,1,1,0,0,0
757,1,1,1,1,1,1,0,0,0
758,1,1,1,1,1,1,0,0,0
759,1,1,1,1,1,1,0,0,0
760,1,1,1,1,1,1,0,0,0
761,1,1,1,1,1,1,0,0,0
762,1,1,1,1,1,1,0,0,0
763,1,1,1,1,1,1,0,0,0
764,1,1,1,1,1,1,0,0,0
765,1,1,1,1,1,1,0,0,0
766,1,1,1,1,1,1,0,0,0
767,1,1,1,1,1,1,0,0,0
768,1,1,1,1,1,1,0,0,0
769,1,1,1,1,1,1,0,0,0
770,1,1,1,1,1,1,0,0,0
771,1,1,1,1,1,1,0,0,0
772,1,1,1,1,1,1,0,0,0
773,1,1,1,1,1,1,0,0,0
774,1,1,1,1,1,1,0,0,0
775,1,1,1,1,1,1,0,0,0
776,1,1,1,1,1,1,0,0,0
777,1,1,1,1,1,1,0,0,0
778,1,1,1,1,1,1,0,0,0
779,1,1,1,1,1,1,0,0,0
780,1,1,1,1,1,1,0,0,0
781,1,1,1,1,1,1,0,0,0
782,1,1,1,1,1,1,0,0,0
783,1,1,1,1,1,1,0,0,0
784,1,1,1,1,1,1,0,0,0
785,1,1,1,1,1,1,0,0,0
786,1,1,1,1,1,1,0,0,0
787,1,1,1,1,1,1,0,0,0
788,1,1,1,1,1,1,0,0,0
789,1,1,1,1,1,1,0,0,0
790,1,1,1,1,1,1,0,0,0
791,1,1,1,1,1,1,0,0,0
792,1,1,1,1,1,1,0,0,0
793,1,1,1,1,1,1,0,0,0
794,1,1,1,1,1,1,0,0,0
795,1,1,1,1,1,1,0,0,0
796,1,1,1,1,1,1,0,0,0
797,1,1,1,1,1,1,0,0,0
798,1,1,1,1,1,1,0,0,0
799,1,1,1,1,1,1,0,0,0
800,1,1,1,1,1,1,0,0,0
801,1,1,1,1,1,1,0,0,0
802,1,1,1,1,1,1,0,0,0
803,1,1,1,1,1,1,0,0,0
804,1,1,1,1,1,1,0,0,0
805,1,1,1,1,1,1,0,0,0
806,1,1,1,1,1,1,0,0,0
807,1,1,1,1,1,1,0,0,0
808,1,1,1,1,1,1,0,0,0
809,1,1,1,1,1,1,0,0,0
810,1,1,1,1,1,1,0,0,0
811,1,1,1,1,1,1,0,0,0
812,1,1,1,1,1,1,0,0,0
813,1,1,1,1,1,1,0,0,0
814,1,1,1,1,1,1,0,0,0
815,1,1,1,1,1,1,0,0,0
816,1,1,1,1,1,1,0,0,0
817,1,1,1,1,1,1,0,0,0
818,1,1,1,1,1,1,0,0,0
819,1,1,1,1,1,1,0,0,0
820,1,1,1,1,1,1,0,0,0
821,1,1,1,1,1,1,0,0,0
822,1,1,1,1,1,1,0,0,0
823,1,1,1,1,1,1,0,0,0
824,1,1,1,1,1,1,0,0,0
825,1,1,1,1,1,1,0,0,0
826,1,1,1,1,1,1,0,0,0
827,1,1,1,1,1,1,0,0,0
828,1,1,1,1,1,1,0,0,0
829,1,1,1,1,1,1,0,0,0
830,1,1,1,1,1,1,0,0,0
831,1,1,1,1,1,1,0,0,0
832,1,1,1,1,1,1,0,0,0
833,1,1,1,1,1,1,0,0,0
834,1,1,1,1,1,1,0,0,0
835,1,1,1,1,1,1,0,0,0
836,1,1,1,1,1,1,0,0,0
837,1,1,1,1,1,1,0,0,0
838,1,1,1,1,1,1,0,0,0
839,1,1,1,1,1,1,0,0,0
840,1,1,1,1,1,1,0,0,0
841,1,1,1,1,1,1,0,0,0
842,1,1,1,1,1,1,0,0,0
843,1,1,1,1,1,1,0,0,0
844,1,1,1,1,1,1,0,0,0
845,1,1,1,1,1,1,0,0,0
846,1,1,1,1,1,1,0,0,0
847,1,1,1,1,1,1,0,0,0
848,1,1,1,1,1,1,0,0,0
849,1,1,1,1,1,1,0,0,0
850,1,1,1,1,1,1,0,0,0
851,1,1,1,1,1,1,0,0,0
852,1,1,1,1,1,1,0,0,0
853,1,1,1,1,1,1,0,0,0
854,1,1,1,1,1,1,0,0,0
855,1,1,1,1,1,1,0,0,0
856,1,1,1,1,1,1,0,0,0
857,1,1,1,1,1,1,0,0,0
858,1,1,1,1,1,1,0,0,0
859,1,1,1,1,1,1,0,0,0
860,1,1,1,1,1,1,0,0,0
861,1,1,1,1,1,1,0,0,0
862,1,1,1,1,1,1,0,0,0
863,1,1,1,1,1,1,0,0,0
864,1,1,1,1,1,1,0,0,0
865,1,1,1,1,1,1,0,0,0
866,1,1,1,1,1,1,0,0,0
867,1,1,1,1,1,1,0,0,0
868,1,1,1,1,1,1,0,0,0
869,1,1,1,1,1,1,0,0,0
870,1,1,1,1,1,1,0,0,0
871,1,1,1,1,1,1,0,0,0
872,1,1,1,1,1,1,0,0,0
873,1,1,1,1,1,1,0,0,0
874,1,1,1,1,1,1,0,0,0
875,1,1,1,1,1,1,0,0,0
876,1,1,1,1,1,1,0,0,0
877,1,1,1,1,1,1,0,0,0
878,1,1,1,1,1,1,0,0,0
879,1,1,1,1,1,1,0,0,0
880,1,1,1,1,1,1,0,0,0
881,1,1,1,1,1,1,0,0,0
882,1,1,1,1,1,1,0,0,0
883,1,1,1,1,1,1,0,0,0
884,1,1,1,1,1,1,0,0,0
885,1,1,1,1,1,1,0,0,0
886,1,1,1,1,1,1,0,0,0
887,1,1,1,1,1,1,0,0,0
888,1,1,1,1,1,1,0,0,0
889,1,1,1,1,1,1,0,0,0
890,1,1,1,1,1,1,0,0,0
891,1,1,1,1,1,1,0,0,0
892,1,1,1,1,1,1,0,0,0
893,1,1,1,1,1,1,0,0,0
894,1,1,1,1,1,1,0,0,0
895,1,1,1,1,1,1,0,0,0
896,1,1,1,1,1,1,0,0,0
897,1,1,1,1,1,1,0,0,0
898,1,1,1,1,1,1,0,0,0
899,1,1,1,1,1,1,0,0,0
900,1,1,1,1,1,1,0,0,0
901,1,1,1,1,1,1,0,0,0
902,1,1,1,1,1,1,0,0,0
903,1,1,1,1,1,1,0,0,0
904,1,1,1,1,1,1,0,0,0
905,1,1,1,1,1,1,0,0,0
906,1,1,1,1,1,1,0,0,0
907,1,1,1,1,1,1,0,0,0
908,1,1,1,1,1,1,0,0,0
909,1,1,1,1,1,1,0,0,0
910,1,1,1,1,1,1,0,0,0
911,1,1,1,1,1,1,0,0,0
912,1,1,1,1,1,1,0,0,0
913,1,1,1,1,1,1,0,0,0
914,1,1,1,1,1,1,0,0,0
915,1,1,1,1,1,1,0,0,0
916,1,1,1,1,1,1,0,0,0
917,1,1,1,1,1,1,0,0,0
918,1,1,1,1,1,1,0,0,0
919,1,1,1,1,1,1,0,0,0
920,1,1,1,1,1,1,0,0,0
921,1,1,1,1,1,1,0,0,0
922,1,1,1,1,1,1,0,0,0
923,1,1,1,1,1,1,0,0,0
924,1,1,1,1,1,1,0,0,0
925,1,1,1,1,1,1,0,0,0
926,1,1,1,1,1,1,0,0,0
927,1,1,1,1,1,1,0,0,0
928,1,1,1,1,1,1,0,0,0
929,1,1,1,1,1,1,0,0,0
930,1,1,1,1,1,1,0,0,0
931,1,1,1,1,1,1,0,0,0
932,1,1,1,1,1,1,0,0,0
933,1,1,1,1,1,1,0,0,0
934,1,1,1,1,1,1,0,0,0
935,1,1,1,1,1,1,0,0,0
936,1,1,1,1,1,1,0,0,0
937,1,1,1,1,1,1,0,0,0
938,1,1,1,1,1,1,0,0,0
939,1,1,1,1,1,1,0,0,0
940,1,1,1,1,1,1,0,0,0
941,1,1,1,1,1,1,0,0,0
942,1,1,1,1,1,1,0,0,0
943,1,1,1,1,1,1,0,0,0
944,1,1,1,1,1,1,0,0,0
945,1,1,1,1,1,1,0,0,0
946,1,1,1,1,1,1,0,0,0
947,1,1,1,1,1,1,0,0,0
948,1,1,1,1,1,1,0,0,0
949,1,1,1,1,1,1,0,0,0
950,1,1,1,1,1,1,0,0,0
951,1,1,1,1,1,1,0,0,0
952,1,1,1,1,1,1,0,0,0
953,1,1,1,1,1,1,0,0,0
954,1,1,1,1,1,1,0,0,0
955,1,1,1,1,1,1,0,0,0
956,1,1,1,1,1,1,0,0,0
957,1,1,1,1,1,1,0,0,0
958,1,1,1,1,1,1,0,0,0
959,1,1,1,1,1,1,0,0,0