image_id,proposed_iou,proposed_dice,proposed_bf_score,diff_id_iou,diff_id_dice,diff_id_bf_score,diff_iou,diff_dice,diff_bf_score
0,0.964346,0.98185,1,0.975949,0.987828,1,-0.011603,-0.005978,0
1,0.945283,0.971872,1,0.963294,0.981304,1,-0.018011,-0.009432,0
2,0.939778,0.968954,0.933735,0.980417,0.990112,1,-0.040639,-0.021158,-0.066265
3,0.959202,0.979176,1,0.955804,0.977402,1,0.003398,0.001774,0
4,0.944088,0.97124,1,0.963947,0.981643,1,-0.019859,-0.010403,0
5,0.957143,0.978102,1,0.972445,0.98603,1,-0.015302,-0.007928,0
6,0.962838,0.981067,1,0.963455,0.981387,1,-0.000617,-0.00032,0
7,0.934415,0.966096,0.983333,0.96358,0.981452,1,-0.029165,-0.015356,-0.016667
8,0.961085,0.980157,1,0.976403,0.988061,1,-0.015318,-0.007904,0
9,0.949146,0.97391,1,0.975552,0.987625,1,-0.026406,-0.013715,0
10,0.966412,0.982919,1,0.966214,0.982817,1,0.000198,0.000102,0
11,0.956571,0.977803,1,0.950454,0.974598,1,0.006117,0.003205,0
12,0.983782,0.991825,1,0.974435,0.987052,1,0.009347,0.004773,0
13,0.955213,0.977094,1,0.98323,0.991544,1,-0.028017,-0.01445,0
14,0.911417,0.953656,0.92385,0.92529,0.961195,1,-0.013873,-0.007539,-0.07615
15,0.952413,0.975627,1,0.969336,0.984429,1,-0.016923,-0.008802,0
16,0.958755,0.978943,1,0.977314,0.988527,1,-0.018559,-0.009584,0
17,0.911701,0.953811,0.816151,0.910453,0.953128,0.811529,0.001248,0.000683,0.004622
18,0.955252,0.977114,1,0.970373,0.984964,1,-0.015121,-0.00785,0
19,0.970946,0.985259,1,0.967655,0.983562,1,0.003291,0.001697,0
20,0.952741,0.975799,1,0.96815,0.983818,1,-0.015409,-0.008019,0
21,0.942952,0.970638,1,0.949816,0.974262,1,-0.006864,-0.003624,0
22,0.955367,0.977174,0.988165,0.96045,0.979826,1,-0.005083,-0.002652,-0.011835
23,0.959176,0.979162,1,0.976447,0.988083,1,-0.017271,-0.008921,0
24,0.954683,0.976816,1,0.952791,0.975825,1,0.001892,0.000991,0
25,0.925302,0.961202,1,0.979213,0.989497,1,-0.053911,-0.028295,0
26,0.971107,0.985342,1,0.971461,0.985524,1,-0.000354,-0.000182,0
27,0.950502,0.974623,1,0.940991,0.969598,0.977647,0.009511,0.005025,0.022353
28,0.913205,0.954634,0.899552,0.985646,0.992771,1,-0.072441,-0.038137,-0.100448
29,0.894423,0.94427,0.901961,0.947195,0.972881,1,-0.052772,-0.028611,-0.098039
30,0.973053,0.986342,1,0.962514,0.980899,1,0.010539,0.005443,0
31,0.96374,0.981535,1,0.955972,0.977491,1,0.007768,0.004044,0
32,0.868167,0.929432,0.782281,0.951017,0.974894,1,-0.08285,-0.045462,-0.217719
33,0.924182,0.960597,0.969591,0.941106,0.96966,1,-0.016924,-0.009063,-0.030409
34,0.891111,0.942421,0.934979,0.958202,0.978655,1,-0.067091,-0.036234,-0.065021
35,0.972372,0.985992,1,0.973761,0.986706,1,-0.001389,-0.000714,0
36,0.962358,0.980818,1,0.961346,0.980292,1,0.001012,0.000526,0
37,0.903969,0.949563,0.892052,0.939908,0.969023,1,-0.035939,-0.01946,-0.107948
38,0.968198,0.983842,1,0.971105,0.985341,1,-0.002907,-0.001499,0
39,0.945407,0.971938,1,0.959318,0.979236,1,-0.013911,-0.007298,0
40,0.961422,0.980332,1,0.978926,0.989351,1,-0.017504,-0.009019,0
41,0.965855,0.982631,1,0.98307,0.991463,1,-0.017215,-0.008832,0
42,0.933965,0.965855,0.972421,0.976142,0.987927,1,-0.042177,-0.022072,-0.027579
43,0.950219,0.974474,1,0.959442,0.979301,1,-0.009223,-0.004827,0
44,0.95883,0.978982,1,0.972018,0.985811,1,-0.013188,-0.006829,0
45,0.909996,0.952878,0.858404,0.952222,0.975526,1,-0.042226,-0.022648,-0.141596
46,0.938161,0.968094,1,0.950209,0.974469,1,-0.012048,-0.006375,0
47,0.962399,0.980839,1,0.968694,0.984098,1,-0.006295,-0.003259,0
48,0.965913,0.982661,1,0.971477,0.985532,1,-0.005564,-0.002871,0
49,0.966972,0.983209,1,0.973692,0.986671,1,-0.00672,-0.003462,0
50,0.958602,0.978864,1,0.976581,0.988152,1,-0.017979,-0.009288,0
51,0.892814,0.943372,0.94175,0.951849,0.97533,1,-0.059035,-0.031958,-0.05825
52,0.958563,0.978843,0.994253,0.977662,0.988705,1,-0.019099,-0.009862,-0.005747
53,0.96238,0.980829,1,0.981553,0.99069,1,-0.019173,-0.009861,0
54,0.967984,0.983731,1,0.983983,0.991927,1,-0.015999,-0.008196,0
55,0.893511,0.943761,0.794498,0.91526,0.955755,0.950717,-0.021749,-0.011994,-0.156219
56,0.948609,0.973627,1,0.972341,0.985977,1,-0.023732,-0.01235,0
57,0.945525,0.972,1,0.968142,0.983813,1,-0.022617,-0.011813,0
58,0.947327,0.972951,1,0.94499,0.971717,1,0.002337,0.001234,0
59,0.934566,0.966176,1,0.968528,0.984012,1,-0.033962,-0.017836,0
60,0.9136,0.954849,0.987836,0.970525,0.985042,1,-0.056925,-0.030193,-0.012164
61,0.929213,0.963308,0.913272,0.953022,0.975946,1,-0.023809,-0.012638,-0.086728
62,0.961435,0.980338,1,0.958703,0.978916,1,0.002732,0.001422,0
63,0.925585,0.961355,0.988125,0.961129,0.980179,1,-0.035544,-0.018824,-0.011875
64,0.971982,0.985792,1,0.982112,0.990975,1,-0.01013,-0.005183,0
65,0.971982,0.985792,1,0.982112,0.990975,1,-0.01013,-0.005183,0
66,0.940847,0.969522,0.963631,0.975565,0.987632,1,-0.034718,-0.01811,-0.036369
67,0.956021,0.977516,1,0.942543,0.970422,1,0.013478,0.007094,0
68,0.955144,0.977058,1,0.977475,0.988609,1,-0.022331,-0.011551,0
69,0.942083,0.970178,1,0.950113,0.974418,1,-0.00803,-0.00424,0
70,0.972061,0.985833,1,0.972253,0.985931,1,-0.000192,-0.000098,0
71,0.946816,0.972681,1,0.938876,0.968475,1,0.00794,0.004206,0
72,0.96474,0.982054,1,0.974638,0.987156,1,-0.009898,-0.005102,0
73,0.964592,0.981977,1,0.979666,0.989729,1,-0.015074,-0.007752,0
74,0.973529,0.986587,1,0.976013,0.987861,1,-0.002484,-0.001274,0
75,0.958418,0.978768,1,0.972581,0.9861,1,-0.014163,-0.007332,0
76,0.924938,0.961005,0.994301,0.944155,0.971276,1,-0.019217,-0.010271,-0.005699
77,0.934269,0.966018,1,0.964139,0.981742,1,-0.02987,-0.015724,0
78,0.96627,0.982846,1,0.963419,0.981369,1,0.002851,0.001477,0
79,0.962478,0.98088,1,0.976353,0.988035,1,-0.013875,-0.007155,0
80,0.96257,0.980928,1,0.949769,0.974237,1,0.012801,0.006691,0
81,0.978801,0.989287,1,0.97092,0.985245,1,0.007881,0.004042,0
82,0.941634,0.96994,1,0.980804,0.990309,1,-0.03917,-0.020369,0
83,0.963557,0.98144,1,0.94672,0.972631,1,0.016837,0.008809,0
84,0.968663,0.984082,1,0.979116,0.989448,1,-0.010453,-0.005366,0
85,0.913323,0.954698,0.958818,0.981048,0.990434,1,-0.067725,-0.035736,-0.041182
86,0.976557,0.98814,1,0.973658,0.986653,1,0.002899,0.001487,0
87,0.965925,0.982667,1,0.975806,0.987755,1,-0.009881,-0.005088,0
88,0.973849,0.986751,1,0.974053,0.986856,1,-0.000204,-0.000105,0
89,0.920273,0.958481,0.901426,0.938879,0.968476,1,-0.018606,-0.009995,-0.098574
90,0.972037,0.98582,1,0.976936,0.988333,1,-0.004899,-0.002513,0
91,0.902421,0.948708,0.901829,0.926192,0.961682,0.976529,-0.023771,-0.012974,-0.0747
92,0.95987,0.979524,1,0.976442,0.988081,1,-0.016572,-0.008557,0
93,0.90123,0.948049,0.918259,0.969463,0.984495,1,-0.068233,-0.036446,-0.081741
94,0.971225,0.985403,1,0,0,0,0.971225,0.985403,1
95,0.950217,0.974473,1,0.958167,0.978637,1,-0.00795,-0.004164,0
96,0.961248,0.980241,1,0.953552,0.976224,1,0.007696,0.004017,0
97,0.950161,0.974444,1,0.948052,0.973333,0.984654,0.002109,0.001111,0.015346
98,0.936062,0.966975,1,0.966519,0.982974,1,-0.030457,-0.015999,0
99,0.954863,0.97691,1,0.977453,0.988598,1,-0.02259,-0.011688,0
100,0.955229,0.977102,1,0.970887,0.985229,1,-0.015658,-0.008127,0
101,0.925897,0.961523,0.912898,0.963041,0.981172,1,-0.037144,-0.019649,-0.087102
102,0.960347,0.979772,1,0.96539,0.98239,1,-0.005043,-0.002618,0
103,0.927798,0.962547,0.961749,0.947189,0.972878,1,-0.019391,-0.010331,-0.038251
104,0.970619,0.985091,1,0.960531,0.979868,1,0.010088,0.005223,0
105,0.950435,0.974588,1,0.954946,0.976954,1,-0.004511,-0.002366,0
106,0.964095,0.981719,1,0.970121,0.984834,1,-0.006026,-0.003115,0
107,0.934439,0.966108,0.994065,0.963007,0.981155,1,-0.028568,-0.015047,-0.005935
108,0.961061,0.980144,1,0.979434,0.98961,1,-0.018373,-0.009466,0
109,0.963863,0.981599,1,0.975984,0.987846,1,-0.012121,-0.006247,0
110,0.966741,0.983089,1,0.966052,0.982733,1,0.000689,0.000356,0
111,0.947938,0.973273,1,0.951822,0.975317,1,-0.003884,-0.002044,0
112,0.948037,0.973325,0.917397,0.981546,0.990687,1,-0.033509,-0.017362,-0.082603
113,0.893735,0.943886,0.923789,0.968657,0.984079,1,-0.074922,-0.040193,-0.076211
114,0.964363,0.981858,1,0.963192,0.981251,1,0.001171,0.000607,0
115,0.943152,0.970745,0.973255,0.97496,0.987321,1,-0.031808,-0.016576,-0.026745
116,0.948095,0.973356,1,0.966969,0.983207,1,-0.018874,-0.009851,0
117,0.930912,0.96422,0.98795,0.96584,0.982623,1,-0.034928,-0.018403,-0.01205
118,0.854959,0.921809,0.734185,0.961412,0.980327,1,-0.106453,-0.058518,-0.265815
119,0.944911,0.971675,1,0.952641,0.975746,1,-0.00773,-0.004071,0
120,0.93975,0.968939,1,0.96237,0.980824,1,-0.02262,-0.011885,0
121,0.967054,0.983251,1,0.966529,0.98298,1,0.000525,0.000271,0
122,0.937908,0.96796,1,0.961797,0.980526,1,-0.023889,-0.012566,0
123,0.929175,0.963287,1,0.954826,0.976891,1,-0.025651,-0.013604,0
124,0.921148,0.958956,0.846995,0.968323,0.983906,1,-0.047175,-0.02495,-0.153005
125,0.936838,0.967389,1,0.961177,0.980204,1,-0.024339,-0.012815,0
126,0.978091,0.988924,1,0.976041,0.987875,1,0.00205,0.001049,0
127,0.961653,0.980452,1,0.953505,0.976199,1,0.008148,0.004253,0
128,0.958691,0.97891,1,0.979028,0.989403,1,-0.020337,-0.010493,0
129,0.951358,0.975073,1,0.952692,0.975773,1,-0.001334,-0.0007,0
130,0.956278,0.977651,1,0.967978,0.983728,1,-0.0117,-0.006077,0
131,0.939317,0.968709,0.890283,0.974035,0.986847,1,-0.034718,-0.018138,-0.109717
132,0.965344,0.982367,1,0.982906,0.991379,1,-0.017562,-0.009012,0
133,0.960665,0.979938,1,0.97353,0.986588,1,-0.012865,-0.00665,0
134,0,0,0,0,0,0,0,0,0
135,0.950795,0.974777,1,0.958499,0.97881,1,-0.007704,-0.004033,0
136,0.966954,0.983199,1,0.969087,0.984301,1,-0.002133,-0.001102,0
137,0.97619,0.987952,1,0.9828,0.991325,1,-0.00661,-0.003373,0
138,0.924407,0.960719,0.964072,0.944856,0.971646,1,-0.020449,-0.010927,-0.035928
139,0.981356,0.99059,1,0.930004,0.963733,1,0.051352,0.026857,0
140,0.968708,0.984105,1,0.965815,0.98261,1,0.002893,0.001495,0
141,0.913416,0.954749,0.915816,0.962264,0.980769,1,-0.048848,-0.02602,-0.084184
142,0.928802,0.963087,1,0.961929,0.980595,1,-0.033127,-0.017508,0
143,0.948602,0.973623,0.984424,0.941105,0.969659,1,0.007497,0.003964,-0.015576
144,0.940084,0.969117,1,0.957501,0.978289,1,-0.017417,-0.009172,0
145,0.947644,0.973118,1,0.957045,0.978051,1,-0.009401,-0.004933,0
146,0.958229,0.978669,1,0.968769,0.984137,1,-0.01054,-0.005468,0
147,0.892696,0.943307,0.765675,0.950368,0.974552,1,-0.057672,-0.031245,-0.234325
148,0.947556,0.973072,1,0.949508,0.9741,1,-0.001952,-0.001028,0
149,0.952925,0.975895,1,0.958822,0.978978,1,-0.005897,-0.003083,0
150,0.963946,0.981642,0.956159,0.969636,0.984584,1,-0.00569,-0.002942,-0.043841
151,0.910507,0.953158,0.830777,0.971849,0.985723,1,-0.061342,-0.032565,-0.169223
152,0.963176,0.981243,1,0.968211,0.983849,1,-0.005035,-0.002606,0
153,0.958684,0.978906,1,0.970964,0.985268,1,-0.01228,-0.006362,0
154,0.967835,0.983655,1,0.982045,0.990941,1,-0.01421,-0.007286,0
155,0.944897,0.971668,1,0.971619,0.985605,1,-0.026722,-0.013937,0
156,0.935403,0.966624,1,0.985556,0.992725,1,-0.050153,-0.026101,0
157,0.91016,0.952967,0.95672,0.968676,0.984089,1,-0.058516,-0.031122,-0.04328
158,0.955944,0.977476,1,0.963885,0.98161,1,-0.007941,-0.004134,0
159,0.950018,0.974369,1,0.947426,0.973003,1,0.002592,0.001366,0
160,0.927095,0.962168,0.978785,0.972531,0.986074,1,-0.045436,-0.023906,-0.021215
161,0.964434,0.981895,1,0.966655,0.983045,1,-0.002221,-0.00115,0
162,0.960312,0.979754,1,0.975347,0.98752,1,-0.015035,-0.007766,0
163,0.940945,0.969574,1,0.954236,0.976582,1,-0.013291,-0.007008,0
164,0.772499,0.87165,0.289809,0.877145,0.934552,0.629962,-0.104646,-0.062902,-0.340153
165,0.978723,0.989247,1,0.966855,0.983148,1,0.011868,0.006099,0
166,0.95341,0.97615,1,0.970748,0.985157,1,-0.017338,-0.009007,0
167,0.970331,0.984942,1,0.964037,0.981689,1,0.006294,0.003253,0
168,0.930726,0.96412,1,0.964531,0.981945,1,-0.033805,-0.017825,0
169,0.968291,0.98389,1,0.968729,0.984116,1,-0.000438,-0.000226,0
170,0.95509,0.977029,1,0.971537,0.985563,1,-0.016447,-0.008534,0
171,0.97378,0.986716,1,0.970972,0.985272,1,0.002808,0.001444,0
172,0.926012,0.961585,1,0.978958,0.989367,1,-0.052946,-0.027782,0
173,0.934062,0.965907,0.886427,0.967477,0.98347,1,-0.033415,-0.017563,-0.113573
174,0.932558,0.965102,0.994117,0.957221,0.978143,1,-0.024663,-0.013041,-0.005883
175,0.944003,0.971195,0.956489,0.983414,0.991638,1,-0.039411,-0.020443,-0.043511
176,0.932642,0.965147,1,0.965163,0.982273,1,-0.032521,-0.017126,0
177,0.918705,0.95763,0.961845,0,0,0,0.918705,0.95763,0.961845
178,0.937332,0.967652,1,0.96858,0.984039,1,-0.031248,-0.016387,0
179,0.923919,0.960455,1,0.918557,0.95755,0.942395,0.005362,0.002905,0.057605
180,0.964363,0.981858,1,0.965095,0.982238,1,-0.000732,-0.00038,0
181,0.944644,0.971534,1,0.964154,0.98175,1,-0.01951,-0.010216,0
182,0.964768,0.982068,1,0.969302,0.984412,1,-0.004534,-0.002344,0
183,0.953561,0.976229,1,0.961402,0.980321,1,-0.007841,-0.004092,0
184,0.920701,0.958713,1,0.950214,0.974471,1,-0.029513,-0.015758,0
185,0.97619,0.987952,1,0.976219,0.987967,1,-0.000029,-0.000015,0
186,0.975588,0.987643,1,0.979521,0.989654,1,-0.003933,-0.002011,0
187,0.976835,0.988282,1,0.979401,0.989594,1,-0.002566,-0.001312,0
188,0.970418,0.984987,1,0.972213,0.985911,1,-0.001795,-0.000924,0
189,0.976075,0.987893,1,0.957854,0.978474,1,0.018221,0.009419,0
190,0.942496,0.970397,1,0.95538,0.977181,1,-0.012884,-0.006784,0
191,0.959359,0.979258,1,0.98264,0.991244,1,-0.023281,-0.011986,0
192,0.985485,0.992689,1,0.972752,0.986188,1,0.012733,0.006501,0
193,0.928457,0.962901,0.993958,0.95288,0.975871,1,-0.024423,-0.01297,-0.006042
194,0.959158,0.979153,1,0.974317,0.986992,1,-0.015159,-0.007839,0
195,0.955411,0.977197,1,0.959309,0.979232,1,-0.003898,-0.002035,0
196,0.967667,0.983568,1,0.97008,0.984813,1,-0.002413,-0.001245,0
197,0.950045,0.974383,1,0.958002,0.97855,1,-0.007957,-0.004167,0
198,0.964045,0.981693,1,0.960881,0.98005,1,0.003164,0.001643,0
199,0.969729,0.984632,1,0.979348,0.989566,1,-0.009619,-0.004934,0
200,0.964663,0.982014,1,0.964082,0.981712,1,0.000581,0.000302,0
201,0.969983,0.984763,1,0.983165,0.991511,1,-0.013182,-0.006748,0
202,0.887427,0.940357,0.871963,0.77707,0.874552,0.528678,0.110357,0.065805,0.343285
203,0.933307,0.965503,0.993974,0,0,0,0.933307,0.965503,0.993974
204,0.972014,0.985808,1,0.972014,0.985808,1,0,0,0
205,0.945923,0.97221,1,0.971667,0.98563,1,-0.025744,-0.01342,0
206,0.942899,0.97061,1,0.952626,0.975738,1,-0.009727,-0.005128,0
207,0.955433,0.977208,1,0.963672,0.9815,1,-0.008239,-0.004292,0
208,0.962396,0.980838,1,0.974606,0.98714,1,-0.01221,-0.006302,0
209,0.946844,0.972696,1,0.973675,0.986662,1,-0.026831,-0.013966,0
210,0.952237,0.975534,1,0,0,0,0.952237,0.975534,1
211,0.945244,0.971851,1,0,0,0,0.945244,0.971851,1
212,0.927254,0.962254,1,0.966792,0.983116,1,-0.039538,-0.020862,0
213,0.950406,0.974572,1,0.96875,0.984127,1,-0.018344,-0.009555,0
214,0.921098,0.958929,0.921348,0.939092,0.968589,1,-0.017994,-0.00966,-0.078652
215,0.956352,0.977689,1,0.969741,0.984638,1,-0.013389,-0.006949,0
216,0.951066,0.974919,1,0.975284,0.987487,1,-0.024218,-0.012568,0
217,0.9477,0.973148,1,0.965669,0.982535,1,-0.017969,-0.009387,0
218,0.967201,0.983327,1,0.960853,0.980036,1,0.006348,0.003291,0
219,0.969111,0.984313,1,0.966073,0.982744,1,0.003038,0.001569,0
220,0.9375,0.967742,1,0.959153,0.979151,1,-0.021653,-0.011409,0
221,0.974325,0.986995,1,0.966341,0.982883,1,0.007984,0.004112,0
222,0.946298,0.972408,1,0.940435,0.969303,1,0.005863,0.003105,0
223,0.849234,0.918471,0.773192,0.966202,0.98281,1,-0.116968,-0.064339,-0.226808
224,0.892262,0.943064,0.972968,0.967282,0.983369,1,-0.07502,-0.040305,-0.027032
225,0.94974,0.974222,0.983423,0.95472,0.976835,1,-0.00498,-0.002613,-0.016577
226,0.952195,0.975512,1,0.953153,0.976014,1,-0.000958,-0.000502,0
227,0.939796,0.968963,0.964911,0.975791,0.987747,1,-0.035995,-0.018784,-0.035089
228,0.971634,0.985613,1,0.955283,0.97713,1,0.016351,0.008483,0
229,0.956989,0.978022,1,0.96971,0.984622,1,-0.012721,-0.0066,0
230,0.954311,0.976622,1,0.970984,0.985279,1,-0.016673,-0.008657,0
231,0.922958,0.959936,1,0.951194,0.974986,1,-0.028236,-0.01505,0
232,0.823289,0.903081,0.526986,0.9527,0.975777,1,-0.129411,-0.072696,-0.473014
233,0.936451,0.967183,1,0.967769,0.983621,1,-0.031318,-0.016438,0
234,0.942847,0.970583,0.972314,0.956345,0.977686,1,-0.013498,-0.007103,-0.027686
235,0.936147,0.967021,0.988472,0.966423,0.982925,1,-0.030276,-0.015904,-0.011528
236,0.931914,0.964757,0.994565,0.961026,0.980126,1,-0.029112,-0.015369,-0.005435
237,0.950605,0.974677,1,0.969156,0.984336,1,-0.018551,-0.009659,0
238,0.965291,0.982339,1,0.958107,0.978605,1,0.007184,0.003734,0
239,0.966168,0.982793,1,0.972613,0.986116,1,-0.006445,-0.003323,0
240,0.961034,0.98013,1,0.982219,0.99103,1,-0.021185,-0.0109,0
241,0.931205,0.964377,1,0.970754,0.98516,1,-0.039549,-0.020783,0
242,0.958894,0.979015,1,0.97317,0.986402,1,-0.014276,-0.007387,0
243,0.970643,0.985103,1,0.978731,0.989251,1,-0.008088,-0.004148,0
244,0.942868,0.970594,1,0.956127,0.977572,1,-0.013259,-0.006978,0
245,0.954845,0.976901,0.994565,0.968485,0.98399,1,-0.01364,-0.007089,-0.005435
246,0.941075,0.969643,1,0.967337,0.983397,1,-0.026262,-0.013754,0
247,0.947104,0.972834,1,0,0,0,0.947104,0.972834,1
248,0.948548,0.973595,1,0.967299,0.983378,1,-0.018751,-0.009783,0
249,0.968315,0.983902,1,0.966562,0.982997,1,0.001753,0.000905,0
250,0.944444,0.971429,0.9882,0.948296,0.973462,1,-0.003852,-0.002033,-0.0118
251,0.972727,0.986175,1,0.969941,0.984741,1,0.002786,0.001434,0
252,0.930916,0.964222,0.88326,0.972249,0.985929,1,-0.041333,-0.021707,-0.11674
253,0.95904,0.979092,1,0.977265,0.988502,1,-0.018225,-0.00941,0
254,0.972332,0.985972,1,0.984035,0.991953,1,-0.011703,-0.005981,0
255,0.919263,0.957934,0.846992,0.959474,0.979318,1,-0.040211,-0.021384,-0.153008
256,0.934506,0.966145,1,0.954045,0.976482,1,-0.019539,-0.010337,0
257,0.926355,0.96177,1,0.958934,0.979037,1,-0.032579,-0.017267,0
258,0.944444,0.971429,0.9882,0.951639,0.97522,1,-0.007195,-0.003791,-0.0118
259,0.975886,0.987796,1,0.97461,0.987142,1,0.001276,0.000654,0
260,0.939215,0.968655,1,0.973208,0.986422,1,-0.033993,-0.017767,0
261,0.94196,0.970113,1,0.980743,0.990278,1,-0.038783,-0.020165,0
262,0.935566,0.966711,0.884156,0.982411,0.991128,1,-0.046845,-0.024417,-0.115844
263,0.937393,0.967685,0.843905,0.941989,0.970128,0.966758,-0.004596,-0.002443,-0.122853
264,0.938478,0.968263,0.977077,0.981945,0.990891,1,-0.043467,-0.022628,-0.022923
265,0.900428,0.947605,0.855366,0.95583,0.977416,1,-0.055402,-0.029811,-0.144634
266,0.93889,0.968482,0.898964,0.95705,0.978054,1,-0.01816,-0.009572,-0.101036
267,0.925642,0.961385,1,0.973727,0.986689,1,-0.048085,-0.025304,0
268,0.961507,0.980376,1,0.905791,0.950567,0.993916,0.055716,0.029809,0.006084
269,0.942521,0.97041,0.994318,0.943491,0.970924,1,-0.00097,-0.000514,-0.005682
270,0.971429,0.985507,1,0.975899,0.987803,1,-0.00447,-0.002296,0
271,0.923921,0.960456,0.994318,0.949535,0.974114,1,-0.025614,-0.013658,-0.005682
272,0.939858,0.968997,1,0.974093,0.986877,1,-0.034235,-0.01788,0
273,0.981168,0.990494,1,0.972802,0.986213,1,0.008366,0.004281,0
274,0.965324,0.982356,1,0,0,0,0.965324,0.982356,1
275,0.930935,0.964232,0.924904,0.976319,0.988018,1,-0.045384,-0.023786,-0.075096
276,0.971505,0.985547,1,0.976295,0.988005,1,-0.00479,-0.002458,0
277,0.920971,0.95886,0.874368,0.940363,0.969265,0.956771,-0.019392,-0.010405,-0.082403
278,0.972989,0.986309,1,0.982918,0.991386,1,-0.009929,-0.005077,0
279,0.949167,0.973921,1,0.960366,0.979782,1,-0.011199,-0.005861,0
280,0.959846,0.979512,1,0.978185,0.988972,1,-0.018339,-0.00946,0
281,0.96576,0.982582,1,0.964745,0.982056,1,0.001015,0.000526,0
282,0.957367,0.978219,1,0.973496,0.98657,1,-0.016129,-0.008351,0
283,0.965949,0.982679,1,0.978529,0.989148,1,-0.01258,-0.006469,0
284,0.9681,0.983792,1,0.979457,0.989622,1,-0.011357,-0.00583,0
285,0.927795,0.962545,0.988764,0.96091,0.980065,1,-0.033115,-0.01752,-0.011236
286,0.966436,0.982932,1,0.940903,0.969552,1,0.025533,0.01338,0
287,0.932961,0.965318,0.980329,0.973338,0.986489,1,-0.040377,-0.021171,-0.019671
288,0.92751,0.962392,0.952858,0.979605,0.989697,1,-0.052095,-0.027305,-0.047142
289,0.961796,0.980526,0.967152,0.960042,0.979614,1,0.001754,0.000912,-0.032848
290,0.960199,0.979695,1,0.962301,0.980788,1,-0.002102,-0.001093,0
291,0.964124,0.981734,1,0.972564,0.986091,1,-0.00844,-0.004357,0
292,0.935272,0.966553,0.971831,0.972689,0.986155,1,-0.037417,-0.019602,-0.028169
293,0.981758,0.990795,1,0.981101,0.99046,1,0.000657,0.000335,0
294,0.929595,0.963513,1,0.958142,0.978624,1,-0.028547,-0.015111,0
295,0.93401,0.965879,1,0.959143,0.979146,1,-0.025133,-0.013267,0
296,0.942508,0.970403,0.99363,0.976787,0.988257,1,-0.034279,-0.017854,-0.00637
297,0.960563,0.979885,1,0.965815,0.982611,1,-0.005252,-0.002726,0
298,0.960926,0.980074,1,0.968773,0.984139,1,-0.007847,-0.004065,0
299,0.943939,0.971161,1,0.97024,0.984895,1,-0.026301,-0.013734,0
300,0.947704,0.97315,0.955801,0.952742,0.975799,1,-0.005038,-0.002649,-0.044199
301,0.975782,0.987743,1,0.977166,0.988451,1,-0.001384,-0.000708,0
302,0.886453,0.939809,0.923281,0.96767,0.983569,1,-0.081217,-0.04376,-0.076719
303,0.949658,0.974179,1,0.974167,0.986914,1,-0.024509,-0.012735,0
304,0.977672,0.98871,1,0.968035,0.983758,1,0.009637,0.004952,0
305,0.962759,0.981026,1,0.984183,0.992028,1,-0.021424,-0.011002,0
306,0.942029,0.970149,1,0.970393,0.984974,1,-0.028364,-0.014825,0
307,0.976291,0.988003,1,0.982307,0.991074,1,-0.006016,-0.003071,0
308,0.950609,0.974679,1,0.963661,0.981494,1,-0.013052,-0.006815,0
309,0.956966,0.97801,1,0.962077,0.980672,1,-0.005111,-0.002662,0
310,0.933207,0.96545,1,0.97562,0.987659,1,-0.042413,-0.022209,0
311,0.941271,0.969747,0.95144,0.960065,0.979626,1,-0.018794,-0.009879,-0.04856
312,0.954513,0.976727,1,0.974422,0.987045,1,-0.019909,-0.010318,0
313,0.956941,0.977997,1,0.953857,0.976384,1,0.003084,0.001613,0
314,0.955442,0.977213,1,0.96919,0.984354,1,-0.013748,-0.007141,0
315,0.975317,0.987504,1,0.978447,0.989106,1,-0.00313,-0.001602,0
316,0.946357,0.972439,1,0,0,0,0.946357,0.972439,1
317,0.972222,0.985915,1,0.982227,0.991034,1,-0.010005,-0.005119,0
318,0.964935,0.982155,1,0.977364,0.988552,1,-0.012429,-0.006397,0
319,0.945853,0.972173,1,0.960383,0.979791,1,-0.01453,-0.007618,0
320,0.94603,0.972266,0.986754,0.969798,0.984667,1,-0.023768,-0.012401,-0.013246
321,0.962729,0.98101,1,0.948864,0.973761,0.963636,0.013865,0.007249,0.036364
322,0.838816,0.912343,0.495526,0.874531,0.933067,0.732957,-0.035715,-0.020724,-0.237431
323,0.914661,0.955429,0.803192,0.971587,0.985589,1,-0.056926,-0.03016,-0.196808
324,0.936232,0.967066,1,0.961966,0.980614,1,-0.025734,-0.013548,0
325,0.942807,0.970562,0.995204,0.962867,0.981083,1,-0.02006,-0.010521,-0.004796
326,0.944444,0.971429,0.960542,0.966298,0.98286,1,-0.021854,-0.011431,-0.039458
327,0.961602,0.980425,1,0.965971,0.982691,1,-0.004369,-0.002266,0
328,0.949341,0.974012,1,0,0,0,0.949341,0.974012,1
329,0.948109,0.973364,1,0.977522,0.988633,1,-0.029413,-0.015269,0
330,0.967095,0.983272,1,0.987487,0.993704,1,-0.020392,-0.010432,0
331,0.909636,0.95268,0.874675,0.950221,0.974475,1,-0.040585,-0.021795,-0.125325
332,0.919551,0.958089,0.937357,0.957504,0.978291,0.982301,-0.037953,-0.020202,-0.044944
333,0.953801,0.976354,1,0.95658,0.977808,1,-0.002779,-0.001454,0
334,0.9,0.947368,0.842156,0.956184,0.977601,1,-0.056184,-0.030233,-0.157844
335,0.937362,0.967669,0.955299,0,0,0,0.937362,0.967669,0.955299
336,0.958292,0.978702,1,0.978709,0.98924,1,-0.020417,-0.010538,0
337,0.933767,0.965749,0.973752,0.950252,0.974491,1,-0.016485,-0.008742,-0.026248
338,0.938099,0.968061,0.980806,0.954029,0.976474,1,-0.01593,-0.008413,-0.019194
339,0.969043,0.984278,1,0,0,0,0.969043,0.984278,1
340,0.953055,0.975963,1,0.96812,0.983802,1,-0.015065,-0.007839,0
341,0.941421,0.969827,0.939932,0,0,0,0.941421,0.969827,0.939932
342,0.936454,0.967184,0.858699,0.957207,0.978136,1,-0.020753,-0.010952,-0.141301
343,0.963763,0.981547,1,0.979104,0.989442,1,-0.015341,-0.007895,0
344,0.970621,0.985091,1,0.973699,0.986674,1,-0.003078,-0.001583,0
345,0.918811,0.957688,0.951757,0.932467,0.965053,0.974087,-0.013656,-0.007365,-0.02233
346,0.969374,0.984449,1,0.972222,0.985915,1,-0.002848,-0.001466,0
347,0.919903,0.958281,0.837261,0,0,0,0.919903,0.958281,0.837261
348,0.943834,0.971106,0.963088,0.950316,0.974525,1,-0.006482,-0.003419,-0.036912
349,0.913412,0.954747,0.9458,0.939061,0.968573,1,-0.025649,-0.013826,-0.0542
350,0.95004,0.97438,0.985222,0.937614,0.967803,0.921519,0.012426,0.006577,0.063703
351,0.969799,0.984668,1,0.967897,0.983686,1,0.001902,0.000982,0
352,0.961523,0.980384,1,0.954599,0.976772,1,0.006924,0.003612,0
353,0.938808,0.968438,0.946288,0.927419,0.962343,0.927724,0.011389,0.006095,0.018564
354,0.975616,0.987657,1,0,0,0,0.975616,0.987657,1
355,0.921951,0.959391,0.869903,0.947629,0.97311,1,-0.025678,-0.013719,-0.130097
356,0.955508,0.977248,0.939522,0.96316,0.981234,1,-0.007652,-0.003986,-0.060478
357,0.945823,0.972157,1,0,0,0,0.945823,0.972157,1
358,0.934816,0.96631,0.989442,0.980738,0.990275,1,-0.045922,-0.023965,-0.010558
359,0.912216,0.954093,0.809756,0.904457,0.949832,0.763614,0.007759,0.004261,0.046142
360,0.956067,0.97754,1,0.971218,0.985399,1,-0.015151,-0.007859,0
361,0.942671,0.97049,1,0.969909,0.984725,1,-0.027238,-0.014235,0
362,0.961806,0.980531,1,0,0,0,0.961806,0.980531,1
363,0.843459,0.915083,0.60795,0,0,0,0.843459,0.915083,0.60795
364,0.961262,0.980249,1,0.977572,0.988659,1,-0.01631,-0.00841,0
365,0.960805,0.980011,1,0.965703,0.982553,1,-0.004898,-0.002542,0
366,0.965067,0.982223,0.980653,0.964922,0.982148,1,0.000145,0.000075,-0.019347
367,0.961604,0.980426,1,0.925492,0.961304,0.934124,0.036112,0.019122,0.065876
368,0.965271,0.982329,1,0.977815,0.988783,1,-0.012544,-0.006454,0
369,0.963779,0.981555,1,0,0,0,0.963779,0.981555,1
370,0.931188,0.964368,0.880638,0,0,0,0.931188,0.964368,0.880638
371,0.972587,0.986103,1,0.960556,0.979881,1,0.012031,0.006222,0
372,0.946716,0.972629,1,0,0,0,0.946716,0.972629,1
373,0.938968,0.968524,0.900374,0.923219,0.960077,0.927507,0.015749,0.008447,-0.027133
374,0.838902,0.912395,0.602705,0,0,0,0.838902,0.912395,0.602705
375,0.973567,0.986607,1,0.968444,0.983969,1,0.005123,0.002638,0
376,0.959145,0.979147,1,0.97723,0.988484,1,-0.018085,-0.009337,0
377,0.828947,0.906475,0.682855,0.946632,0.972584,1,-0.117685,-0.066109,-0.317145
378,0.929255,0.96333,0.900521,0.947552,0.97307,1,-0.018297,-0.00974,-0.099479
379,0.905889,0.950621,0.802108,0.930776,0.964147,0.811809,-0.024887,-0.013526,-0.009701
380,0.966737,0.983087,1,0.971376,0.98548,1,-0.004639,-0.002393,0
381,0.978099,0.988928,1,0,0,0,0.978099,0.988928,1
382,0.45094,0.621583,0.16745,0,0,0,0.45094,0.621583,0.16745
383,0.949283,0.973982,1,0.927298,0.962278,0.910249,0.021985,0.011704,0.089751
384,0.933931,0.965837,0.906157,0.968662,0.984081,1,-0.034731,-0.018244,-0.093843
385,0.925678,0.961405,0.988636,0.945262,0.971861,1,-0.019584,-0.010456,-0.011364
386,0.960359,0.979779,0.997555,0.983633,0.991749,1,-0.023274,-0.01197,-0.002445
387,0.952183,0.975506,1,0.970027,0.984786,1,-0.017844,-0.00928,0
388,0.967594,0.98353,1,0.97637,0.988044,1,-0.008776,-0.004514,0
389,0.936599,0.967262,0.973503,0,0,0,0.936599,0.967262,0.973503
390,0.953637,0.976268,1,0.965608,0.982503,1,-0.011971,-0.006235,0
391,0.773617,0.872361,0.519651,0.850573,0.919253,0.660917,-0.076956,-0.046892,-0.141266
392,0.961385,0.980312,1,0.979805,0.989799,1,-0.01842,-0.009487,0
393,0.925741,0.961438,0.926829,0.939932,0.969036,1,-0.014191,-0.007598,-0.073171
394,0.957083,0.978071,1,0.971713,0.985653,1,-0.01463,-0.007582,0
395,0.927955,0.962631,0.950969,0.956685,0.977863,1,-0.02873,-0.015232,-0.049031
396,0.930688,0.9641,1,0.971493,0.98554,1,-0.040805,-0.02144,0
397,0.946221,0.972367,1,0,0,0,0.946221,0.972367,1
398,0.958539,0.978831,1,0.960578,0.979893,1,-0.002039,-0.001062,0
399,0.957619,0.978351,0.985714,0.975181,0.987435,1,-0.017562,-0.009084,-0.014286
400,0.947322,0.972948,1,0.974133,0.986897,1,-0.026811,-0.013949,0
401,0.929365,0.963389,0.904923,0.957572,0.978326,0.997361,-0.028207,-0.014937,-0.092438
402,0.923094,0.960009,0.810648,0.932975,0.965325,0.968928,-0.009881,-0.005316,-0.15828
403,0.938242,0.968137,0.846626,0.96042,0.97981,0.990867,-0.022178,-0.011673,-0.144241
404,0,0,0,0.6079,0.756142,0.248027,-0.6079,-0.756142,-0.248027
405,0.957041,0.978049,1,0,0,0,0.957041,0.978049,1
406,0.939911,0.969025,0.983378,0.976538,0.988129,1,-0.036627,-0.019104,-0.016622
407,0.9626,0.980944,1,0.975814,0.987759,1,-0.013214,-0.006815,0
408,0.871841,0.931533,0.709464,0,0,0,0.871841,0.931533,0.709464
409,0.941992,0.97013,0.984226,0.972718,0.986171,1,-0.030726,-0.016041,-0.015774
410,0.95145,0.975121,1,0.978427,0.989096,1,-0.026977,-0.013975,0
411,0.911904,0.953922,0.743788,0.966323,0.982873,1,-0.054419,-0.028951,-0.256212
412,0.929194,0.963298,0.947536,0.968377,0.983934,1,-0.039183,-0.020636,-0.052464
413,0.944947,0.971694,0.990338,0.953494,0.976194,1,-0.008547,-0.0045,-0.009662
414,0.939063,0.968574,1,0.976397,0.988057,1,-0.037334,-0.019483,0
415,0.947911,0.973259,0.985838,0.975173,0.98743,1,-0.027262,-0.014171,-0.014162
416,0.896927,0.945663,0.768174,0,0,0,0.896927,0.945663,0.768174
417,0.966164,0.982791,0.997389,0.961598,0.980423,1,0.004566,0.002368,-0.002611
418,0.963731,0.98153,1,0.97803,0.988893,1,-0.014299,-0.007363,0
419,0.903657,0.949391,0.848233,0.95962,0.979394,1,-0.055963,-0.030003,-0.151767
420,0.959651,0.97941,1,0,0,0,0.959651,0.97941,1
421,0.92887,0.963124,1,0.932379,0.965006,1,-0.003509,-0.001882,0
422,0.928487,0.962917,0.89694,0.956771,0.977908,0.995305,-0.028284,-0.014991,-0.098365
423,0.919718,0.95818,0.962537,0.910635,0.953227,0.827624,0.009083,0.004953,0.134913
424,0.969666,0.984599,1,0,0,0,0.969666,0.984599,1
425,0.923615,0.960291,0.888302,0.924812,0.960938,0.941859,-0.001197,-0.000647,-0.053557
426,0.918319,0.957421,0.994909,0,0,0,0.918319,0.957421,0.994909
427,0.955013,0.976989,1,0.967277,0.983366,1,-0.012264,-0.006377,0
428,0.937899,0.967954,1,0.958929,0.979034,1,-0.02103,-0.01108,0
429,0.933978,0.965862,0.961038,0.966455,0.982941,0.995652,-0.032477,-0.017079,-0.034614
430,0.953697,0.9763,1,0.961991,0.980627,1,-0.008294,-0.004327,0
431,0.97073,0.985148,1,0.962206,0.980739,1,0.008524,0.004409,0
432,0.804866,0.891884,0.38268,0.842744,0.914662,0.527799,-0.037878,-0.022778,-0.145119
433,0.958307,0.97871,0.973473,0.967391,0.983425,1,-0.009084,-0.004715,-0.026527
434,0.878726,0.935449,0.765081,0,0,0,0.878726,0.935449,0.765081
435,0.898108,0.946319,0.829032,0.937408,0.967693,1,-0.0393,-0.021374,-0.170968
436,0.960746,0.97998,1,0.976638,0.988181,1,-0.015892,-0.008201,0
437,0.908761,0.9522,0.858633,0,0,0,0.908761,0.9522,0.858633
438,0.860924,0.925265,0.722968,0.932553,0.965099,1,-0.071629,-0.039834,-0.277032
439,0.962382,0.98083,1,0.976837,0.988283,1,-0.014455,-0.007453,0
440,0.950201,0.974465,1,0.950204,0.974466,1,-0.000003,-0.000001,0
441,0.954974,0.976968,1,0.943644,0.971005,1,0.01133,0.005963,0
442,0.960533,0.979869,1,0.958711,0.97892,1,0.001822,0.000949,0
443,0.905878,0.950615,0.827327,0.961198,0.980215,1,-0.05532,-0.0296,-0.172673
444,0.937332,0.967653,0.934003,0.944558,0.971489,1,-0.007226,-0.003836,-0.065997
445,0.914527,0.955356,1,0.91656,0.956463,0.983826,-0.002033,-0.001107,0.016174
446,0.921141,0.958952,0.859379,0.94111,0.969662,0.941963,-0.019969,-0.01071,-0.082584
447,0.935237,0.966535,0.966824,0.944572,0.971496,0.995283,-0.009335,-0.004961,-0.028459
448,0.959086,0.979116,1,0.982737,0.991293,1,-0.023651,-0.012177,0
449,0.976959,0.988345,1,0.966246,0.982833,0.981352,0.010713,0.005512,0.018648
450,0.95582,0.977411,1,0.975371,0.987532,1,-0.019551,-0.010121,0
451,0.974981,0.987332,1,0.959429,0.979294,1,0.015552,0.008038,0
452,0.973698,0.986674,1,0.964634,0.981998,1,0.009064,0.004676,0
453,0.918252,0.957384,0.940437,0.941635,0.96994,1,-0.023383,-0.012556,-0.059563
454,0.952876,0.975869,1,0.964414,0.981885,1,-0.011538,-0.006016,0
455,0.948511,0.973575,1,0.974163,0.986912,1,-0.025652,-0.013337,0
456,0.969965,0.984753,1,0,0,0,0.969965,0.984753,1
457,0.952126,0.975476,0.950318,0.959261,0.979207,1,-0.007135,-0.003731,-0.049682
458,0.961527,0.980386,1,0.950579,0.974663,0.989361,0.010948,0.005723,0.010639
459,0.913801,0.954959,0.883239,0,0,0,0.913801,0.954959,0.883239
460,0.954436,0.976687,1,0.953586,0.976242,1,0.00085,0.000445,0
461,0.926244,0.96171,0.850445,0.939321,0.968711,1,-0.013077,-0.007001,-0.149555
462,0.963744,0.981537,1,0.946609,0.972572,1,0.017135,0.008965,0
463,0.938569,0.968311,1,0.945766,0.972127,0.977525,-0.007197,-0.003816,0.022475
464,0.942774,0.970544,1,0.957011,0.978033,0.984962,-0.014237,-0.007489,0.015038
465,0.966733,0.983085,1,0.938132,0.968079,1,0.028601,0.015006,0
466,0.907459,0.951485,0.77665,0.955304,0.977141,1,-0.047845,-0.025656,-0.22335
467,0.952162,0.975495,1,0.963584,0.981455,1,-0.011422,-0.00596,0
468,0.882391,0.937521,0.741421,0.950544,0.974645,1,-0.068153,-0.037124,-0.258579
469,0.962014,0.980639,1,0.964151,0.981749,1,-0.002137,-0.00111,0
470,0.93774,0.96787,0.875336,0.940335,0.96925,0.859623,-0.002595,-0.00138,0.015713
471,0.935006,0.966411,0.965035,0.96059,0.979899,1,-0.025584,-0.013488,-0.034965
472,0.913793,0.954955,0.810345,0.904046,0.949605,0.778786,0.009747,0.00535,0.031559
473,0.871529,0.931355,0.863147,0,0,0,0.871529,0.931355,0.863147
474,0.937757,0.967879,1,0.972973,0.986301,1,-0.035216,-0.018422,0
475,0.96858,0.984039,1,0,0,0,0.96858,0.984039,1
476,0.934365,0.966069,0.932999,0,0,0,0.934365,0.966069,0.932999
477,0.920946,0.958846,0.787087,0.944717,0.971573,0.868182,-0.023771,-0.012727,-0.081095
478,0.925577,0.961351,0.947017,0.95703,0.978043,0.986813,-0.031453,-0.016692,-0.039796
479,0.97058,0.98507,1,0,0,0,0.97058,0.98507,1
480,1,1,1,1,1,1,0,0,0
481,1,1,1,1,1,1,0,0,0
482,1,1,1,1,1,1,0,0,0
483,1,1,1,1,1,1,0,0,0
484,1,1,1,1,1,1,0,0,0
485,1,1,1,1,1,1,0,0,0
486,1,1,1,1,1,1,0,0,0
487,1,1,1,1,1,1,0,0,0
488,1,1,1,1,1,1,0,0,0
489,1,1,1,1,1,1,0,0,0
490,1,1,1,1,1,1,0,0,0
491,1,1,1,1,1,1,0,0,0
492,1,1,1,1,1,1,0,0,0
493,1,1,1,1,1,1,0,0,0
494,1,1,1,1,1,1,0,0,0
495,1,1,1,1,1,1,0,0,0
496,1,1,1,1,1,1,0,0,0
497,1,1,1,1,1,1,0,0,0
498,1,1,1,1,1,1,0,0,0
499,1,1,1,1,1,1,0,0,0
500,1,1,1,1,1,1,0,0,0
501,1,1,1,1,1,1,0,0,0
502,1,1,1,1,1,1,0,0,0
503,1,1,1,1,1,1,0,0,0
504,1,1,1,1,1,1,0,0,0
505,1,1,1,1,1,1,0,0,0
506,1,1,1,1,1,1,0,0,0
507,1,1,1,1,1,1,0,0,0
508,1,1,1,1,1,1,0,0,0
509,1,1,1,1,1,1,0,0,0
510,1,1,1,1,1,1,0,0,0
511,1,1,1,1,1,1,0,0,0
512,1,1,1,1,1,1,0,0,0
513,1,1,1,1,1,1,0,0,0
514,1,1,1,1,1,1,0,0,0
515,1,1,1,1,1,1,0,0,0
516,1,1,1,1,1,1,0,0,0
517,1,1,1,1,1,1,0,0,0
518,1,1,1,1,1,1,0,0,0
519,1,1,1,1,1,1,0,0,0
520,1,1,1,1,1,1,0,0,0
521,1,1,1,1,1,1,0,0,0
522,1,1,1,1,1,1,0,0,0
523,1,1,1,1,1,1,0,0,0
524,1,1,1,1,1,1,0,0,0
525,1,1,1,1,1,1,0,0,0
526,1,1,1,1,1,1,0,0,0
527,1,1,1,1,1,1,0,0,0
528,1,1,1,1,1,1,0,0,0
529,1,1,1,1,1,1,0,0,0
530,1,1,1,1,1,1,0,0,0
531,1,1,1,1,1,1,0,0,0
532,1,1,1,1,1,1,0,0,0
533,1,1,1,1,1,1,0,0,0
534,1,1,1,1,1,1,0,0,0
535,1,1,1,1,1,1,0,0,0
536,1,1,1,1,1,1,0,0,0
537,1,1,1,1,1,1,0,0,0
538,1,1,1,1,1,1,0,0,0
539,1,1,1,1,1,1,0,0,0
540,1,1,1,1,1,1,0,0,0
541,1,1,1,1,1,1,0,0,0
542,1,1,1,1,1,1,0,0,0
543,1,1,1,1,1,1,0,0,0
544,1,1,1,1,1,1,0,0,0
545,1,1,1,1,1,1,0,0,0
546,1,1,1,1,1,1,0,0,0
547,1,1,1,1,1,1,0,0,0
548,1,1,1,1,1,1,0,0,0
549,1,1,1,1,1,1,0,0,0
550,1,1,1,1,1,1,0,0,0
551,1,1,1,1,1,1,0,0,0
552,1,1,1,1,1,1,0,0,0
553,1,1,1,1,1,1,0,0,0
554,1,1,1,1,1,1,0,0,0
555,1,1,1,1,1,1,0,0,0
556,1,1,1,1,1,1,0,0,0
557,1,1,1,1,1,1,0,0,0
558,1,1,1,1,1,1,0,0,0
559,1,1,1,1,1,1,0,0,0
560,1,1,1,1,1,1,0,0,0
561,1,1,1,1,1,1,0,0,0
562,1,1,1,1,1,1,0,0,0
563,1,1,1,1,1,1,0,0,0
564,1,1,1,1,1,1,0,0,0
565,1,1,1,1,1,1,0,0,0
566,1,1,1,1,1,1,0,0,0
567,1,1,1,1,1,1,0,0,0
568,1,1,1,1,1,1,0,0,0
569,1,1,1,1,1,1,0,0,0
570,1,1,1,1,1,1,0,0,0
571,1,1,1,1,1,1,0,0,0
572,1,1,1,1,1,1,0,0,0
573,1,1,1,1,1,1,0,0,0
574,1,1,1,1,1,1,0,0,0
575,1,1,1,1,1,1,0,0,0
576,1,1,1,1,1,1,0,0,0
577,1,1,1,1,1,1,0,0,0
578,1,1,1,1,1,1,0,0,0
579,1,1,1,1,1,1,0,0,0
580,1,1,1,1,1,1,0,0,0
581,1,1,1,1,1,1,0,0,0
582,1,1,1,1,1,1,0,0,0
583,1,1,1,1,1,1,0,0,0
584,1,1,1,1,1,1,0,0,0
585,1,1,1,1,1,1,0,0,0
586,1,1,1,1,1,1,0,0,0
587,1,1,1,1,1,1,0,0,0
588,1,1,1,1,1,1,0,0,0
589,1,1,1,1,1,1,0,0,0
590,1,1,1,1,1,1,0,0,0
591,1,1,1,1,1,1,0,0,0
592,1,1,1,1,1,1,0,0,0
593,1,1,1,1,1,1,0,0,0
594,1,1,1,1,1,1,0,0,0
595,1,1,1,1,1,1,0,0,0
596,1,1,1,1,1,1,0,0,0
597,1,1,1,1,1,1,0,0,0
598,1,1,1,1,1,1,0,0,0
599,1,1,1,1,1,1,0,0,0
600,1,1,1,1,1,1,0,0,0
601,1,1,1,1,1,1,0,0,0
602,1,1,1,1,1,1,0,0,0
603,1,1,1,1,1,1,0,0,0
604,1,1,1,1,1,1,0,0,0
605,1,1,1,1,1,1,0,0,0
606,1,1,1,1,1,1,0,0,0
607,1,1,1,1,1,1,0,0,0
608,1,1,1,1,1,1,0,0,0
609,1,1,1,1,1,1,0,0,0
610,1,1,1,1,1,1,0,0,0
611,1,1,1,1,1,1,0,0,0
612,1,1,1,1,1,1,0,0,0
613,1,1,1,1,1,1,0,0,0
614,1,1,1,1,1,1,0,0,0
615,1,1,1,1,1,1,0,0,0
616,1,1,1,1,1,1,0,0,0
617,1,1,1,1,1,1,0,0,0
618,1,1,1,1,1,1,0,0,0
619,1,1,1,1,1,1,0,0,0
620,1,1,1,1,1,1,0,0,0
621,1,1,1,1,1,1,0,0,0
622,1,1,1,1,1,1,0,0,0
623,1,1,1,1,1,1,0,0,0
624,1,1,1,1,1,1,0,0,0
625,1,1,1,1,1,1,0,0,0
626,1,1,1,1,1,1,0,0,0
627,1,1,1,1,1,1,0,0,0
628,1,1,1,1,1,1,0,0,0
629,1,1,1,1,1,1,0,0,0
630,1,1,1,1,1,1,0,0,0
631,1,1,1,1,1,1,0,0,0
632,1,1,1,1,1,1,0,0,0
633,1,1,1,1,1,1,0,0,0
634,1,1,1,1,1,1,0,0,0
635,1,1,1,1,1,1,0,0,0
636,1,1,1,1,1,1,0,0,0
637,1,1,1,1,1,1,0,0,0
638,1,1,1,1,1,1,0,0,0
639,1,1,1,1,1,1,0,0,0
640,1,1,1,1,1,1,0,0,0
641,1,1,1,1,1,1,0,0,0
642,1,1,1,1,1,1,0,0,0
643,1,1,1,1,1,1,0,0,0
644,1,1,1,1,1,1,0,0,0
645,1,1,1,1,1,1,0,0,0
646,1,1,1,1,1,1,0,0,0
647,1,1,1,1,1,1,0,0,0
648,1,1,1,1,1,1,0,0,0
649,1,1,1,1,1,1,0,0,0
650,1,1,1,1,1,1,0,0,0
651,1,1,1,1,1,1,0,0,0
652,1,1,1,1,1,1,0,0,0
653,1,1,1,1,1,1,0,0,0
654,1,1,1,1,1,1,0,0,0
655,1,1,1,1,1,1,0,0,0
656,1,1,1,1,1,1,0,0,0
657,1,1,1,1,1,1,0,0,0
658,1,1,1,1,1,1,0,0,0
659,1,1,1,1,1,1,0,0,0
660,1,1,1,1,1,1,0,0,0
661,1,1,1,1,1,1,0,0,0
662,1,1,1,1,1,1,0,0,0
663,1,1,1,1,1,1,0,0,0
664,1,1,1,1,1,1,0,0,0
665,1,1,1,1,1,1,0,0,0
666,1,1,1,1,1,1,0,0,0
667,1,1,1,1,1,1,0,0,0
668,1,1,1,1,1,1,0,0,0
669,1,1,1,1,1,1,0,0,0
670,1,1,1,1,1,1,0,0,0
671,1,1,1,1,1,1,0,0,0
672,1,1,1,1,1,1,0,0,0
673,1,1,1,1,1,1,0,0,0
674,1,1,1,1,1,1,0,0,0
675,1,1,1,1,1,1,0,0,0
676,1,1,1,1,1,1,0,0,0
677,1,1,1,1,1,1,0,0,0
678,1,1,1,1,1,1,0,0,0
679,1,1,1,1,1,1,0,0,0
680,1,1,1,1,1,1,0,0,0
681,1,1,1,1,1,1,0,0,0
682,1,1,1,1,1,1,0,0,0
683,1,1,1,1,1,1,0,0,0
684,1,1,1,1,1,1,0,0,0
685,1,1,1,1,1,1,0,0,0
686,1,1,1,1,1,1,0,0,0
687,1,1,1,1,1,1,0,0,0
688,1,1,1,1,1,1,0,0,0
689,1,1,1,1,1,1,0,0,0
690,1,1,1,1,1,1,0,0,0
691,1,1,1,1,1,1,0,0,0
692,1,1,1,1,1,1,0,0,0
693,1,1,1,1,1,1,0,0,0
694,1,1,1,1,1,1,0,0,0
695,1,1,1,1,1,1,0,0,0
696,1,1,1,1,1,1,0,0,0
697,1,1,1,1,1,1,0,0,0
698,1,1,1,1,1,1,0,0,0
699,1,1,1,1,1,1,0,0,0
700,1,1,1,1,1,1,0,0,0
701,1,1,1,1,1,1,0,0,0
702,1,1,1,1,1,1,0,0,0
703,1,1,1,1,1,1,0,0,0
704,1,1,1,1,1,1,0,0,0
705,1,1,1,1,1,1,0,0,0
706,1,1,1,1,1,1,0,0,0
707,1,1,1,1,1,1,0,0,0
708,1,1,1,1,1,1,0,0,0
709,1,1,1,1,1,1,0,0,0
710,1,1,1,1,1,1,0,0,0
711,1,1,1,1,1,1,0,0,0
712,1,1,1,1,1,1,0,0,0
713,1,1,1,1,1,1,0,0,0
714,1,1,1,1,1,1,0,0,0
715,1,1,1,1,1,1,0,0,0
716,1,1,1,1,1,1,0,0,0
717,1,1,1,1,1,1,0,0,0
718,1,1,1,1,1,1,0,0,0
719,1,1,1,1,1,1,0,0,0
720,1,1,1,1,1,1,0,0,0
721,1,1,1,1,1,1,0,0,0
722,1,1,1,1,1,1,0,0,0
723,1,1,1,1,1,1,0,0,0
724,1,1,1,1,1,1,0,0,0
725,1,1,1,1,1,1,0,0,0
726,1,1,1,1,1,1,0,0,0
727,1,1,1,1,1,1,0,0,0
728,1,1,1,1,1,1,0,0,0
729,1,1,1,1,1,1,0,0,0
730,1,1,1,1,1,1,0,0,0
731,1,1,1,1,1,1,0,0,0
732,1,1,1,1,1,1,0,0,0
733,1,1,1,1,1,1,0,0,0
734,1,1,1,1,1,1,0,0,0
735,1,1,1,1,1,1,0,0,0
736,1,1,1,1,1,1,0,0,0
737,1,1,1,1,1,1,0,0,0
738,1,1,1,1,1,1,0,0,0
739,1,1,1,1,1,1,0,0,0
740,1,1,1,1,1,1,0,0,0
741,1,1,1,1,1,1,0,0,0
742,1,1,1,1,1,1,0,0,0
743,1,1,1,1,1,1,0,0,0
744,1,1,1,1,1,1,0,0,0
745,1,1,1,1,1,1,0,0,0
746,1,1,1,1,1,1,0,0,0
747,1,1,1,1,1,1,0,0,0
748,1,1,1,1,1,1,0,0,0
749,1,1,1,1,1,1,0,0,0
750,1,1,1,1,1,1,0,0,0
751,1,1,1,1,1,1,0,0,0
752,1,1,1,1,1,1,0,0,0
753,1,1,1,1,1,1,0,0,0
754,1,1,1,1,1,1,0,0,0
755,1,1,1,1,1,1,0,0,0
756,1,1,1,1,1,1,0,0,0
757,1,1,1,1,1,1,0,0,0
758,1,1,1,1,1,1,0,0,0
759,1,1,1,1,1,1,0,0,0
760,1,1,1,1,1,1,0,0,0
761,1,1,1,1,1,1,0,0,0
762,1,1,1,1,1,1,0,0,0
763,1,1,1,1,1,1,0,0,0
764,1,1,1,1,1,1,0,0,0
765,1,1,1,1,1,1,0,0,0
766,1,1,1,1,1,1,0,0,0
767,1,1,1,1,1,1,0,0,0
768,1,1,1,1,1,1,0,0,0
769,1,1,1,1,1,1,0,0,0
770,1,1,1,1,1,1,0,0,0
771,1,1,1,1,1,1,0,0,0
772,1,1,1,1,1,1,0,0,0
773,1,1,1,1,1,1,0,0,0
774,1,1,1,1,1,1,0,0,0
775,1,1,1,1,1,1,0,0,0
776,1,1,1,1,1,1,0,0,0
777,1,1,1,1,1,1,0,0,0
778,1,1,1,1,1,1,0,0,0
779,1,1,1,1,1,1,0,0,0
780,1,1,1,1,1,1,0,0,0
781,1,1,1,1,1,1,0,0,0
782,1,1,1,1,1,1,0,0,0
783,1,1,1,1,1,1,0,0,0
784,1,1,1,1,1,1,0,0,0
785,1,1,1,1,1,1,0,0,0
786,1,1,1,1,1,1,0,0,0
787,1,1,1,1,1,1,0,0,0
788,1,1,1,1,1,1,0,0,0
789,1,1,1,1,1,1,0,0,0
790,1,1,1,1,1,1,0,0,0
791,1,1,1,1,1,1,0,0,0
792,1,1,1,1,1,1,0,0,0
793,1,1,1,1,1,1,0,0,0
794,1,1,1,1,1,1,0,0,0
795,1,1,1,1,1,1,0,0,0
796,1,1,1,1,1,1,0,0,0
797,1,1,1,1,1,1,0,0,0
798,1,1,1,1,1,1,0,0,0
799,1,1,1,1,1,1,0,0,0
800,1,1,1,1,1,1,0,0,0
801,1,1,1,1,1,1,0,0,0
802,1,1,1,1,1,1,0,0,0
803,1,1,1,1,1,1,0,0,0
804,1,1,1,1,1,1,0,0,0
805,1,1,1,1,1,1,0,0,0
806,1,1,1,1,1,1,0,0,0
807,1,1,1,1,1,1,0,0,0
808,1,1,1,1,1,1,0,0,0
809,1,1,1,1,1,1,0,0,0
810,1,1,1,1,1,1,0,0,0
811,1,1,1,1,1,1,0,0,0
812,1,1,1,1,1,1,0,0,0
813,1,1,1,1,1,1,0,0,0
814,1,1,1,1,1,1,0,0,0
815,1,1,1,1,1,1,0,0,0
816,1,1,1,1,1,1,0,0,0
817,1,1,1,1,1,1,0,0,0
818,1,1,1,1,1,1,0,0,0
819,1,1,1,1,1,1,0,0,0
820,1,1,1,1,1,1,0,0,0
821,1,1,1,1,1,1,0,0,0
822,1,1,1,1,1,1,0,0,0
823,1,1,1,1,1,1,0,0,0
824,1,1,1,1,1,1,0,0,0
825,1,1,1,1,1,1,0,0,0
826,1,1,1,1,1,1,0,0,0
827,1,1,1,1,1,1,0,0,0
828,1,1,1,1,1,1,0,0,0
829,1,1,1,1,1,1,0,0,0
830,1,1,1,1,1,1,0,0,0
831,1,1,1,1,1,1,0,0,0
832,1,1,1,1,1,1,0,0,0
833,1,1,1,1,1,1,0,0,0
834,1,1,1,1,1,1,0,0,0
835,1,1,1,1,1,1,0,0,0
836,1,1,1,1,1,1,0,0,0
837,1,1,1,1,1,1,0,0,0
838,1,1,1,1,1,1,0,0,0
839,1,1,1,1,1,1,0,0,0
840,1,1,1,1,1,1,0,0,0
841,1,1,1,1,1,1,0,0,0
842,1,1,1,1,1,1,0,0,0
843,1,1,1,1,1,1,0,0,0
844,1,1,1,1,1,1,0,0,0
845,1,1,1,1,1,1,0,0,0
846,1,1,1,1,1,1,0,0,0
847,1,1,1,1,1,1,0,0,0
848,1,1,1,1,1,1,0,0,0
849,1,1,1,1,1,1,0,0,0
850,1,1,1,1,1,1,0,0,0
851,1,1,1,1,1,1,0,0,0
852,1,1,1,1,1,1,0,0,0
853,1,1,1,1,1,1,0,0,0
854,1,1,1,1,1,1,0,0,0
855,1,1,1,1,1,1,0,0,0
856,1,1,1,1,1,1,0,0,0
857,1,1,1,1,1,1,0,0,0
858,1,1,1,1,1,1,0,0,0
859,1,1,1,1,1,1,0,0,0
860,1,1,1,1,1,1,0,0,0
861,1,1,1,1,1,1,0,0,0
862,1,1,1,1,1,1,0,0,0
863,1,1,1,1,1,1,0,0,0
864,1,1,1,1,1,1,0,0,0
865,1,1,1,1,1,1,0,0,0
866,1,1,1,1,1,1,0,0,0
867,1,1,1,1,1,1,0,0,0
868,1,1,1,1,1,1,0,0,0
869,1,1,1,1,1,1,0,0,0
870,1,1,1,1,1,1,0,0,0
871,1,1,1,1,1,1,0,0,0
872,1,1,1,1,1,1,0,0,0
873,1,1,1,1,1,1,0,0,0
874,1,1,1,1,1,1,0,0,0
875,1,1,1,1,1,1,0,0,0
876,1,1,1,1,1,1,0,0,0
877,1,1,1,1,1,1,0,0,0
878,1,1,1,1,1,1,0,0,0
879,1,1,1,1,1,1,0,0,0
880,1,1,1,1,1,1,0,0,0
881,1,1,1,1,1,1,0,0,0
882,1,1,1,1,1,1,0,0,0
883,1,1,1,1,1,1,0,0,0
884,1,1,1,1,1,1,0,0,0
885,1,1,1,1,1,1,0,0,0
886,1,1,1,1,1,1,0,0,0
887,1,1,1,1,1,1,0,0,0
888,1,1,1,1,1,1,0,0,0
889,1,1,1,1,1,1,0,0,0
890,1,1,1,1,1,1,0,0,0
891,1,1,1,1,1,1,0,0,0
892,1,1,1,1,1,1,0,0,0
893,1,1,1,1,1,1,0,0,0
894,1,1,1,1,1,1,0,0,0
895,1,1,1,1,1,1,0,0,0
896,1,1,1,1,1,1,0,0,0
897,1,1,1,1,1,1,0,0,0
898,1,1,1,1,1,1,0,0,0
899,1,1,1,1,1,1,0,0,0
900,1,1,1,1,1,1,0,0,0
901,1,1,1,1,1,1,0,0,0
902,1,1,1,1,1,1,0,0,0
903,1,1,1,1,1,1,0,0,0
904,1,1,1,1,1,1,0,0,0
905,1,1,1,1,1,1,0,0,0
906,1,1,1,1,1,1,0,0,0
907,1,1,1,1,1,1,0,0,0
908,1,1,1,1,1,1,0,0,0
909,1,1,1,1,1,1,0,0,0
910,1,1,1,1,1,1,0,0,0
911,1,1,1,1,1,1,0,0,0
912,1,1,1,1,1,1,0,0,0
913,1,1,1,1,1,1,0,0,0
914,1,1,1,1,1,1,0,0,0
915,1,1,1,1,1,1,0,0,0
916,1,1,1,1,1,1,0,0,0
917,1,1,1,1,1,1,0,0,0
918,1,1,1,1,1,1,0,0,0
919,1,1,1,1,1,1,0,0,0
920,1,1,1,1,1,1,0,0,0
921,1,1,1,1,1,1,0,0,0
922,1,1,1,1,1,1,0,0,0
923,1,1,1,1,1,1,0,0,0
924,1,1,1,1,1,1,0,0,0
925,1,1,1,1,1,1,0,0,0
926,1,1,1,1,1,1,0,0,0
927,1,1,1,1,1,1,0,0,0
928,1,1,1,1,1,1,0,0,0
929,1,1,1,1,1,1,0,0,0
930,1,1,1,1,1,1,0,0,0
931,1,1,1,1,1,1,0,0,0
932,1,1,1,1,1,1,0,0,0
933,1,1,1,1,1,1,0,0,0
934,1,1,1,1,1,1,0,0,0
935,1,1,1,1,1,1,0,0,0
936,1,1,1,1,1,1,0,0,0
937,1,1,1,1,1,1,0,0,0
938,1,1,1,1,1,1,0,0,0
939,1,1,1,1,1,1,0,0,0
940,1,1,1,1,1,1,0,0,0
941,1,1,1,1,1,1,0,0,0
942,1,1,1,1,1,1,0,0,0
943,1,1,1,1,1,1,0,0,0
944,1,1,1,1,1,1,0,0,0
945,1,1,1,1,1,1,0,0,0
946,1,1,1,1,1,1,0,0,0
947,1,1,1,1,1,1,0,0,0
948,1,1,1,1,1,1,0,0,0
949,1,1,1,1,1,1,0,0,0
950,1,1,1,1,1,1,0,0,0
951,1,1,1,1,1,1,0,0,0
952,1,1,1,1,1,1,0,0,0
953,1,1,1,1,1,1,0,0,0
954,1,1,1,1,1,1,0,0,0
955,1,1,1,1,1,1,0,0,0
956,1,1,1,1,1,1,0,0,0
957,1,1,1,1,1,1,0,0,0
958,1,1,1,1,1,1,0,0,0
959,1,1,1,1,1,1,0,0,0
