image_id,proposed_iou,proposed_dice,proposed_bf_score,xceptionnet_iou,xceptionnet_dice,xceptionnet_bf_score,diff_iou,diff_dice,diff_bf_score
0,0.964346,0.98185,1,0.948056,0.973336,0.994475,0.01629,0.008514,0.005525
1,0.945283,0.971872,1,0.945118,0.971785,1,0.000165,0.000087,0
2,0.939778,0.968954,0.933735,0.924647,0.960848,0.915951,0.015131,0.008106,0.017784
3,0.959202,0.979176,1,0.963339,0.981327,1,-0.004137,-0.002151,0
4,0.944088,0.97124,1,0.936741,0.967338,1,0.007347,0.003902,0
5,0.957143,0.978102,1,0.942485,0.970391,1,0.014658,0.007711,0
6,0.962838,0.981067,1,0.932281,0.964954,0.961576,0.030557,0.016113,0.038424
7,0.934415,0.966096,0.983333,0.941156,0.969686,1,-0.006741,-0.00359,-0.016667
8,0.961085,0.980157,1,0.949928,0.974321,1,0.011157,0.005836,0
9,0.949146,0.97391,1,0.959305,0.97923,1,-0.010159,-0.00532,0
10,0.966412,0.982919,1,0.896641,0.945504,0.885242,0.069771,0.037415,0.114758
11,0.956571,0.977803,1,0.902146,0.948556,0.902472,0.054425,0.029247,0.097528
12,0.983782,0.991825,1,0.951327,0.975057,1,0.032455,0.016768,0
13,0.955213,0.977094,1,0.928623,0.962991,1,0.02659,0.014103,0
14,0.911417,0.953656,0.92385,0.906842,0.951145,0.893839,0.004575,0.002511,0.030011
15,0.952413,0.975627,1,0.948234,0.97343,1,0.004179,0.002197,0
16,0.958755,0.978943,1,0.90939,0.952545,0.808233,0.049365,0.026398,0.191767
17,0.911701,0.953811,0.816151,0.872465,0.931889,0.767811,0.039236,0.021922,0.04834
18,0.955252,0.977114,1,0.954574,0.976759,1,0.000678,0.000355,0
19,0.970946,0.985259,1,0.948615,0.97363,0.994594,0.022331,0.011629,0.005406
20,0.952741,0.975799,1,0.915997,0.956157,1,0.036744,0.019642,0
21,0.942952,0.970638,1,0.938317,0.968177,1,0.004635,0.002461,0
22,0.955367,0.977174,0.988165,0.928896,0.963137,1,0.026471,0.014037,-0.011835
23,0.959176,0.979162,1,0.979167,0.989474,1,-0.019991,-0.010312,0
24,0.954683,0.976816,1,0.897689,0.946086,0.919059,0.056994,0.03073,0.080941
25,0.925302,0.961202,1,0.970037,0.984791,1,-0.044735,-0.023589,0
26,0.971107,0.985342,1,0.96367,0.981499,1,0.007437,0.003843,0
27,0.950502,0.974623,1,0.791852,0.883836,0.531829,0.15865,0.090787,0.468171
28,0.913205,0.954634,0.899552,0.954093,0.976507,1,-0.040888,-0.021873,-0.100448
29,0.894423,0.94427,0.901961,0.936051,0.966969,1,-0.041628,-0.022699,-0.098039
30,0.973053,0.986342,1,0.933608,0.965664,1,0.039445,0.020678,0
31,0.96374,0.981535,1,0.939864,0.969,1,0.023876,0.012535,0
32,0.868167,0.929432,0.782281,0.868347,0.929535,0.739093,-0.00018,-0.000103,0.043188
33,0.924182,0.960597,0.969591,0.807692,0.893617,0.674189,0.11649,0.06698,0.295402
34,0.891111,0.942421,0.934979,0.974587,0.98713,1,-0.083476,-0.044709,-0.065021
35,0.972372,0.985992,1,0.922581,0.959732,0.994252,0.049791,0.02626,0.005748
36,0.962358,0.980818,1,0.930542,0.964022,0.978479,0.031816,0.016796,0.021521
37,0.903969,0.949563,0.892052,0.908822,0.952233,1,-0.004853,-0.00267,-0.107948
38,0.968198,0.983842,1,0.936112,0.967002,1,0.032086,0.01684,0
39,0.945407,0.971938,1,0.828996,0.906504,0.600632,0.116411,0.065434,0.399368
40,0.961422,0.980332,1,0.94608,0.972293,1,0.015342,0.008039,0
41,0.965855,0.982631,1,0.94086,0.969529,1,0.024995,0.013102,0
42,0.933965,0.965855,0.972421,0.953199,0.976039,1,-0.019234,-0.010184,-0.027579
43,0.950219,0.974474,1,0.917001,0.956704,0.884424,0.033218,0.01777,0.115576
44,0.95883,0.978982,1,0.933333,0.965517,1,0.025497,0.013465,0
45,0.909996,0.952878,0.858404,0.926784,0.962001,0.988372,-0.016788,-0.009123,-0.129968
46,0.938161,0.968094,1,0.915848,0.956076,0.98112,0.022313,0.012018,0.01888
47,0.962399,0.980839,1,0.967183,0.983318,1,-0.004784,-0.002479,0
48,0.965913,0.982661,1,0.941826,0.970042,0.983813,0.024087,0.012619,0.016187
49,0.966972,0.983209,1,0.969771,0.984654,1,-0.002799,-0.001445,0
50,0.958602,0.978864,1,0.91564,0.955963,1,0.042962,0.022901,0
51,0.892814,0.943372,0.94175,0.875865,0.933825,0.807857,0.016949,0.009547,0.133893
52,0.958563,0.978843,0.994253,0.960586,0.979897,1,-0.002023,-0.001054,-0.005747
53,0.96238,0.980829,1,0.893674,0.943852,0.80616,0.068706,0.036977,0.19384
54,0.967984,0.983731,1,0.927002,0.962119,0.907972,0.040982,0.021612,0.092028
55,0.893511,0.943761,0.794498,0.871957,0.9316,0.692432,0.021554,0.012161,0.102066
56,0.948609,0.973627,1,0.960252,0.979723,1,-0.011643,-0.006096,0
57,0.945525,0.972,1,0.933946,0.965845,1,0.011579,0.006155,0
58,0.947327,0.972951,1,0.946042,0.972273,0.98214,0.001285,0.000678,0.01786
59,0.934566,0.966176,1,0.918681,0.957617,0.916193,0.015885,0.008559,0.083807
60,0.9136,0.954849,0.987836,0.938038,0.968028,1,-0.024438,-0.013179,-0.012164
61,0.929213,0.963308,0.913272,0.756388,0.861299,0.476744,0.172825,0.102009,0.436528
62,0.961435,0.980338,1,0.909509,0.95261,0.864271,0.051926,0.027728,0.135729
63,0.925585,0.961355,0.988125,0.875198,0.933446,0.721212,0.050387,0.027909,0.266913
64,0.971982,0.985792,1,0.970052,0.984798,1,0.00193,0.000994,0
65,0.971982,0.985792,1,0.970052,0.984798,1,0.00193,0.000994,0
66,0.940847,0.969522,0.963631,0.937249,0.967608,1,0.003598,0.001914,-0.036369
67,0.956021,0.977516,1,0.940076,0.969113,1,0.015945,0.008403,0
68,0.955144,0.977058,1,0.968631,0.984066,1,-0.013487,-0.007008,0
69,0.942083,0.970178,1,0.891967,0.942899,0.738142,0.050116,0.027279,0.261858
70,0.972061,0.985833,1,0.931521,0.964547,1,0.04054,0.021286,0
71,0.946816,0.972681,1,0.932169,0.964894,0.98328,0.014647,0.007787,0.01672
72,0.96474,0.982054,1,0.93923,0.968663,1,0.02551,0.013391,0
73,0.964592,0.981977,1,0.95207,0.975446,1,0.012522,0.006531,0
74,0.973529,0.986587,1,0.975321,0.987506,1,-0.001792,-0.000919,0
75,0.958418,0.978768,1,0.932746,0.965203,1,0.025672,0.013565,0
76,0.924938,0.961005,0.994301,0.853072,0.920711,0.732813,0.071866,0.040294,0.261488
77,0.934269,0.966018,1,0.881967,0.937282,0.874648,0.052302,0.028736,0.125352
78,0.96627,0.982846,1,0.949203,0.97394,1,0.017067,0.008906,0
79,0.962478,0.98088,1,0.967856,0.983665,1,-0.005378,-0.002785,0
80,0.96257,0.980928,1,0.872148,0.931708,0.836467,0.090422,0.04922,0.163533
81,0.978801,0.989287,1,0.947854,0.973229,1,0.030947,0.016058,0
82,0.941634,0.96994,1,0.976259,0.987987,1,-0.034625,-0.018047,0
83,0.963557,0.98144,1,0.918588,0.957567,0.953887,0.044969,0.023873,0.046113
84,0.968663,0.984082,1,0.962873,0.981085,1,0.00579,0.002997,0
85,0.913323,0.954698,0.958818,0.924809,0.960936,0.982401,-0.011486,-0.006238,-0.023583
86,0.976557,0.98814,1,0.873654,0.932567,0.777195,0.102903,0.055573,0.222805
87,0.965925,0.982667,1,0.928691,0.963027,0.994475,0.037234,0.01964,0.005525
88,0.973849,0.986751,1,0.945633,0.972057,1,0.028216,0.014694,0
89,0.920273,0.958481,0.901426,0.824016,0.903518,0.574271,0.096257,0.054963,0.327155
90,0.972037,0.98582,1,0.903238,0.949159,0.838898,0.068799,0.036661,0.161102
91,0.902421,0.948708,0.901829,0.913674,0.95489,0.985557,-0.011253,-0.006182,-0.083728
92,0.95987,0.979524,1,0.91711,0.956763,0.941512,0.04276,0.022761,0.058488
93,0.90123,0.948049,0.918259,0.892233,0.943048,0.906047,0.008997,0.005001,0.012212
94,0.971225,0.985403,1,0.951629,0.975215,1,0.019596,0.010188,0
95,0.950217,0.974473,1,0.877469,0.934736,0.822627,0.072748,0.039737,0.177373
96,0.961248,0.980241,1,0.931373,0.964467,0.927309,0.029875,0.015774,0.072691
97,0.950161,0.974444,1,0.859772,0.924599,0.743617,0.090389,0.049845,0.256383
98,0.936062,0.966975,1,0.967113,0.983282,1,-0.031051,-0.016307,0
99,0.954863,0.97691,1,0.967755,0.983614,1,-0.012892,-0.006704,0
100,0.955229,0.977102,1,0.946936,0.972745,1,0.008293,0.004357,0
101,0.925897,0.961523,0.912898,0.91028,0.953033,0.902779,0.015617,0.00849,0.010119
102,0.960347,0.979772,1,0.955094,0.977031,1,0.005253,0.002741,0
103,0.927798,0.962547,0.961749,0.953697,0.9763,1,-0.025899,-0.013753,-0.038251
104,0.970619,0.985091,1,0.951076,0.974924,1,0.019543,0.010167,0
105,0.950435,0.974588,1,0.93342,0.965564,0.989011,0.017015,0.009024,0.010989
106,0.964095,0.981719,1,0.936138,0.967016,0.91798,0.027957,0.014703,0.08202
107,0.934439,0.966108,0.994065,0.905524,0.95042,0.915371,0.028915,0.015688,0.078694
108,0.961061,0.980144,1,0.950887,0.974825,1,0.010174,0.005319,0
109,0.963863,0.981599,1,0.957955,0.978526,1,0.005908,0.003073,0
110,0.966741,0.983089,1,0.959125,0.979136,1,0.007616,0.003953,0
111,0.947938,0.973273,1,0.92057,0.958643,0.957409,0.027368,0.01463,0.042591
112,0.948037,0.973325,0.917397,0.923245,0.960091,0.962319,0.024792,0.013234,-0.044922
113,0.893735,0.943886,0.923789,0.845387,0.916216,0.762841,0.048348,0.02767,0.160948
114,0.964363,0.981858,1,0.943225,0.970783,1,0.021138,0.011075,0
115,0.943152,0.970745,0.973255,0.926355,0.96177,1,0.016797,0.008975,-0.026745
116,0.948095,0.973356,1,0.927197,0.962223,1,0.020898,0.011133,0
117,0.930912,0.96422,0.98795,0.904608,0.949915,0.86028,0.026304,0.014305,0.12767
118,0.854959,0.921809,0.734185,0.83531,0.910266,0.60923,0.019649,0.011543,0.124955
119,0.944911,0.971675,1,0.910567,0.95319,0.921638,0.034344,0.018485,0.078362
120,0.93975,0.968939,1,0.924801,0.960931,0.970326,0.014949,0.008008,0.029674
121,0.967054,0.983251,1,0.941328,0.969778,1,0.025726,0.013473,0
122,0.937908,0.96796,1,0.927442,0.962355,1,0.010466,0.005605,0
123,0.929175,0.963287,1,0.91515,0.955695,0.945637,0.014025,0.007592,0.054363
124,0.921148,0.958956,0.846995,0.918319,0.957421,0.906702,0.002829,0.001535,-0.059707
125,0.936838,0.967389,1,0.900511,0.947652,0.843878,0.036327,0.019737,0.156122
126,0.978091,0.988924,1,0.957302,0.978185,1,0.020789,0.010739,0
127,0.961653,0.980452,1,0.910773,0.953303,1,0.05088,0.027149,0
128,0.958691,0.97891,1,0.963967,0.981653,1,-0.005276,-0.002743,0
129,0.951358,0.975073,1,0.912804,0.954415,0.933579,0.038554,0.020658,0.066421
130,0.956278,0.977651,1,0.937149,0.967555,1,0.019129,0.010096,0
131,0.939317,0.968709,0.890283,0.952044,0.975433,1,-0.012727,-0.006724,-0.109717
132,0.965344,0.982367,1,0.915059,0.955646,0.975226,0.050285,0.026721,0.024774
133,0.960665,0.979938,1,0.929342,0.963377,0.983514,0.031323,0.016561,0.016486
134,0,0,0,0,0,0,0,0,0
135,0.950795,0.974777,1,0.862314,0.926067,0.722045,0.088481,0.04871,0.277955
136,0.966954,0.983199,1,0.876194,0.934012,0.780279,0.09076,0.049187,0.219721
137,0.97619,0.987952,1,0.937866,0.967937,0.989129,0.038324,0.020015,0.010871
138,0.924407,0.960719,0.964072,0.918072,0.957286,0.885465,0.006335,0.003433,0.078607
139,0.981356,0.99059,1,0.961088,0.980158,1,0.020268,0.010432,0
140,0.968708,0.984105,1,0.904114,0.949643,0.967002,0.064594,0.034462,0.032998
141,0.913416,0.954749,0.915816,0.768055,0.868814,0.436658,0.145361,0.085935,0.479158
142,0.928802,0.963087,1,0.885733,0.939404,0.750719,0.043069,0.023683,0.249281
143,0.948602,0.973623,0.984424,0.864025,0.927053,0.860058,0.084577,0.04657,0.124366
144,0.940084,0.969117,1,0.926227,0.961701,1,0.013857,0.007416,0
145,0.947644,0.973118,1,0.90816,0.95187,0.988974,0.039484,0.021248,0.011026
146,0.958229,0.978669,1,0.940134,0.969144,1,0.018095,0.009525,0
147,0.892696,0.943307,0.765675,0.933746,0.965738,0.959877,-0.04105,-0.022431,-0.194202
148,0.947556,0.973072,1,0.953247,0.976064,1,-0.005691,-0.002992,0
149,0.952925,0.975895,1,0.906586,0.951005,0.899788,0.046339,0.02489,0.100212
150,0.963946,0.981642,0.956159,0.912917,0.954476,0.977898,0.051029,0.027166,-0.021739
151,0.910507,0.953158,0.830777,0.92376,0.960369,0.843373,-0.013253,-0.007211,-0.012596
152,0.963176,0.981243,1,0.964688,0.982027,1,-0.001512,-0.000784,0
153,0.958684,0.978906,1,0.941586,0.969914,0.994082,0.017098,0.008992,0.005918
154,0.967835,0.983655,1,0.94414,0.971268,0.976977,0.023695,0.012387,0.023023
155,0.944897,0.971668,1,0.934492,0.966137,1,0.010405,0.005531,0
156,0.935403,0.966624,1,0.928748,0.963058,0.983095,0.006655,0.003566,0.016905
157,0.91016,0.952967,0.95672,0.9261,0.961632,1,-0.01594,-0.008665,-0.04328
158,0.955944,0.977476,1,0.953652,0.976276,1,0.002292,0.0012,0
159,0.950018,0.974369,1,0.922722,0.959808,0.965812,0.027296,0.014561,0.034188
160,0.927095,0.962168,0.978785,0.8624,0.926117,0.733991,0.064695,0.036051,0.244794
161,0.964434,0.981895,1,0.949345,0.974014,1,0.015089,0.007881,0
162,0.960312,0.979754,1,0.91655,0.956458,0.910274,0.043762,0.023296,0.089726
163,0.940945,0.969574,1,0.876195,0.934013,0.84814,0.06475,0.035561,0.15186
164,0.772499,0.87165,0.289809,0.722977,0.839219,0.24557,0.049522,0.032431,0.044239
165,0.978723,0.989247,1,0.950562,0.974654,1,0.028161,0.014593,0
166,0.95341,0.97615,1,0.912489,0.954242,0.886542,0.040921,0.021908,0.113458
167,0.970331,0.984942,1,0.920341,0.958518,1,0.04999,0.026424,0
168,0.930726,0.96412,1,0.936782,0.967359,1,-0.006056,-0.003239,0
169,0.968291,0.98389,1,0.924579,0.960812,0.980744,0.043712,0.023078,0.019256
170,0.95509,0.977029,1,0.883491,0.938142,0.904055,0.071599,0.038887,0.095945
171,0.97378,0.986716,1,0.944546,0.971482,1,0.029234,0.015234,0
172,0.926012,0.961585,1,0.935529,0.966691,0.983187,-0.009517,-0.005106,0.016813
173,0.934062,0.965907,0.886427,0.920474,0.95859,0.972188,0.013588,0.007317,-0.085761
174,0.932558,0.965102,0.994117,0.928433,0.962889,0.920607,0.004125,0.002213,0.07351
175,0.944003,0.971195,0.956489,0.91012,0.952945,0.916005,0.033883,0.01825,0.040484
176,0.932642,0.965147,1,0.938204,0.968117,1,-0.005562,-0.00297,0
177,0.918705,0.95763,0.961845,0.884839,0.938901,0.877512,0.033866,0.018729,0.084333
178,0.937332,0.967652,1,0.935471,0.96666,0.994134,0.001861,0.000992,0.005866
179,0.923919,0.960455,1,0.707388,0.82862,0.48,0.216531,0.131835,0.52
180,0.964363,0.981858,1,0.905831,0.950589,1,0.058532,0.031269,0
181,0.944644,0.971534,1,0.946906,0.972729,1,-0.002262,-0.001195,0
182,0.964768,0.982068,1,0.933728,0.965728,0.937924,0.03104,0.01634,0.062076
183,0.953561,0.976229,1,0.919899,0.958279,0.978315,0.033662,0.01795,0.021685
184,0.920701,0.958713,1,0.897345,0.945896,0.881163,0.023356,0.012817,0.118837
185,0.97619,0.987952,1,0.944771,0.971601,1,0.031419,0.016351,0
186,0.975588,0.987643,1,0.929759,0.963601,0.96319,0.045829,0.024042,0.03681
187,0.976835,0.988282,1,0.922029,0.959433,0.952897,0.054806,0.028849,0.047103
188,0.970418,0.984987,1,0.958291,0.978701,1,0.012127,0.006286,0
189,0.976075,0.987893,1,0.947694,0.973145,0.994382,0.028381,0.014748,0.005618
190,0.942496,0.970397,1,0.928481,0.962914,1,0.014015,0.007483,0
191,0.959359,0.979258,1,0.945024,0.971735,1,0.014335,0.007523,0
192,0.985485,0.992689,1,0.922864,0.959885,1,0.062621,0.032804,0
193,0.928457,0.962901,0.993958,0.952106,0.975465,1,-0.023649,-0.012564,-0.006042
194,0.959158,0.979153,1,0.958224,0.978666,1,0.000934,0.000487,0
195,0.955411,0.977197,1,0.871964,0.931603,0.762534,0.083447,0.045594,0.237466
196,0.967667,0.983568,1,0.962902,0.9811,1,0.004765,0.002468,0
197,0.950045,0.974383,1,0.719496,0.836869,0.415421,0.230549,0.137514,0.584579
198,0.964045,0.981693,1,0.898335,0.946445,0.980951,0.06571,0.035248,0.019049
199,0.969729,0.984632,1,0.938754,0.96841,1,0.030975,0.016222,0
200,0.964663,0.982014,1,0.916121,0.956225,0.926519,0.048542,0.025789,0.073481
201,0.969983,0.984763,1,0.937564,0.967776,1,0.032419,0.016987,0
202,0.887427,0.940357,0.871963,0.881529,0.937035,0.723633,0.005898,0.003322,0.14833
203,0.933307,0.965503,0.993974,0.949583,0.97414,1,-0.016276,-0.008637,-0.006026
204,0.972014,0.985808,1,0.90735,0.951425,0.988821,0.064664,0.034383,0.011179
205,0.945923,0.97221,1,0.908903,0.952278,0.94691,0.03702,0.019932,0.05309
206,0.942899,0.97061,1,0.914039,0.955089,0.929653,0.02886,0.015521,0.070347
207,0.955433,0.977208,1,0.871795,0.931507,0.682218,0.083638,0.045701,0.317782
208,0.962396,0.980838,1,0.94011,0.969131,0.983999,0.022286,0.011707,0.016001
209,0.946844,0.972696,1,0.940728,0.969459,0.983648,0.006116,0.003237,0.016352
210,0.952237,0.975534,1,0.9375,0.967742,1,0.014737,0.007792,0
211,0.945244,0.971851,1,0.945235,0.971846,1,0.000009,0.000005,0
212,0.927254,0.962254,1,0.961777,0.980516,1,-0.034523,-0.018262,0
213,0.950406,0.974572,1,0.909617,0.95267,0.980951,0.040789,0.021902,0.019049
214,0.921098,0.958929,0.921348,0.885724,0.939399,0.790939,0.035374,0.01953,0.130409
215,0.956352,0.977689,1,0.915315,0.955786,0.968349,0.041037,0.021903,0.031651
216,0.951066,0.974919,1,0.957637,0.97836,1,-0.006571,-0.003441,0
217,0.9477,0.973148,1,0.795652,0.886199,0.507463,0.152048,0.086949,0.492537
218,0.967201,0.983327,1,0.924561,0.960802,0.926728,0.04264,0.022525,0.073272
219,0.969111,0.984313,1,0.948925,0.973793,1,0.020186,0.01052,0
220,0.9375,0.967742,1,0.96336,0.981338,1,-0.02586,-0.013596,0
221,0.974325,0.986995,1,0.958742,0.978936,1,0.015583,0.008059,0
222,0.946298,0.972408,1,0.934919,0.966365,0.989388,0.011379,0.006043,0.010612
223,0.849234,0.918471,0.773192,0.770202,0.870185,0.51054,0.079032,0.048286,0.262652
224,0.892262,0.943064,0.972968,0.893617,0.94382,0.917604,-0.001355,-0.000756,0.055364
225,0.94974,0.974222,0.983423,0.967184,0.983318,1,-0.017444,-0.009096,-0.016577
226,0.952195,0.975512,1,0.956194,0.977606,1,-0.003999,-0.002094,0
227,0.939796,0.968963,0.964911,0.800303,0.889076,0.515337,0.139493,0.079887,0.449574
228,0.971634,0.985613,1,0.951672,0.975237,0.977142,0.019962,0.010376,0.022858
229,0.956989,0.978022,1,0.945319,0.971891,1,0.01167,0.006131,0
230,0.954311,0.976622,1,0.941339,0.969783,1,0.012972,0.006839,0
231,0.922958,0.959936,1,0.880711,0.936572,0.93842,0.042247,0.023364,0.06158
232,0.823289,0.903081,0.526986,0.817684,0.899699,0.630783,0.005605,0.003382,-0.103797
233,0.936451,0.967183,1,0.934075,0.965914,1,0.002376,0.001269,0
234,0.942847,0.970583,0.972314,0.949256,0.973967,1,-0.006409,-0.003384,-0.027686
235,0.936147,0.967021,0.988472,0.921128,0.958945,1,0.015019,0.008076,-0.011528
236,0.931914,0.964757,0.994565,0.892157,0.943005,0.804348,0.039757,0.021752,0.190217
237,0.950605,0.974677,1,0.908579,0.9521,0.957104,0.042026,0.022577,0.042896
238,0.965291,0.982339,1,0.959177,0.979163,1,0.006114,0.003176,0
239,0.966168,0.982793,1,0.953741,0.976323,1,0.012427,0.00647,0
240,0.961034,0.98013,1,0.883054,0.937896,0.777104,0.07798,0.042234,0.222896
241,0.931205,0.964377,1,0.901146,0.948003,0.894821,0.030059,0.016374,0.105179
242,0.958894,0.979015,1,0.897002,0.945705,0.909769,0.061892,0.03331,0.090231
243,0.970643,0.985103,1,0.966171,0.982794,1,0.004472,0.002309,0
244,0.942868,0.970594,1,0.863119,0.926531,0.789965,0.079749,0.044063,0.210035
245,0.954845,0.976901,0.994565,0.917148,0.956784,0.955043,0.037697,0.020117,0.039522
246,0.941075,0.969643,1,0.912908,0.954471,0.954929,0.028167,0.015172,0.045071
247,0.947104,0.972834,1,0.88475,0.938851,0.764079,0.062354,0.033983,0.235921
248,0.948548,0.973595,1,0.89936,0.947014,0.828125,0.049188,0.026581,0.171875
249,0.968315,0.983902,1,0.958695,0.978912,1,0.00962,0.00499,0
250,0.944444,0.971429,0.9882,0.937691,0.967844,1,0.006753,0.003585,-0.0118
251,0.972727,0.986175,1,0.922064,0.959452,0.983049,0.050663,0.026723,0.016951
252,0.930916,0.964222,0.88326,0.936123,0.967008,1,-0.005207,-0.002786,-0.11674
253,0.95904,0.979092,1,0.955579,0.977285,1,0.003461,0.001807,0
254,0.972332,0.985972,1,0.946559,0.972546,1,0.025773,0.013426,0
255,0.919263,0.957934,0.846992,0.907033,0.951251,0.920674,0.01223,0.006683,-0.073682
256,0.934506,0.966145,1,0.884205,0.938545,0.986524,0.050301,0.0276,0.013476
257,0.926355,0.96177,1,0.925125,0.961107,1,0.00123,0.000663,0
258,0.944444,0.971429,0.9882,0.865782,0.928063,0.752187,0.078662,0.043366,0.236013
259,0.975886,0.987796,1,0.917486,0.956968,0.949146,0.0584,0.030828,0.050854
260,0.939215,0.968655,1,0.936408,0.96716,1,0.002807,0.001495,0
261,0.94196,0.970113,1,0.828406,0.906151,0.635238,0.113554,0.063962,0.364762
262,0.935566,0.966711,0.884156,0.917677,0.957071,1,0.017889,0.00964,-0.115844
263,0.937393,0.967685,0.843905,0.92807,0.962693,0.926999,0.009323,0.004992,-0.083094
264,0.938478,0.968263,0.977077,0.917014,0.956711,0.962925,0.021464,0.011552,0.014152
265,0.900428,0.947605,0.855366,0.872572,0.93195,0.758327,0.027856,0.015655,0.097039
266,0.93889,0.968482,0.898964,0.949543,0.974118,1,-0.010653,-0.005636,-0.101036
267,0.925642,0.961385,1,0.912786,0.954405,0.901108,0.012856,0.00698,0.098892
268,0.961507,0.980376,1,0.907503,0.951509,0.933969,0.054004,0.028867,0.066031
269,0.942521,0.97041,0.994318,0.901536,0.948219,0.954504,0.040985,0.022191,0.039814
270,0.971429,0.985507,1,0.924443,0.960738,0.955284,0.046986,0.024769,0.044716
271,0.923921,0.960456,0.994318,0.884306,0.938601,0.88306,0.039615,0.021855,0.111258
272,0.939858,0.968997,1,0.939893,0.969015,1,-0.000035,-0.000018,0
273,0.981168,0.990494,1,0.900867,0.947849,1,0.080301,0.042645,0
274,0.965324,0.982356,1,0.961417,0.980329,1,0.003907,0.002027,0
275,0.930935,0.964232,0.924904,0.916448,0.956403,0.994595,0.014487,0.007829,-0.069691
276,0.971505,0.985547,1,0.963153,0.98123,0.983394,0.008352,0.004317,0.016606
277,0.920971,0.95886,0.874368,0.894798,0.944479,0.747581,0.026173,0.014381,0.126787
278,0.972989,0.986309,1,0.935569,0.966712,1,0.03742,0.019597,0
279,0.949167,0.973921,1,0.931019,0.964277,1,0.018148,0.009644,0
280,0.959846,0.979512,1,0.953768,0.976337,0.96817,0.006078,0.003175,0.03183
281,0.96576,0.982582,1,0.949379,0.974032,1,0.016381,0.00855,0
282,0.957367,0.978219,1,0.911293,0.953588,0.831095,0.046074,0.024631,0.168905
283,0.965949,0.982679,1,0.949223,0.97395,1,0.016726,0.008729,0
284,0.9681,0.983792,1,0.952245,0.975539,1,0.015855,0.008253,0
285,0.927795,0.962545,0.988764,0.923478,0.960217,0.966223,0.004317,0.002328,0.022541
286,0.966436,0.982932,1,0.943742,0.971057,1,0.022694,0.011875,0
287,0.932961,0.965318,0.980329,0.95595,0.977479,1,-0.022989,-0.012161,-0.019671
288,0.92751,0.962392,0.952858,0.867441,0.929016,0.593666,0.060069,0.033376,0.359192
289,0.961796,0.980526,0.967152,0.943851,0.971115,1,0.017945,0.009411,-0.032848
290,0.960199,0.979695,1,0.912763,0.954392,1,0.047436,0.025303,0
291,0.964124,0.981734,1,0.966019,0.982716,1,-0.001895,-0.000982,0
292,0.935272,0.966553,0.971831,0.937544,0.967765,0.948857,-0.002272,-0.001212,0.022974
293,0.981758,0.990795,1,0.957398,0.978235,1,0.02436,0.01256,0
294,0.929595,0.963513,1,0.973548,0.986597,1,-0.043953,-0.023084,0
295,0.93401,0.965879,1,0.951966,0.975392,1,-0.017956,-0.009513,0
296,0.942508,0.970403,0.99363,0.911326,0.953606,0.955696,0.031182,0.016797,0.037934
297,0.960563,0.979885,1,0.878301,0.935208,0.877518,0.082262,0.044677,0.122482
298,0.960926,0.980074,1,0.942029,0.970149,1,0.018897,0.009925,0
299,0.943939,0.971161,1,0.937834,0.96792,0.935137,0.006105,0.003241,0.064863
300,0.947704,0.97315,0.955801,0.953669,0.976285,1,-0.005965,-0.003135,-0.044199
301,0.975782,0.987743,1,0.957933,0.978515,1,0.017849,0.009228,0
302,0.886453,0.939809,0.923281,0.956541,0.977788,1,-0.070088,-0.037979,-0.076719
303,0.949658,0.974179,1,0.926573,0.961887,0.98863,0.023085,0.012292,0.01137
304,0.977672,0.98871,1,0.951416,0.975103,1,0.026256,0.013607,0
305,0.962759,0.981026,1,0.948021,0.973317,1,0.014738,0.007709,0
306,0.942029,0.970149,1,0.94941,0.974049,1,-0.007381,-0.0039,0
307,0.976291,0.988003,1,0.952726,0.975791,1,0.023565,0.012212,0
308,0.950609,0.974679,1,0.951573,0.975186,1,-0.000964,-0.000507,0
309,0.956966,0.97801,1,0.920084,0.958379,1,0.036882,0.019631,0
310,0.933207,0.96545,1,0.878389,0.935258,0.770425,0.054818,0.030192,0.229575
311,0.941271,0.969747,0.95144,0.955429,0.977207,1,-0.014158,-0.00746,-0.04856
312,0.954513,0.976727,1,0.953472,0.976182,1,0.001041,0.000545,0
313,0.956941,0.977997,1,0.855773,0.922282,0.747245,0.101168,0.055715,0.252755
314,0.955442,0.977213,1,0.729046,0.843292,0.338641,0.226396,0.133921,0.661359
315,0.975317,0.987504,1,0.963839,0.981587,1,0.011478,0.005917,0
316,0.946357,0.972439,1,0.93318,0.965435,0.96129,0.013177,0.007004,0.03871
317,0.972222,0.985915,1,0.880572,0.936494,0.799632,0.09165,0.049421,0.200368
318,0.964935,0.982155,1,0.950083,0.974402,1,0.014852,0.007753,0
319,0.945853,0.972173,1,0.958904,0.979021,1,-0.013051,-0.006848,0
320,0.94603,0.972266,0.986754,0.929437,0.963428,0.935258,0.016593,0.008838,0.051496
321,0.962729,0.98101,1,0.872933,0.932156,0.599518,0.089796,0.048854,0.400482
322,0.838816,0.912343,0.495526,0.910218,0.952999,0.80414,-0.071402,-0.040656,-0.308614
323,0.914661,0.955429,0.803192,0.885363,0.939196,0.781802,0.029298,0.016233,0.02139
324,0.936232,0.967066,1,0.925926,0.961538,0.971785,0.010306,0.005528,0.028215
325,0.942807,0.970562,0.995204,0.759847,0.863538,0.308198,0.18296,0.107024,0.687006
326,0.944444,0.971429,0.960542,0.948911,0.973786,0.97497,-0.004467,-0.002357,-0.014428
327,0.961602,0.980425,1,0.963225,0.981268,1,-0.001623,-0.000843,0
328,0.949341,0.974012,1,0.92472,0.960888,0.810111,0.024621,0.013124,0.189889
329,0.948109,0.973364,1,0.913485,0.954787,0.854636,0.034624,0.018577,0.145364
330,0.967095,0.983272,1,0.919027,0.957805,0.84438,0.048068,0.025467,0.15562
331,0.909636,0.95268,0.874675,0.902697,0.94886,0.854869,0.006939,0.00382,0.019806
332,0.919551,0.958089,0.937357,0.930175,0.963824,0.966662,-0.010624,-0.005735,-0.029305
333,0.953801,0.976354,1,0.920234,0.95846,0.927051,0.033567,0.017894,0.072949
334,0.9,0.947368,0.842156,0.96031,0.979753,1,-0.06031,-0.032385,-0.157844
335,0.937362,0.967669,0.955299,0.940415,0.969292,0.950896,-0.003053,-0.001623,0.004403
336,0.958292,0.978702,1,0.916667,0.956522,0.832891,0.041625,0.02218,0.167109
337,0.933767,0.965749,0.973752,0.943408,0.97088,0.984169,-0.009641,-0.005131,-0.010417
338,0.938099,0.968061,0.980806,0.928535,0.962943,0.844223,0.009564,0.005118,0.136583
339,0.969043,0.984278,1,0.93025,0.963865,1,0.038793,0.020413,0
340,0.953055,0.975963,1,0.955969,0.977489,1,-0.002914,-0.001526,0
341,0.941421,0.969827,0.939932,0.858352,0.923778,0.578279,0.083069,0.046049,0.361653
342,0.936454,0.967184,0.858699,0.804813,0.891852,0.333229,0.131641,0.075332,0.52547
343,0.963763,0.981547,1,0.961001,0.980113,1,0.002762,0.001434,0
344,0.970621,0.985091,1,0.948041,0.973328,1,0.02258,0.011763,0
345,0.918811,0.957688,0.951757,0.855453,0.922096,0.685536,0.063358,0.035592,0.266221
346,0.969374,0.984449,1,0.936955,0.967452,0.930966,0.032419,0.016997,0.069034
347,0.919903,0.958281,0.837261,0.940118,0.969135,0.853744,-0.020215,-0.010854,-0.016483
348,0.943834,0.971106,0.963088,0.873916,0.932716,0.845332,0.069918,0.03839,0.117756
349,0.913412,0.954747,0.9458,0.846978,0.91715,0.523299,0.066434,0.037597,0.422501
350,0.95004,0.97438,0.985222,0.921554,0.959176,0.878998,0.028486,0.015204,0.106224
351,0.969799,0.984668,1,0.897609,0.946042,0.763678,0.07219,0.038626,0.236322
352,0.961523,0.980384,1,0.930144,0.963808,1,0.031379,0.016576,0
353,0.938808,0.968438,0.946288,0.9488,0.973727,0.964204,-0.009992,-0.005289,-0.017916
354,0.975616,0.987657,1,0.955368,0.977175,0.958427,0.020248,0.010482,0.041573
355,0.921951,0.959391,0.869903,0.913464,0.954775,0.921934,0.008487,0.004616,-0.052031
356,0.955508,0.977248,0.939522,0.938822,0.968446,0.974193,0.016686,0.008802,-0.034671
357,0.945823,0.972157,1,0.945168,0.971811,1,0.000655,0.000346,0
358,0.934816,0.96631,0.989442,0.911667,0.953793,0.968407,0.023149,0.012517,0.021035
359,0.912216,0.954093,0.809756,0.87982,0.936069,0.735334,0.032396,0.018024,0.074422
360,0.956067,0.97754,1,0.946095,0.972301,1,0.009972,0.005239,0
361,0.942671,0.97049,1,0.92229,0.959574,0.935752,0.020381,0.010916,0.064248
362,0.961806,0.980531,1,0.934612,0.966201,0.943336,0.027194,0.01433,0.056664
363,0.843459,0.915083,0.60795,0.796636,0.886809,0.534437,0.046823,0.028274,0.073513
364,0.961262,0.980249,1,0.937772,0.967887,0.966741,0.02349,0.012362,0.033259
365,0.960805,0.980011,1,0.934943,0.966378,1,0.025862,0.013633,0
366,0.965067,0.982223,0.980653,0.94307,0.970701,1,0.021997,0.011522,-0.019347
367,0.961604,0.980426,1,0.910402,0.9531,0.977825,0.051202,0.027326,0.022175
368,0.965271,0.982329,1,0.929306,0.963358,0.994776,0.035965,0.018971,0.005224
369,0.963779,0.981555,1,0.918858,0.957713,0.929992,0.044921,0.023842,0.070008
370,0.931188,0.964368,0.880638,0.917378,0.956909,0.922196,0.01381,0.007459,-0.041558
371,0.972587,0.986103,1,0.936881,0.967412,0.924623,0.035706,0.018691,0.075377
372,0.946716,0.972629,1,0.905508,0.950411,0.731612,0.041208,0.022218,0.268388
373,0.938968,0.968524,0.900374,0.914731,0.955467,0.802466,0.024237,0.013057,0.097908
374,0.838902,0.912395,0.602705,0.945566,0.972021,0.984359,-0.106664,-0.059626,-0.381654
375,0.973567,0.986607,1,0.876399,0.934129,0.706231,0.097168,0.052478,0.293769
376,0.959145,0.979147,1,0.939077,0.968581,0.913282,0.020068,0.010566,0.086718
377,0.828947,0.906475,0.682855,0.880105,0.93623,0.817864,-0.051158,-0.029755,-0.135009
378,0.929255,0.96333,0.900521,0.888195,0.940787,0.747492,0.04106,0.022543,0.153029
379,0.905889,0.950621,0.802108,0.887452,0.94037,0.747397,0.018437,0.010251,0.054711
380,0.966737,0.983087,1,0.975286,0.987488,1,-0.008549,-0.004401,0
381,0.978099,0.988928,1,0.948024,0.973319,0.981535,0.030075,0.015609,0.018465
382,0.45094,0.621583,0.16745,0.756368,0.861287,0.201122,-0.305428,-0.239704,-0.033672
383,0.949283,0.973982,1,0.937535,0.96776,0.870647,0.011748,0.006222,0.129353
384,0.933931,0.965837,0.906157,0.967927,0.983702,1,-0.033996,-0.017865,-0.093843
385,0.925678,0.961405,0.988636,0.929989,0.963725,1,-0.004311,-0.00232,-0.011364
386,0.960359,0.979779,0.997555,0.962855,0.981076,1,-0.002496,-0.001297,-0.002445
387,0.952183,0.975506,1,0.94476,0.971595,1,0.007423,0.003911,0
388,0.967594,0.98353,1,0.946423,0.972474,1,0.021171,0.011056,0
389,0.936599,0.967262,0.973503,0.917214,0.95682,0.880504,0.019385,0.010442,0.092999
390,0.953637,0.976268,1,0.918754,0.957657,0.830769,0.034883,0.018611,0.169231
391,0.773617,0.872361,0.519651,0.778236,0.87529,0.438108,-0.004619,-0.002929,0.081543
392,0.961385,0.980312,1,0.968449,0.983972,1,-0.007064,-0.00366,0
393,0.925741,0.961438,0.926829,0.935169,0.966499,0.90757,-0.009428,-0.005061,0.019259
394,0.957083,0.978071,1,0.956291,0.977657,1,0.000792,0.000414,0
395,0.927955,0.962631,0.950969,0.928101,0.96271,0.980186,-0.000146,-0.000079,-0.029217
396,0.930688,0.9641,1,0.926151,0.96166,0.932023,0.004537,0.00244,0.067977
397,0.946221,0.972367,1,0.929764,0.963604,0.984884,0.016457,0.008763,0.015116
398,0.958539,0.978831,1,0.919941,0.958301,0.843142,0.038598,0.02053,0.156858
399,0.957619,0.978351,0.985714,0.974479,0.987075,1,-0.01686,-0.008724,-0.014286
400,0.947322,0.972948,1,0.950525,0.974635,1,-0.003203,-0.001687,0
401,0.929365,0.963389,0.904923,0.919146,0.95787,0.906194,0.010219,0.005519,-0.001271
402,0.923094,0.960009,0.810648,0.95249,0.975667,1,-0.029396,-0.015658,-0.189352
403,0.938242,0.968137,0.846626,0.936301,0.967103,0.979286,0.001941,0.001034,-0.13266
404,0,0,0,0.535165,0.697208,0.09275,-0.535165,-0.697208,-0.09275
405,0.957041,0.978049,1,0.960239,0.979716,1,-0.003198,-0.001667,0
406,0.939911,0.969025,0.983378,0.901081,0.947967,0.972592,0.03883,0.021058,0.010786
407,0.9626,0.980944,1,0.874243,0.932902,0.640794,0.088357,0.048042,0.359206
408,0.871841,0.931533,0.709464,0.861394,0.925537,0.622162,0.010447,0.005996,0.087302
409,0.941992,0.97013,0.984226,0.948441,0.973538,0.995444,-0.006449,-0.003408,-0.011218
410,0.95145,0.975121,1,0.91018,0.952978,0.973261,0.04127,0.022143,0.026739
411,0.911904,0.953922,0.743788,0.860942,0.925275,0.61851,0.050962,0.028647,0.125278
412,0.929194,0.963298,0.947536,0.909582,0.95265,0.939891,0.019612,0.010648,0.007645
413,0.944947,0.971694,0.990338,0.898923,0.946771,0.837706,0.046024,0.024923,0.152632
414,0.939063,0.968574,1,0.892479,0.943185,0.901937,0.046584,0.025389,0.098063
415,0.947911,0.973259,0.985838,0.88231,0.937476,0.757685,0.065601,0.035783,0.228153
416,0.896927,0.945663,0.768174,0.933789,0.965761,0.898528,-0.036862,-0.020098,-0.130354
417,0.966164,0.982791,0.997389,0.926747,0.961981,0.963248,0.039417,0.02081,0.034141
418,0.963731,0.98153,1,0.958723,0.978926,1,0.005008,0.002604,0
419,0.903657,0.949391,0.848233,0.906174,0.950778,0.893808,-0.002517,-0.001387,-0.045575
420,0.959651,0.97941,1,0.920859,0.958799,0.973324,0.038792,0.020611,0.026676
421,0.92887,0.963124,1,0.928571,0.962963,1,0.000299,0.000161,0
422,0.928487,0.962917,0.89694,0.800359,0.88911,0.410752,0.128128,0.073807,0.486188
423,0.919718,0.95818,0.962537,0.938964,0.968522,1,-0.019246,-0.010342,-0.037463
424,0.969666,0.984599,1,0.95498,0.976971,1,0.014686,0.007628,0
425,0.923615,0.960291,0.888302,0.935475,0.966662,0.945112,-0.01186,-0.006371,-0.05681
426,0.918319,0.957421,0.994909,0.871152,0.93114,0.778683,0.047167,0.026281,0.216226
427,0.955013,0.976989,1,0.945304,0.971883,1,0.009709,0.005106,0
428,0.937899,0.967954,1,0.92678,0.961999,1,0.011119,0.005955,0
429,0.933978,0.965862,0.961038,0.922651,0.959769,0.901939,0.011327,0.006093,0.059099
430,0.953697,0.9763,1,0.928858,0.963117,0.9375,0.024839,0.013183,0.0625
431,0.97073,0.985148,1,0.96323,0.98127,1,0.0075,0.003878,0
432,0.804866,0.891884,0.38268,0.845513,0.916291,0.560707,-0.040647,-0.024407,-0.178027
433,0.958307,0.97871,0.973473,0.947085,0.972823,1,0.011222,0.005887,-0.026527
434,0.878726,0.935449,0.765081,0.953212,0.976046,1,-0.074486,-0.040597,-0.234919
435,0.898108,0.946319,0.829032,0.931026,0.964281,0.981349,-0.032918,-0.017962,-0.152317
436,0.960746,0.97998,1,0.964927,0.982151,1,-0.004181,-0.002171,0
437,0.908761,0.9522,0.858633,0.8971,0.945759,0.78636,0.011661,0.006441,0.072273
438,0.860924,0.925265,0.722968,0.898317,0.946435,0.791938,-0.037393,-0.02117,-0.06897
439,0.962382,0.98083,1,0.890926,0.942317,0.730721,0.071456,0.038513,0.269279
440,0.950201,0.974465,1,0.940022,0.969084,1,0.010179,0.005381,0
441,0.954974,0.976968,1,0.933177,0.965434,0.918072,0.021797,0.011534,0.081928
442,0.960533,0.979869,1,0.952264,0.975549,0.986122,0.008269,0.00432,0.013878
443,0.905878,0.950615,0.827327,0.944444,0.971429,1,-0.038566,-0.020814,-0.172673
444,0.937332,0.967653,0.934003,0.931161,0.964353,0.972782,0.006171,0.0033,-0.038779
445,0.914527,0.955356,1,0.916263,0.956302,0.896923,-0.001736,-0.000946,0.103077
446,0.921141,0.958952,0.859379,0.872289,0.931789,0.549813,0.048852,0.027163,0.309566
447,0.935237,0.966535,0.966824,0.949251,0.973965,1,-0.014014,-0.00743,-0.033176
448,0.959086,0.979116,1,0.923431,0.960191,0.89356,0.035655,0.018925,0.10644
449,0.976959,0.988345,1,0.93474,0.96627,1,0.042219,0.022075,0
450,0.95582,0.977411,1,0.927831,0.962565,0.980638,0.027989,0.014846,0.019362
451,0.974981,0.987332,1,0.967934,0.983706,1,0.007047,0.003626,0
452,0.973698,0.986674,1,0.959539,0.979352,1,0.014159,0.007322,0
453,0.918252,0.957384,0.940437,0.872855,0.932112,0.732752,0.045397,0.025272,0.207685
454,0.952876,0.975869,1,0.956231,0.977626,1,-0.003355,-0.001757,0
455,0.948511,0.973575,1,0.924731,0.960894,1,0.02378,0.012681,0
456,0.969965,0.984753,1,0.926382,0.961784,0.914761,0.043583,0.022969,0.085239
457,0.952126,0.975476,0.950318,0.937937,0.967975,0.959183,0.014189,0.007501,-0.008865
458,0.961527,0.980386,1,0.897808,0.946153,0.819927,0.063719,0.034233,0.180073
459,0.913801,0.954959,0.883239,0.869979,0.930469,0.592496,0.043822,0.02449,0.290743
460,0.954436,0.976687,1,0.96248,0.980881,1,-0.008044,-0.004194,0
461,0.926244,0.96171,0.850445,0.937139,0.96755,1,-0.010895,-0.00584,-0.149555
462,0.963744,0.981537,1,0.946494,0.972512,1,0.01725,0.009025,0
463,0.938569,0.968311,1,0.884338,0.938619,0.718367,0.054231,0.029692,0.281633
464,0.942774,0.970544,1,0.935239,0.966536,0.974617,0.007535,0.004008,0.025383
465,0.966733,0.983085,1,0.857036,0.923015,0.628607,0.109697,0.06007,0.371393
466,0.907459,0.951485,0.77665,0.894621,0.94438,0.775485,0.012838,0.007105,0.001165
467,0.952162,0.975495,1,0.925243,0.96117,0.967204,0.026919,0.014325,0.032796
468,0.882391,0.937521,0.741421,0.891583,0.942685,0.840539,-0.009192,-0.005164,-0.099118
469,0.962014,0.980639,1,0.919504,0.958064,0.878506,0.04251,0.022575,0.121494
470,0.93774,0.96787,0.875336,0.914864,0.955539,0.793963,0.022876,0.012331,0.081373
471,0.935006,0.966411,0.965035,0.928677,0.96302,0.924253,0.006329,0.003391,0.040782
472,0.913793,0.954955,0.810345,0.908539,0.952078,0.777538,0.005254,0.002877,0.032807
473,0.871529,0.931355,0.863147,0.805844,0.892485,0.392249,0.065685,0.03887,0.470898
474,0.937757,0.967879,1,0.903184,0.949129,0.889784,0.034573,0.01875,0.110216
475,0.96858,0.984039,1,0.962003,0.980633,1,0.006577,0.003406,0
476,0.934365,0.966069,0.932999,0.876553,0.934216,0.865905,0.057812,0.031853,0.067094
477,0.920946,0.958846,0.787087,0.878332,0.935225,0.655845,0.042614,0.023621,0.131242
478,0.925577,0.961351,0.947017,0.851796,0.919967,0.488764,0.073781,0.041384,0.458253
479,0.97058,0.98507,1,0.914831,0.955521,0.958134,0.055749,0.029549,0.041866
480,1,1,1,1,1,1,0,0,0
481,1,1,1,1,1,1,0,0,0
482,1,1,1,1,1,1,0,0,0
483,1,1,1,1,1,1,0,0,0
484,1,1,1,1,1,1,0,0,0
485,1,1,1,1,1,1,0,0,0
486,1,1,1,1,1,1,0,0,0
487,1,1,1,1,1,1,0,0,0
488,1,1,1,1,1,1,0,0,0
489,1,1,1,1,1,1,0,0,0
490,1,1,1,1,1,1,0,0,0
491,1,1,1,1,1,1,0,0,0
492,1,1,1,1,1,1,0,0,0
493,1,1,1,1,1,1,0,0,0
494,1,1,1,1,1,1,0,0,0
495,1,1,1,1,1,1,0,0,0
496,1,1,1,1,1,1,0,0,0
497,1,1,1,1,1,1,0,0,0
498,1,1,1,1,1,1,0,0,0
499,1,1,1,1,1,1,0,0,0
500,1,1,1,1,1,1,0,0,0
501,1,1,1,1,1,1,0,0,0
502,1,1,1,1,1,1,0,0,0
503,1,1,1,1,1,1,0,0,0
504,1,1,1,1,1,1,0,0,0
505,1,1,1,1,1,1,0,0,0
506,1,1,1,1,1,1,0,0,0
507,1,1,1,1,1,1,0,0,0
508,1,1,1,1,1,1,0,0,0
509,1,1,1,1,1,1,0,0,0
510,1,1,1,1,1,1,0,0,0
511,1,1,1,1,1,1,0,0,0
512,1,1,1,1,1,1,0,0,0
513,1,1,1,1,1,1,0,0,0
514,1,1,1,1,1,1,0,0,0
515,1,1,1,1,1,1,0,0,0
516,1,1,1,1,1,1,0,0,0
517,1,1,1,1,1,1,0,0,0
518,1,1,1,1,1,1,0,0,0
519,1,1,1,1,1,1,0,0,0
520,1,1,1,1,1,1,0,0,0
521,1,1,1,1,1,1,0,0,0
522,1,1,1,1,1,1,0,0,0
523,1,1,1,1,1,1,0,0,0
524,1,1,1,1,1,1,0,0,0
525,1,1,1,1,1,1,0,0,0
526,1,1,1,1,1,1,0,0,0
527,1,1,1,1,1,1,0,0,0
528,1,1,1,1,1,1,0,0,0
529,1,1,1,1,1,1,0,0,0
530,1,1,1,1,1,1,0,0,0
531,1,1,1,1,1,1,0,0,0
532,1,1,1,1,1,1,0,0,0
533,1,1,1,1,1,1,0,0,0
534,1,1,1,1,1,1,0,0,0
535,1,1,1,1,1,1,0,0,0
536,1,1,1,1,1,1,0,0,0
537,1,1,1,1,1,1,0,0,0
538,1,1,1,1,1,1,0,0,0
539,1,1,1,1,1,1,0,0,0
540,1,1,1,1,1,1,0,0,0
541,1,1,1,1,1,1,0,0,0
542,1,1,1,1,1,1,0,0,0
543,1,1,1,1,1,1,0,0,0
544,1,1,1,1,1,1,0,0,0
545,1,1,1,1,1,1,0,0,0
546,1,1,1,1,1,1,0,0,0
547,1,1,1,1,1,1,0,0,0
548,1,1,1,1,1,1,0,0,0
549,1,1,1,1,1,1,0,0,0
550,1,1,1,1,1,1,0,0,0
551,1,1,1,1,1,1,0,0,0
552,1,1,1,1,1,1,0,0,0
553,1,1,1,1,1,1,0,0,0
554,1,1,1,1,1,1,0,0,0
555,1,1,1,1,1,1,0,0,0
556,1,1,1,1,1,1,0,0,0
557,1,1,1,1,1,1,0,0,0
558,1,1,1,1,1,1,0,0,0
559,1,1,1,1,1,1,0,0,0
560,1,1,1,1,1,1,0,0,0
561,1,1,1,1,1,1,0,0,0
562,1,1,1,1,1,1,0,0,0
563,1,1,1,1,1,1,0,0,0
564,1,1,1,1,1,1,0,0,0
565,1,1,1,1,1,1,0,0,0
566,1,1,1,1,1,1,0,0,0
567,1,1,1,1,1,1,0,0,0
568,1,1,1,1,1,1,0,0,0
569,1,1,1,1,1,1,0,0,0
570,1,1,1,1,1,1,0,0,0
571,1,1,1,1,1,1,0,0,0
572,1,1,1,1,1,1,0,0,0
573,1,1,1,1,1,1,0,0,0
574,1,1,1,1,1,1,0,0,0
575,1,1,1,1,1,1,0,0,0
576,1,1,1,1,1,1,0,0,0
577,1,1,1,1,1,1,0,0,0
578,1,1,1,1,1,1,0,0,0
579,1,1,1,1,1,1,0,0,0
580,1,1,1,1,1,1,0,0,0
581,1,1,1,1,1,1,0,0,0
582,1,1,1,1,1,1,0,0,0
583,1,1,1,1,1,1,0,0,0
584,1,1,1,1,1,1,0,0,0
585,1,1,1,1,1,1,0,0,0
586,1,1,1,1,1,1,0,0,0
587,1,1,1,1,1,1,0,0,0
588,1,1,1,1,1,1,0,0,0
589,1,1,1,1,1,1,0,0,0
590,1,1,1,1,1,1,0,0,0
591,1,1,1,1,1,1,0,0,0
592,1,1,1,1,1,1,0,0,0
593,1,1,1,1,1,1,0,0,0
594,1,1,1,1,1,1,0,0,0
595,1,1,1,1,1,1,0,0,0
596,1,1,1,1,1,1,0,0,0
597,1,1,1,1,1,1,0,0,0
598,1,1,1,1,1,1,0,0,0
599,1,1,1,1,1,1,0,0,0
600,1,1,1,1,1,1,0,0,0
601,1,1,1,1,1,1,0,0,0
602,1,1,1,1,1,1,0,0,0
603,1,1,1,1,1,1,0,0,0
604,1,1,1,1,1,1,0,0,0
605,1,1,1,1,1,1,0,0,0
606,1,1,1,1,1,1,0,0,0
607,1,1,1,1,1,1,0,0,0
608,1,1,1,1,1,1,0,0,0
609,1,1,1,1,1,1,0,0,0
610,1,1,1,1,1,1,0,0,0
611,1,1,1,1,1,1,0,0,0
612,1,1,1,1,1,1,0,0,0
613,1,1,1,1,1,1,0,0,0
614,1,1,1,1,1,1,0,0,0
615,1,1,1,1,1,1,0,0,0
616,1,1,1,1,1,1,0,0,0
617,1,1,1,1,1,1,0,0,0
618,1,1,1,1,1,1,0,0,0
619,1,1,1,1,1,1,0,0,0
620,1,1,1,1,1,1,0,0,0
621,1,1,1,1,1,1,0,0,0
622,1,1,1,1,1,1,0,0,0
623,1,1,1,1,1,1,0,0,0
624,1,1,1,1,1,1,0,0,0
625,1,1,1,1,1,1,0,0,0
626,1,1,1,1,1,1,0,0,0
627,1,1,1,1,1,1,0,0,0
628,1,1,1,1,1,1,0,0,0
629,1,1,1,1,1,1,0,0,0
630,1,1,1,1,1,1,0,0,0
631,1,1,1,1,1,1,0,0,0
632,1,1,1,1,1,1,0,0,0
633,1,1,1,1,1,1,0,0,0
634,1,1,1,1,1,1,0,0,0
635,1,1,1,1,1,1,0,0,0
636,1,1,1,1,1,1,0,0,0
637,1,1,1,1,1,1,0,0,0
638,1,1,1,1,1,1,0,0,0
639,1,1,1,1,1,1,0,0,0
640,1,1,1,1,1,1,0,0,0
641,1,1,1,1,1,1,0,0,0
642,1,1,1,1,1,1,0,0,0
643,1,1,1,1,1,1,0,0,0
644,1,1,1,1,1,1,0,0,0
645,1,1,1,1,1,1,0,0,0
646,1,1,1,1,1,1,0,0,0
647,1,1,1,1,1,1,0,0,0
648,1,1,1,1,1,1,0,0,0
649,1,1,1,1,1,1,0,0,0
650,1,1,1,1,1,1,0,0,0
651,1,1,1,1,1,1,0,0,0
652,1,1,1,1,1,1,0,0,0
653,1,1,1,1,1,1,0,0,0
654,1,1,1,1,1,1,0,0,0
655,1,1,1,1,1,1,0,0,0
656,1,1,1,1,1,1,0,0,0
657,1,1,1,1,1,1,0,0,0
658,1,1,1,1,1,1,0,0,0
659,1,1,1,1,1,1,0,0,0
660,1,1,1,1,1,1,0,0,0
661,1,1,1,1,1,1,0,0,0
662,1,1,1,1,1,1,0,0,0
663,1,1,1,1,1,1,0,0,0
664,1,1,1,1,1,1,0,0,0
665,1,1,1,1,1,1,0,0,0
666,1,1,1,1,1,1,0,0,0
667,1,1,1,1,1,1,0,0,0
668,1,1,1,1,1,1,0,0,0
669,1,1,1,1,1,1,0,0,0
670,1,1,1,1,1,1,0,0,0
671,1,1,1,1,1,1,0,0,0
672,1,1,1,1,1,1,0,0,0
673,1,1,1,1,1,1,0,0,0
674,1,1,1,1,1,1,0,0,0
675,1,1,1,1,1,1,0,0,0
676,1,1,1,1,1,1,0,0,0
677,1,1,1,1,1,1,0,0,0
678,1,1,1,1,1,1,0,0,0
679,1,1,1,1,1,1,0,0,0
680,1,1,1,1,1,1,0,0,0
681,1,1,1,1,1,1,0,0,0
682,1,1,1,1,1,1,0,0,0
683,1,1,1,1,1,1,0,0,0
684,1,1,1,1,1,1,0,0,0
685,1,1,1,1,1,1,0,0,0
686,1,1,1,1,1,1,0,0,0
687,1,1,1,1,1,1,0,0,0
688,1,1,1,1,1,1,0,0,0
689,1,1,1,1,1,1,0,0,0
690,1,1,1,1,1,1,0,0,0
691,1,1,1,1,1,1,0,0,0
692,1,1,1,1,1,1,0,0,0
693,1,1,1,1,1,1,0,0,0
694,1,1,1,1,1,1,0,0,0
695,1,1,1,1,1,1,0,0,0
696,1,1,1,1,1,1,0,0,0
697,1,1,1,1,1,1,0,0,0
698,1,1,1,1,1,1,0,0,0
699,1,1,1,1,1,1,0,0,0
700,1,1,1,1,1,1,0,0,0
701,1,1,1,1,1,1,0,0,0
702,1,1,1,1,1,1,0,0,0
703,1,1,1,1,1,1,0,0,0
704,1,1,1,1,1,1,0,0,0
705,1,1,1,1,1,1,0,0,0
706,1,1,1,1,1,1,0,0,0
707,1,1,1,1,1,1,0,0,0
708,1,1,1,1,1,1,0,0,0
709,1,1,1,1,1,1,0,0,0
710,1,1,1,1,1,1,0,0,0
711,1,1,1,1,1,1,0,0,0
712,1,1,1,1,1,1,0,0,0
713,1,1,1,1,1,1,0,0,0
714,1,1,1,1,1,1,0,0,0
715,1,1,1,1,1,1,0,0,0
716,1,1,1,1,1,1,0,0,0
717,1,1,1,1,1,1,0,0,0
718,1,1,1,1,1,1,0,0,0
719,1,1,1,1,1,1,0,0,0
720,1,1,1,1,1,1,0,0,0
721,1,1,1,1,1,1,0,0,0
722,1,1,1,1,1,1,0,0,0
723,1,1,1,1,1,1,0,0,0
724,1,1,1,1,1,1,0,0,0
725,1,1,1,1,1,1,0,0,0
726,1,1,1,1,1,1,0,0,0
727,1,1,1,1,1,1,0,0,0
728,1,1,1,1,1,1,0,0,0
729,1,1,1,1,1,1,0,0,0
730,1,1,1,1,1,1,0,0,0
731,1,1,1,1,1,1,0,0,0
732,1,1,1,1,1,1,0,0,0
733,1,1,1,1,1,1,0,0,0
734,1,1,1,1,1,1,0,0,0
735,1,1,1,1,1,1,0,0,0
736,1,1,1,1,1,1,0,0,0
737,1,1,1,1,1,1,0,0,0
738,1,1,1,1,1,1,0,0,0
739,1,1,1,1,1,1,0,0,0
740,1,1,1,1,1,1,0,0,0
741,1,1,1,1,1,1,0,0,0
742,1,1,1,1,1,1,0,0,0
743,1,1,1,1,1,1,0,0,0
744,1,1,1,1,1,1,0,0,0
745,1,1,1,1,1,1,0,0,0
746,1,1,1,1,1,1,0,0,0
747,1,1,1,1,1,1,0,0,0
748,1,1,1,1,1,1,0,0,0
749,1,1,1,1,1,1,0,0,0
750,1,1,1,1,1,1,0,0,0
751,1,1,1,1,1,1,0,0,0
752,1,1,1,1,1,1,0,0,0
753,1,1,1,1,1,1,0,0,0
754,1,1,1,1,1,1,0,0,0
755,1,1,1,1,1,1,0,0,0
756,1,1,1,1,1,1,0,0,0
757,1,1,1,1,1,1,0,0,0
758,1,1,1,1,1,1,0,0,0
759,1,1,1,1,1,1,0,0,0
760,1,1,1,1,1,1,0,0,0
761,1,1,1,1,1,1,0,0,0
762,1,1,1,1,1,1,0,0,0
763,1,1,1,1,1,1,0,0,0
764,1,1,1,1,1,1,0,0,0
765,1,1,1,1,1,1,0,0,0
766,1,1,1,1,1,1,0,0,0
767,1,1,1,1,1,1,0,0,0
768,1,1,1,1,1,1,0,0,0
769,1,1,1,1,1,1,0,0,0
770,1,1,1,1,1,1,0,0,0
771,1,1,1,1,1,1,0,0,0
772,1,1,1,1,1,1,0,0,0
773,1,1,1,1,1,1,0,0,0
774,1,1,1,1,1,1,0,0,0
775,1,1,1,1,1,1,0,0,0
776,1,1,1,1,1,1,0,0,0
777,1,1,1,1,1,1,0,0,0
778,1,1,1,1,1,1,0,0,0
779,1,1,1,1,1,1,0,0,0
780,1,1,1,1,1,1,0,0,0
781,1,1,1,1,1,1,0,0,0
782,1,1,1,1,1,1,0,0,0
783,1,1,1,1,1,1,0,0,0
784,1,1,1,1,1,1,0,0,0
785,1,1,1,1,1,1,0,0,0
786,1,1,1,1,1,1,0,0,0
787,1,1,1,1,1,1,0,0,0
788,1,1,1,1,1,1,0,0,0
789,1,1,1,1,1,1,0,0,0
790,1,1,1,1,1,1,0,0,0
791,1,1,1,1,1,1,0,0,0
792,1,1,1,1,1,1,0,0,0
793,1,1,1,1,1,1,0,0,0
794,1,1,1,1,1,1,0,0,0
795,1,1,1,1,1,1,0,0,0
796,1,1,1,1,1,1,0,0,0
797,1,1,1,1,1,1,0,0,0
798,1,1,1,1,1,1,0,0,0
799,1,1,1,1,1,1,0,0,0
800,1,1,1,1,1,1,0,0,0
801,1,1,1,1,1,1,0,0,0
802,1,1,1,1,1,1,0,0,0
803,1,1,1,1,1,1,0,0,0
804,1,1,1,1,1,1,0,0,0
805,1,1,1,1,1,1,0,0,0
806,1,1,1,1,1,1,0,0,0
807,1,1,1,1,1,1,0,0,0
808,1,1,1,1,1,1,0,0,0
809,1,1,1,1,1,1,0,0,0
810,1,1,1,1,1,1,0,0,0
811,1,1,1,1,1,1,0,0,0
812,1,1,1,1,1,1,0,0,0
813,1,1,1,1,1,1,0,0,0
814,1,1,1,1,1,1,0,0,0
815,1,1,1,1,1,1,0,0,0
816,1,1,1,1,1,1,0,0,0
817,1,1,1,1,1,1,0,0,0
818,1,1,1,1,1,1,0,0,0
819,1,1,1,1,1,1,0,0,0
820,1,1,1,1,1,1,0,0,0
821,1,1,1,1,1,1,0,0,0
822,1,1,1,1,1,1,0,0,0
823,1,1,1,1,1,1,0,0,0
824,1,1,1,1,1,1,0,0,0
825,1,1,1,1,1,1,0,0,0
826,1,1,1,1,1,1,0,0,0
827,1,1,1,1,1,1,0,0,0
828,1,1,1,1,1,1,0,0,0
829,1,1,1,1,1,1,0,0,0
830,1,1,1,1,1,1,0,0,0
831,1,1,1,1,1,1,0,0,0
832,1,1,1,1,1,1,0,0,0
833,1,1,1,1,1,1,0,0,0
834,1,1,1,1,1,1,0,0,0
835,1,1,1,1,1,1,0,0,0
836,1,1,1,1,1,1,0,0,0
837,1,1,1,1,1,1,0,0,0
838,1,1,1,1,1,1,0,0,0
839,1,1,1,1,1,1,0,0,0
840,1,1,1,1,1,1,0,0,0
841,1,1,1,1,1,1,0,0,0
842,1,1,1,1,1,1,0,0,0
843,1,1,1,1,1,1,0,0,0
844,1,1,1,1,1,1,0,0,0
845,1,1,1,1,1,1,0,0,0
846,1,1,1,1,1,1,0,0,0
847,1,1,1,1,1,1,0,0,0
848,1,1,1,1,1,1,0,0,0
849,1,1,1,1,1,1,0,0,0
850,1,1,1,1,1,1,0,0,0
851,1,1,1,1,1,1,0,0,0
852,1,1,1,1,1,1,0,0,0
853,1,1,1,1,1,1,0,0,0
854,1,1,1,1,1,1,0,0,0
855,1,1,1,1,1,1,0,0,0
856,1,1,1,1,1,1,0,0,0
857,1,1,1,1,1,1,0,0,0
858,1,1,1,1,1,1,0,0,0
859,1,1,1,1,1,1,0,0,0
860,1,1,1,1,1,1,0,0,0
861,1,1,1,1,1,1,0,0,0
862,1,1,1,1,1,1,0,0,0
863,1,1,1,1,1,1,0,0,0
864,1,1,1,1,1,1,0,0,0
865,1,1,1,1,1,1,0,0,0
866,1,1,1,1,1,1,0,0,0
867,1,1,1,1,1,1,0,0,0
868,1,1,1,1,1,1,0,0,0
869,1,1,1,1,1,1,0,0,0
870,1,1,1,1,1,1,0,0,0
871,1,1,1,1,1,1,0,0,0
872,1,1,1,1,1,1,0,0,0
873,1,1,1,1,1,1,0,0,0
874,1,1,1,1,1,1,0,0,0
875,1,1,1,1,1,1,0,0,0
876,1,1,1,1,1,1,0,0,0
877,1,1,1,1,1,1,0,0,0
878,1,1,1,1,1,1,0,0,0
879,1,1,1,1,1,1,0,0,0
880,1,1,1,1,1,1,0,0,0
881,1,1,1,1,1,1,0,0,0
882,1,1,1,1,1,1,0,0,0
883,1,1,1,1,1,1,0,0,0
884,1,1,1,1,1,1,0,0,0
885,1,1,1,1,1,1,0,0,0
886,1,1,1,1,1,1,0,0,0
887,1,1,1,1,1,1,0,0,0
888,1,1,1,1,1,1,0,0,0
889,1,1,1,1,1,1,0,0,0
890,1,1,1,1,1,1,0,0,0
891,1,1,1,1,1,1,0,0,0
892,1,1,1,1,1,1,0,0,0
893,1,1,1,1,1,1,0,0,0
894,1,1,1,1,1,1,0,0,0
895,1,1,1,1,1,1,0,0,0
896,1,1,1,1,1,1,0,0,0
897,1,1,1,1,1,1,0,0,0
898,1,1,1,1,1,1,0,0,0
899,1,1,1,1,1,1,0,0,0
900,1,1,1,1,1,1,0,0,0
901,1,1,1,1,1,1,0,0,0
902,1,1,1,1,1,1,0,0,0
903,1,1,1,1,1,1,0,0,0
904,1,1,1,1,1,1,0,0,0
905,1,1,1,1,1,1,0,0,0
906,1,1,1,1,1,1,0,0,0
907,1,1,1,1,1,1,0,0,0
908,1,1,1,1,1,1,0,0,0
909,1,1,1,1,1,1,0,0,0
910,1,1,1,1,1,1,0,0,0
911,1,1,1,1,1,1,0,0,0
912,1,1,1,1,1,1,0,0,0
913,1,1,1,1,1,1,0,0,0
914,1,1,1,1,1,1,0,0,0
915,1,1,1,1,1,1,0,0,0
916,1,1,1,1,1,1,0,0,0
917,1,1,1,1,1,1,0,0,0
918,1,1,1,1,1,1,0,0,0
919,1,1,1,1,1,1,0,0,0
920,1,1,1,1,1,1,0,0,0
921,1,1,1,1,1,1,0,0,0
922,1,1,1,1,1,1,0,0,0
923,1,1,1,1,1,1,0,0,0
924,1,1,1,1,1,1,0,0,0
925,1,1,1,1,1,1,0,0,0
926,1,1,1,1,1,1,0,0,0
927,1,1,1,1,1,1,0,0,0
928,1,1,1,1,1,1,0,0,0
929,1,1,1,1,1,1,0,0,0
930,1,1,1,1,1,1,0,0,0
931,1,1,1,1,1,1,0,0,0
932,1,1,1,1,1,1,0,0,0
933,1,1,1,1,1,1,0,0,0
934,1,1,1,1,1,1,0,0,0
935,1,1,1,1,1,1,0,0,0
936,1,1,1,1,1,1,0,0,0
937,1,1,1,1,1,1,0,0,0
938,1,1,1,1,1,1,0,0,0
939,1,1,1,1,1,1,0,0,0
940,1,1,1,1,1,1,0,0,0
941,1,1,1,1,1,1,0,0,0
942,1,1,1,1,1,1,0,0,0
943,1,1,1,1,1,1,0,0,0
944,1,1,1,1,1,1,0,0,0
945,1,1,1,1,1,1,0,0,0
946,1,1,1,1,1,1,0,0,0
947,1,1,1,1,1,1,0,0,0
948,1,1,1,1,1,1,0,0,0
949,1,1,1,1,1,1,0,0,0
950,1,1,1,1,1,1,0,0,0
951,1,1,1,1,1,1,0,0,0
952,1,1,1,1,1,1,0,0,0
953,1,1,1,1,1,1,0,0,0
954,1,1,1,1,1,1,0,0,0
955,1,1,1,1,1,1,0,0,0
956,1,1,1,1,1,1,0,0,0
957,1,1,1,1,1,1,0,0,0
958,1,1,1,1,1,1,0,0,0
959,1,1,1,1,1,1,0,0,0