image_id,proposed_iou,proposed_dice,diff_id_iou,diff_id_dice,two_stream_iou,two_stream_dice,xceptionnet_iou,xceptionnet_dice,segformer_iou,segformer_dice
0,0.964346,0.98185,0.975949,0.987828,0.976957,0.988344,0.948056,0.973336,0.981676,0.990753
1,0.945283,0.971872,0.963294,0.981304,0.954531,0.976737,0.945118,0.971785,0.966894,0.983168
2,0.939778,0.968954,0.980417,0.990112,0.966762,0.9831,0.924647,0.960848,0.971241,0.985411
3,0.959202,0.979176,0.955804,0.977402,0.95625,0.977636,0.963339,0.981327,0.944346,0.971377
4,0.944088,0.97124,0.963947,0.981643,0.952417,0.975629,0.936741,0.967338,0.96138,0.98031
5,0.957143,0.978102,0.972445,0.98603,0.985366,0.992629,0.942485,0.970391,0.966096,0.982756
6,0.962838,0.981067,0.963455,0.981387,0.977144,0.98844,0.932281,0.964954,0.971229,0.985405
7,0.934415,0.966096,0.96358,0.981452,0.965913,0.982661,0.941156,0.969686,0.961353,0.980296
8,0.961085,0.980157,0.976403,0.988061,0.967337,0.983397,0.949928,0.974321,0.971986,0.985794
9,0.949146,0.97391,0.975552,0.987625,0.958873,0.979005,0.959305,0.97923,0.97763,0.988688
10,0.966412,0.982919,0.966214,0.982817,0.969292,0.984407,0.896641,0.945504,0.981855,0.990844
11,0.956571,0.977803,0.950454,0.974598,0.980288,0.990046,0.902146,0.948556,0.977393,0.988567
12,0.983782,0.991825,0.974435,0.987052,0.972933,0.986281,0.951327,0.975057,0.958395,0.978756
13,0.955213,0.977094,0.98323,0.991544,0.976078,0.987894,0.928623,0.962991,0.973866,0.98676
14,0.911417,0.953656,0.92529,0.961195,0.926534,0.961866,0.906842,0.951145,0.930169,0.963821
15,0.952413,0.975627,0.969336,0.984429,0.97096,0.985266,0.948234,0.97343,0.970072,0.984809
16,0.958755,0.978943,0.977314,0.988527,0.974564,0.987118,0.90939,0.952545,0.977842,0.988797
17,0.911701,0.953811,0.910453,0.953128,0.92213,0.959487,0.872465,0.931889,0.914368,0.955269
18,0.955252,0.977114,0.970373,0.984964,0.977099,0.988417,0.954574,0.976759,0.947873,0.973239
19,0.970946,0.985259,0.967655,0.983562,0.943092,0.970713,0.948615,0.97363,0.966005,0.982708
20,0.952741,0.975799,0.96815,0.983818,0.96594,0.982675,0.915997,0.956157,0.962481,0.980882
21,0.942952,0.970638,0.949816,0.974262,0.953317,0.976101,0.938317,0.968177,0.938759,0.968412
22,0.955367,0.977174,0.96045,0.979826,0.972297,0.985954,0.928896,0.963137,0.967892,0.983684
23,0.959176,0.979162,0.976447,0.988083,0.980361,0.990083,0.979167,0.989474,0.981884,0.990859
24,0.954683,0.976816,0.952791,0.975825,0.962082,0.980675,0.897689,0.946086,0.964042,0.981692
25,0.925302,0.961202,0.979213,0.989497,0.969886,0.984713,0.970037,0.984791,0.968113,0.983798
26,0.971107,0.985342,0.971461,0.985524,0.976946,0.988339,0.96367,0.981499,0.96972,0.984627
27,0.950502,0.974623,0.940991,0.969598,0.939246,0.968671,0.791852,0.883836,0.934866,0.966337
28,0.913205,0.954634,0.985646,0.992771,0.982136,0.990988,0.954093,0.976507,0.970219,0.984884
29,0.894423,0.94427,0.947195,0.972881,0.955224,0.977099,0.936051,0.966969,0.961144,0.980187
30,0.973053,0.986342,0.962514,0.980899,0.961101,0.980165,0.933608,0.965664,0.970795,0.985181
31,0.96374,0.981535,0.955972,0.977491,0.966309,0.982866,0.939864,0.969,0.968345,0.983918
32,0.868167,0.929432,0.951017,0.974894,0.970389,0.984972,0.868347,0.929535,0.96613,0.982773
33,0.924182,0.960597,0.941106,0.96966,0.956158,0.977588,0.807692,0.893617,0.981724,0.990778
34,0.891111,0.942421,0.958202,0.978655,0.943492,0.970924,0.974587,0.98713,0.943301,0.970823
35,0.972372,0.985992,0.973761,0.986706,0.973837,0.986745,0.922581,0.959732,0.980534,0.990171
36,0.962358,0.980818,0.961346,0.980292,0.959893,0.979536,0.930542,0.964022,0.937316,0.967644
37,0.903969,0.949563,0.939908,0.969023,0.936891,0.967417,0.908822,0.952233,0.965278,0.982332
38,0.968198,0.983842,0.971105,0.985341,0.966862,0.983152,0.936112,0.967002,0.973005,0.986318
39,0.945407,0.971938,0.959318,0.979236,0.95041,0.974574,0.828996,0.906504,0.982605,0.991226
40,0.961422,0.980332,0.978926,0.989351,0.97762,0.988683,0.94608,0.972293,0.966823,0.983132
41,0.965855,0.982631,0.98307,0.991463,0.978134,0.988946,0.94086,0.969529,0.979592,0.989691
42,0.933965,0.965855,0.976142,0.987927,0.965622,0.98251,0.953199,0.976039,0.976426,0.988073
43,0.950219,0.974474,0.959442,0.979301,0.961245,0.98024,0.917001,0.956704,0.937639,0.967816
44,0.95883,0.978982,0.972018,0.985811,0.970466,0.985011,0.933333,0.965517,0.979742,0.989767
45,0.909996,0.952878,0.952222,0.975526,0.933581,0.96565,0.926784,0.962001,0.955048,0.977007
46,0.938161,0.968094,0.950209,0.974469,0.946459,0.972493,0.915848,0.956076,0.97033,0.984942
47,0.962399,0.980839,0.968694,0.984098,0.958959,0.979049,0.967183,0.983318,0.978142,0.98895
48,0.965913,0.982661,0.971477,0.985532,0.975091,0.987389,0.941826,0.970042,0.975259,0.987475
49,0.966972,0.983209,0.973692,0.986671,0.978254,0.989008,0.969771,0.984654,0.973473,0.986558
50,0.958602,0.978864,0.976581,0.988152,0.976099,0.987905,0.91564,0.955963,0.969004,0.984258
51,0.892814,0.943372,0.951849,0.97533,0.932047,0.964828,0.875865,0.933825,0.944801,0.971617
52,0.958563,0.978843,0.977662,0.988705,0.972491,0.986054,0.960586,0.979897,0.968551,0.984024
53,0.96238,0.980829,0.981553,0.99069,0.961199,0.980215,0.893674,0.943852,0.980549,0.990179
54,0.967984,0.983731,0.983983,0.991927,0.977273,0.988506,0.927002,0.962119,0.972693,0.986157
55,0.893511,0.943761,0.91526,0.955755,0.916214,0.956275,0.871957,0.9316,0.914836,0.955524
56,0.948609,0.973627,0.972341,0.985977,0.966522,0.982976,0.960252,0.979723,0.980548,0.990178
57,0.945525,0.972,0.968142,0.983813,0.965336,0.982362,0.933946,0.965845,0.953043,0.975957
58,0.947327,0.972951,0.94499,0.971717,0.921576,0.959188,0.946042,0.972273,0.936601,0.967263
59,0.934566,0.966176,0.968528,0.984012,0.954562,0.976753,0.918681,0.957617,0.97561,0.987654
60,0.9136,0.954849,0.970525,0.985042,0.953904,0.976408,0.938038,0.968028,0.949566,0.974131
61,0.929213,0.963308,0.953022,0.975946,0.962401,0.98084,0.756388,0.861299,0.959641,0.979405
62,0.961435,0.980338,0.958703,0.978916,0.969496,0.984512,0.909509,0.95261,0.953604,0.976251
63,0.925585,0.961355,0.961129,0.980179,0.957685,0.978385,0.875198,0.933446,0.96583,0.982618
64,0.971982,0.985792,0.982112,0.990975,0.984033,0.991952,0.970052,0.984798,0.978812,0.989293
65,0.971982,0.985792,0.982112,0.990975,0.984033,0.991952,0.970052,0.984798,0.978812,0.989293
66,0.940847,0.969522,0.975565,0.987632,0.963886,0.981611,0.937249,0.967608,0.959455,0.979308
67,0.956021,0.977516,0.942543,0.970422,0.95603,0.977521,0.940076,0.969113,0.9575,0.978289
68,0.955144,0.977058,0.977475,0.988609,0.973042,0.986337,0.968631,0.984066,0.973354,0.986497
69,0.942083,0.970178,0.950113,0.974418,0.959546,0.979356,0.891967,0.942899,0.959283,0.979218
70,0.972061,0.985833,0.972253,0.985931,0.975255,0.987472,0.931521,0.964547,0.973809,0.986731
71,0.946816,0.972681,0.938876,0.968475,0.939105,0.968596,0.932169,0.964894,0.945124,0.971788
72,0.96474,0.982054,0.974638,0.987156,0.981407,0.990616,0.93923,0.968663,0.976906,0.988318
73,0.964592,0.981977,0.979666,0.989729,0.97044,0.984998,0.95207,0.975446,0.975155,0.987421
74,0.973529,0.986587,0.976013,0.987861,0.954399,0.976668,0.975321,0.987506,0.973538,0.986592
75,0.958418,0.978768,0.972581,0.9861,0.962933,0.981117,0.932746,0.965203,0.978482,0.989124
76,0.924938,0.961005,0.944155,0.971276,0.953733,0.976319,0.853072,0.920711,0.952847,0.975854
77,0.934269,0.966018,0.964139,0.981742,0.956916,0.977984,0.881967,0.937282,0.954907,0.976934
78,0.96627,0.982846,0.963419,0.981369,0.968397,0.983945,0.949203,0.97394,0.953686,0.976294
79,0.962478,0.98088,0.976353,0.988035,0.977257,0.988497,0.967856,0.983665,0.972578,0.986099
80,0.96257,0.980928,0.949769,0.974237,0.95941,0.979284,0.872148,0.931708,0.955034,0.977
81,0.978801,0.989287,0.97092,0.985245,0.96537,0.98238,0.947854,0.973229,0.977323,0.988531
82,0.941634,0.96994,0.980804,0.990309,0.977826,0.988789,0.976259,0.987987,0.975662,0.987681
83,0.963557,0.98144,0.94672,0.972631,0.9537,0.976302,0.918588,0.957567,0.944763,0.971597
84,0.968663,0.984082,0.979116,0.989448,0.977739,0.988744,0.962873,0.981085,0.978472,0.989119
85,0.913323,0.954698,0.981048,0.990434,0.944337,0.971372,0.924809,0.960936,0.966733,0.983085
86,0.976557,0.98814,0.973658,0.986653,0.973878,0.986766,0.873654,0.932567,0.96418,0.981763
87,0.965925,0.982667,0.975806,0.987755,0.960619,0.979914,0.928691,0.963027,0.957756,0.978422
88,0.973849,0.986751,0.974053,0.986856,0.970273,0.984912,0.945633,0.972057,0.975343,0.987518
89,0.920273,0.958481,0.938879,0.968476,0.971096,0.985336,0.824016,0.903518,0.971246,0.985413
90,0.972037,0.98582,0.976936,0.988333,0.977723,0.988736,0.903238,0.949159,0.979313,0.989548
91,0.902421,0.948708,0.926192,0.961682,0.943694,0.971031,0.913674,0.95489,0.934962,0.966388
92,0.95987,0.979524,0.976442,0.988081,0.977929,0.988842,0.91711,0.956763,0.970624,0.985093
93,0.90123,0.948049,0.969463,0.984495,0.979417,0.989602,0.892233,0.943048,0.970051,0.984798
94,0.971225,0.985403,0,0,0,0,0.951629,0.975215,0,0
95,0.950217,0.974473,0.958167,0.978637,0.965055,0.982217,0.877469,0.934736,0.97663,0.988177
96,0.961248,0.980241,0.953552,0.976224,0.955807,0.977404,0.931373,0.964467,0.971895,0.985747
97,0.950161,0.974444,0.948052,0.973333,0.956814,0.97793,0.859772,0.924599,0.960035,0.97961
98,0.936062,0.966975,0.966519,0.982974,0.974848,0.987264,0.967113,0.983282,0.971579,0.985585
99,0.954863,0.97691,0.977453,0.988598,0.975334,0.987513,0.967755,0.983614,0.979481,0.989634
100,0.955229,0.977102,0.970887,0.985229,0.969101,0.984308,0.946936,0.972745,0.976678,0.988202
101,0.925897,0.961523,0.963041,0.981172,0.936371,0.96714,0.91028,0.953033,0.936271,0.967087
102,0.960347,0.979772,0.96539,0.98239,0.958918,0.979028,0.955094,0.977031,0.957558,0.978319
103,0.927798,0.962547,0.947189,0.972878,0.963215,0.981263,0.953697,0.9763,0.975895,0.987801
104,0.970619,0.985091,0.960531,0.979868,0.968025,0.983753,0.951076,0.974924,0.971009,0.985292
105,0.950435,0.974588,0.954946,0.976954,0.97033,0.984942,0.93342,0.965564,0.952801,0.97583
106,0.964095,0.981719,0.970121,0.984834,0.973424,0.986533,0.936138,0.967016,0.940797,0.969496
107,0.934439,0.966108,0.963007,0.981155,0.946094,0.9723,0.905524,0.95042,0.935858,0.966866
108,0.961061,0.980144,0.979434,0.98961,0.977311,0.988525,0.950887,0.974825,0.97894,0.989358
109,0.963863,0.981599,0.975984,0.987846,0.960829,0.980024,0.957955,0.978526,0.976729,0.988227
110,0.966741,0.983089,0.966052,0.982733,0.947725,0.973161,0.959125,0.979136,0.969942,0.984742
111,0.947938,0.973273,0.951822,0.975317,0.967387,0.983423,0.92057,0.958643,0.948225,0.973425
112,0.948037,0.973325,0.981546,0.990687,0.968302,0.983896,0.923245,0.960091,0.971352,0.985468
113,0.893735,0.943886,0.968657,0.984079,0.941975,0.970121,0.845387,0.916216,0.960908,0.980064
114,0.964363,0.981858,0.963192,0.981251,0.964519,0.981939,0.943225,0.970783,0.968925,0.984217
115,0.943152,0.970745,0.97496,0.987321,0.963139,0.981224,0.926355,0.96177,0.969427,0.984476
116,0.948095,0.973356,0.966969,0.983207,0.963636,0.981481,0.927197,0.962223,0.958695,0.978912
117,0.930912,0.96422,0.96584,0.982623,0.97559,0.987644,0.904608,0.949915,0.974141,0.986901
118,0.854959,0.921809,0.961412,0.980327,0.964727,0.982047,0.83531,0.910266,0.970166,0.984857
119,0.944911,0.971675,0.952641,0.975746,0.972715,0.986169,0.910567,0.95319,0.970768,0.985167
120,0.93975,0.968939,0.96237,0.980824,0.95122,0.975,0.924801,0.960931,0.964159,0.981753
121,0.967054,0.983251,0.966529,0.98298,0.965634,0.982517,0.941328,0.969778,0.959805,0.97949
122,0.937908,0.96796,0.961797,0.980526,0.970676,0.98512,0.927442,0.962355,0.97773,0.98874
123,0.929175,0.963287,0.954826,0.976891,0.952861,0.975861,0.91515,0.955695,0.96248,0.980881
124,0.921148,0.958956,0.968323,0.983906,0.960914,0.980068,0.918319,0.957421,0.980268,0.990035
125,0.936838,0.967389,0.961177,0.980204,0.962144,0.980707,0.900511,0.947652,0.961326,0.980282
126,0.978091,0.988924,0.976041,0.987875,0.97796,0.988857,0.957302,0.978185,0.978042,0.988899
127,0.961653,0.980452,0.953505,0.976199,0.95791,0.978503,0.910773,0.953303,0.966007,0.982709
128,0.958691,0.97891,0.979028,0.989403,0.967774,0.983623,0.963967,0.981653,0.972529,0.986073
129,0.951358,0.975073,0.952692,0.975773,0.970755,0.985161,0.912804,0.954415,0.97546,0.987578
130,0.956278,0.977651,0.967978,0.983728,0.953136,0.976006,0.937149,0.967555,0.982257,0.991049
131,0.939317,0.968709,0.974035,0.986847,0.972928,0.986278,0.952044,0.975433,0.975383,0.987538
132,0.965344,0.982367,0.982906,0.991379,0.967921,0.983699,0.915059,0.955646,0.971622,0.985607
133,0.960665,0.979938,0.97353,0.986588,0.955892,0.977449,0.929342,0.963377,0.961235,0.980234
134,0,0,0,0,0,0,0,0,0,0
135,0.950795,0.974777,0.958499,0.97881,0.963683,0.981506,0.862314,0.926067,0.950054,0.974387
136,0.966954,0.983199,0.969087,0.984301,0.975251,0.98747,0.876194,0.934012,0.93486,0.966334
137,0.97619,0.987952,0.9828,0.991325,0.979202,0.989492,0.937866,0.967937,0.974518,0.987095
138,0.924407,0.960719,0.944856,0.971646,0.945019,0.971732,0.918072,0.957286,0.95384,0.976375
139,0.981356,0.99059,0.930004,0.963733,0.948816,0.973736,0.961088,0.980158,0.919602,0.958117
140,0.968708,0.984105,0.965815,0.98261,0.959123,0.979135,0.904114,0.949643,0.97166,0.985626
141,0.913416,0.954749,0.962264,0.980769,0.952941,0.975904,0.768055,0.868814,0.959184,0.979167
142,0.928802,0.963087,0.961929,0.980595,0.93263,0.965141,0.885733,0.939404,0.948678,0.973663
143,0.948602,0.973623,0.941105,0.969659,0.955291,0.977134,0.864025,0.927053,0.956219,0.97762
144,0.940084,0.969117,0.957501,0.978289,0.960058,0.979622,0.926227,0.961701,0.967225,0.98334
145,0.947644,0.973118,0.957045,0.978051,0.956578,0.977807,0.90816,0.95187,0.951188,0.974983
146,0.958229,0.978669,0.968769,0.984137,0.96904,0.984277,0.940134,0.969144,0.970497,0.985028
147,0.892696,0.943307,0.950368,0.974552,0.948595,0.973619,0.933746,0.965738,0.925766,0.961452
148,0.947556,0.973072,0.949508,0.9741,0.967469,0.983466,0.953247,0.976064,0.933049,0.965365
149,0.952925,0.975895,0.958822,0.978978,0.980274,0.990039,0.906586,0.951005,0.960725,0.979969
150,0.963946,0.981642,0.969636,0.984584,0.982036,0.990937,0.912917,0.954476,0.975149,0.987418
151,0.910507,0.953158,0.971849,0.985723,0.969607,0.984569,0.92376,0.960369,0.969671,0.984602
152,0.963176,0.981243,0.968211,0.983849,0.963719,0.981524,0.964688,0.982027,0.96863,0.984065
153,0.958684,0.978906,0.970964,0.985268,0.938653,0.968356,0.941586,0.969914,0.953887,0.976399
154,0.967835,0.983655,0.982045,0.990941,0.978396,0.98908,0.94414,0.971268,0.977132,0.988434
155,0.944897,0.971668,0.971619,0.985605,0.954841,0.976899,0.934492,0.966137,0.949854,0.974282
156,0.935403,0.966624,0.985556,0.992725,0.975148,0.987418,0.928748,0.963058,0.971877,0.985738
157,0.91016,0.952967,0.968676,0.984089,0.956639,0.977839,0.9261,0.961632,0.967395,0.983427
158,0.955944,0.977476,0.963885,0.98161,0.967855,0.983665,0.953652,0.976276,0.963194,0.981252
159,0.950018,0.974369,0.947426,0.973003,0.941826,0.970042,0.922722,0.959808,0.957864,0.978479
160,0.927095,0.962168,0.972531,0.986074,0.963785,0.981559,0.8624,0.926117,0.977417,0.98858
161,0.964434,0.981895,0.966655,0.983045,0.975938,0.987822,0.949345,0.974014,0.96989,0.984715
162,0.960312,0.979754,0.975347,0.98752,0.964706,0.982036,0.91655,0.956458,0.976728,0.988227
163,0.940945,0.969574,0.954236,0.976582,0.963725,0.981528,0.876195,0.934013,0.973286,0.986462
164,0.772499,0.87165,0.877145,0.934552,0.87275,0.932052,0.722977,0.839219,0.877773,0.934909
165,0.978723,0.989247,0.966855,0.983148,0.965725,0.982564,0.950562,0.974654,0.946692,0.972616
166,0.95341,0.97615,0.970748,0.985157,0.971076,0.985326,0.912489,0.954242,0.969779,0.984657
167,0.970331,0.984942,0.964037,0.981689,0.958157,0.978632,0.920341,0.958518,0.929899,0.963677
168,0.930726,0.96412,0.964531,0.981945,0.965789,0.982597,0.936782,0.967359,0.971934,0.985767
169,0.968291,0.98389,0.968729,0.984116,0.968697,0.9841,0.924579,0.960812,0.930826,0.964174
170,0.95509,0.977029,0.971537,0.985563,0.963927,0.981632,0.883491,0.938142,0.960336,0.979767
171,0.97378,0.986716,0.970972,0.985272,0.973541,0.986593,0.944546,0.971482,0.978817,0.989295
172,0.926012,0.961585,0.978958,0.989367,0.962656,0.980973,0.935529,0.966691,0.963718,0.981524
173,0.934062,0.965907,0.967477,0.98347,0.961973,0.980618,0.920474,0.95859,0.97139,0.985487
174,0.932558,0.965102,0.957221,0.978143,0.957676,0.978381,0.928433,0.962889,0.952623,0.975737
175,0.944003,0.971195,0.983414,0.991638,0.968049,0.983765,0.91012,0.952945,0.955457,0.977221
176,0.932642,0.965147,0.965163,0.982273,0.945699,0.972092,0.938204,0.968117,0.964717,0.982042
177,0.918705,0.95763,0,0,0,0,0.884839,0.938901,0,0
178,0.937332,0.967652,0.96858,0.984039,0.972624,0.986122,0.935471,0.96666,0.979735,0.989764
179,0.923919,0.960455,0.918557,0.95755,0.897494,0.945978,0.707388,0.82862,0.949074,0.973872
180,0.964363,0.981858,0.965095,0.982238,0.972401,0.986008,0.905831,0.950589,0.957621,0.978352
181,0.944644,0.971534,0.964154,0.98175,0.960598,0.979903,0.946906,0.972729,0.958303,0.978708
182,0.964768,0.982068,0.969302,0.984412,0.963804,0.981568,0.933728,0.965728,0.955147,0.977059
183,0.953561,0.976229,0.961402,0.980321,0.960026,0.979605,0.919899,0.958279,0.974334,0.987
184,0.920701,0.958713,0.950214,0.974471,0.934053,0.965902,0.897345,0.945896,0.938837,0.968454
185,0.97619,0.987952,0.976219,0.987967,0.981541,0.990684,0.944771,0.971601,0.97862,0.989195
186,0.975588,0.987643,0.979521,0.989654,0.975652,0.987676,0.929759,0.963601,0.980263,0.990033
187,0.976835,0.988282,0.979401,0.989594,0.968425,0.983959,0.922029,0.959433,0.978532,0.98915
188,0.970418,0.984987,0.972213,0.985911,0.975326,0.987509,0.958291,0.978701,0.972203,0.985906
189,0.976075,0.987893,0.957854,0.978474,0.971895,0.985747,0.947694,0.973145,0.969391,0.984458
190,0.942496,0.970397,0.95538,0.977181,0.962753,0.981023,0.928481,0.962914,0.967844,0.983659
191,0.959359,0.979258,0.98264,0.991244,0.976143,0.987928,0.945024,0.971735,0.967844,0.983659
192,0.985485,0.992689,0.972752,0.986188,0.978423,0.989094,0.922864,0.959885,0.978346,0.989055
193,0.928457,0.962901,0.95288,0.975871,0.947495,0.97304,0.952106,0.975465,0.958419,0.978768
194,0.959158,0.979153,0.974317,0.986992,0.955383,0.977183,0.958224,0.978666,0.963438,0.981379
195,0.955411,0.977197,0.959309,0.979232,0.950617,0.974684,0.871964,0.931603,0.925,0.961039
196,0.967667,0.983568,0.97008,0.984813,0.962233,0.980753,0.962902,0.9811,0.955882,0.977444
197,0.950045,0.974383,0.958002,0.97855,0.958481,0.9788,0.719496,0.836869,0.979024,0.989401
198,0.964045,0.981693,0.960881,0.98005,0.955425,0.977205,0.898335,0.946445,0.931301,0.964429
199,0.969729,0.984632,0.979348,0.989566,0.975242,0.987466,0.938754,0.96841,0.968127,0.983806
200,0.964663,0.982014,0.964082,0.981712,0.960928,0.980075,0.916121,0.956225,0.970192,0.98487
201,0.969983,0.984763,0.983165,0.991511,0.980148,0.989975,0.937564,0.967776,0.978107,0.988932
202,0.887427,0.940357,0.77707,0.874552,0.871019,0.931064,0.881529,0.937035,0.844586,0.915746
203,0.933307,0.965503,0,0,0,0,0.949583,0.97414,0,0
204,0.972014,0.985808,0.972014,0.985808,0.973478,0.986561,0.90735,0.951425,0.954237,0.976583
205,0.945923,0.97221,0.971667,0.98563,0.943955,0.97117,0.908903,0.952278,0.949541,0.974118
206,0.942899,0.97061,0.952626,0.975738,0.95941,0.979284,0.914039,0.955089,0.946064,0.972285
207,0.955433,0.977208,0.963672,0.9815,0.970569,0.985065,0.871795,0.931507,0.956323,0.977674
208,0.962396,0.980838,0.974606,0.98714,0.973363,0.986502,0.94011,0.969131,0.961442,0.980342
209,0.946844,0.972696,0.973675,0.986662,0.964072,0.981707,0.940728,0.969459,0.963098,0.981202
210,0.952237,0.975534,0,0,0,0,0.9375,0.967742,0,0
211,0.945244,0.971851,0,0,0,0,0.945235,0.971846,0,0
212,0.927254,0.962254,0.966792,0.983116,0.973292,0.986465,0.961777,0.980516,0.963205,0.981258
213,0.950406,0.974572,0.96875,0.984127,0.964072,0.981707,0.909617,0.95267,0.983225,0.991541
214,0.921098,0.958929,0.939092,0.968589,0.930727,0.964121,0.885724,0.939399,0.930225,0.963851
215,0.956352,0.977689,0.969741,0.984638,0.970714,0.98514,0.915315,0.955786,0.970535,0.985047
216,0.951066,0.974919,0.975284,0.987487,0.952684,0.975769,0.957637,0.97836,0.946443,0.972485
217,0.9477,0.973148,0.965669,0.982535,0.970426,0.984991,0.795652,0.886199,0.957924,0.97851
218,0.967201,0.983327,0.960853,0.980036,0.972183,0.985895,0.924561,0.960802,0.956832,0.97794
219,0.969111,0.984313,0.966073,0.982744,0.977853,0.988803,0.948925,0.973793,0.979466,0.989627
220,0.9375,0.967742,0.959153,0.979151,0.978858,0.989316,0.96336,0.981338,0.9769,0.988315
221,0.974325,0.986995,0.966341,0.982883,0.959637,0.979403,0.958742,0.978936,0.977319,0.988529
222,0.946298,0.972408,0.940435,0.969303,0.916181,0.956257,0.934919,0.966365,0.942758,0.970536
223,0.849234,0.918471,0.966202,0.98281,0.932124,0.96487,0.770202,0.870185,0.953463,0.976177
224,0.892262,0.943064,0.967282,0.983369,0.938346,0.968192,0.893617,0.94382,0.950506,0.974625
225,0.94974,0.974222,0.95472,0.976835,0.947077,0.972819,0.967184,0.983318,0.947332,0.972954
226,0.952195,0.975512,0.953153,0.976014,0.951641,0.975222,0.956194,0.977606,0.965196,0.98229
227,0.939796,0.968963,0.975791,0.987747,0.965134,0.982258,0.800303,0.889076,0.968006,0.983743
228,0.971634,0.985613,0.955283,0.97713,0.97554,0.987618,0.951672,0.975237,0.95524,0.977108
229,0.956989,0.978022,0.96971,0.984622,0.972245,0.985927,0.945319,0.971891,0.95915,0.979149
230,0.954311,0.976622,0.970984,0.985279,0.97488,0.98728,0.941339,0.969783,0.980034,0.989917
231,0.922958,0.959936,0.951194,0.974986,0.944122,0.971258,0.880711,0.936572,0.95281,0.975835
232,0.823289,0.903081,0.9527,0.975777,0.910278,0.953032,0.817684,0.899699,0.947034,0.972797
233,0.936451,0.967183,0.967769,0.983621,0.946537,0.972534,0.934075,0.965914,0.96668,0.983058
234,0.942847,0.970583,0.956345,0.977686,0.950891,0.974828,0.949256,0.973967,0.9676,0.983533
235,0.936147,0.967021,0.966423,0.982925,0.966021,0.982717,0.921128,0.958945,0.979343,0.989564
236,0.931914,0.964757,0.961026,0.980126,0.94637,0.972446,0.892157,0.943005,0.962021,0.980643
237,0.950605,0.974677,0.969156,0.984336,0.976532,0.988127,0.908579,0.9521,0.9713,0.985441
238,0.965291,0.982339,0.958107,0.978605,0.966201,0.98281,0.959177,0.979163,0.963082,0.981194
239,0.966168,0.982793,0.972613,0.986116,0.956321,0.977673,0.953741,0.976323,0.9794,0.989593
240,0.961034,0.98013,0.982219,0.99103,0.970236,0.984893,0.883054,0.937896,0.974231,0.986947
241,0.931205,0.964377,0.970754,0.98516,0.958515,0.978818,0.901146,0.948003,0.964714,0.98204
242,0.958894,0.979015,0.97317,0.986402,0.981818,0.990826,0.897002,0.945705,0.977185,0.988461
243,0.970643,0.985103,0.978731,0.989251,0.973537,0.986591,0.966171,0.982794,0.982772,0.991311
244,0.942868,0.970594,0.956127,0.977572,0.950432,0.974586,0.863119,0.926531,0.935841,0.966857
245,0.954845,0.976901,0.968485,0.98399,0.97547,0.987583,0.917148,0.956784,0.967891,0.983684
246,0.941075,0.969643,0.967337,0.983397,0.963107,0.981207,0.912908,0.954471,0.981818,0.990826
247,0.947104,0.972834,0,0,0,0,0.88475,0.938851,0,0
248,0.948548,0.973595,0.967299,0.983378,0.968212,0.983849,0.89936,0.947014,0.96377,0.981551
249,0.968315,0.983902,0.966562,0.982997,0.952495,0.97567,0.958695,0.978912,0.94277,0.970542
250,0.944444,0.971429,0.948296,0.973462,0.908735,0.952186,0.937691,0.967844,0.938136,0.968081
251,0.972727,0.986175,0.969941,0.984741,0.947581,0.973085,0.922064,0.959452,0.983624,0.991745
252,0.930916,0.964222,0.972249,0.985929,0.963165,0.981237,0.936123,0.967008,0.977287,0.988513
253,0.95904,0.979092,0.977265,0.988502,0.963432,0.981376,0.955579,0.977285,0.959957,0.979569
254,0.972332,0.985972,0.984035,0.991953,0.958719,0.978924,0.946559,0.972546,0.975662,0.987681
255,0.919263,0.957934,0.959474,0.979318,0.963251,0.981281,0.907033,0.951251,0.98176,0.990796
256,0.934506,0.966145,0.954045,0.976482,0.962494,0.980889,0.884205,0.938545,0.953488,0.97619
257,0.926355,0.96177,0.958934,0.979037,0.946759,0.972651,0.925125,0.961107,0.958346,0.97873
258,0.944444,0.971429,0.951639,0.97522,0.95924,0.979196,0.865782,0.928063,0.95954,0.979352
259,0.975886,0.987796,0.97461,0.987142,0.959957,0.979569,0.917486,0.956968,0.977207,0.988472
260,0.939215,0.968655,0.973208,0.986422,0.966747,0.983093,0.936408,0.96716,0.964611,0.981987
261,0.94196,0.970113,0.980743,0.990278,0.979317,0.989551,0.828406,0.906151,0.971225,0.985403
262,0.935566,0.966711,0.982411,0.991128,0.983551,0.991707,0.917677,0.957071,0.979966,0.989882
263,0.937393,0.967685,0.941989,0.970128,0.948638,0.973642,0.92807,0.962693,0.963707,0.981518
264,0.938478,0.968263,0.981945,0.990891,0.975192,0.98744,0.917014,0.956711,0.982746,0.991298
265,0.900428,0.947605,0.95583,0.977416,0.964996,0.982186,0.872572,0.93195,0.943434,0.970894
266,0.93889,0.968482,0.95705,0.978054,0.938513,0.968281,0.949543,0.974118,0.951426,0.975109
267,0.925642,0.961385,0.973727,0.986689,0.962889,0.981094,0.912786,0.954405,0.974089,0.986874
268,0.961507,0.980376,0.905791,0.950567,0.931892,0.964746,0.907503,0.951509,0.957015,0.978036
269,0.942521,0.97041,0.943491,0.970924,0.958333,0.978723,0.901536,0.948219,0.952537,0.975692
270,0.971429,0.985507,0.975899,0.987803,0.962569,0.980927,0.924443,0.960738,0.973214,0.986425
271,0.923921,0.960456,0.949535,0.974114,0.943469,0.970912,0.884306,0.938601,0.954497,0.976719
272,0.939858,0.968997,0.974093,0.986877,0.951299,0.975042,0.939893,0.969015,0.965086,0.982233
273,0.981168,0.990494,0.972802,0.986213,0.974263,0.986964,0.900867,0.947849,0.961295,0.980266
274,0.965324,0.982356,0,0,0,0,0.961417,0.980329,0,0
275,0.930935,0.964232,0.976319,0.988018,0.973154,0.986395,0.916448,0.956403,0.97547,0.987583
276,0.971505,0.985547,0.976295,0.988005,0.971218,0.985399,0.963153,0.98123,0.978194,0.988977
277,0.920971,0.95886,0.940363,0.969265,0.940421,0.969296,0.894798,0.944479,0.925255,0.961177
278,0.972989,0.986309,0.982918,0.991386,0.982619,0.991233,0.935569,0.966712,0.981094,0.990457
279,0.949167,0.973921,0.960366,0.979782,0.975363,0.987528,0.931019,0.964277,0.973568,0.986607
280,0.959846,0.979512,0.978185,0.988972,0.973693,0.986671,0.953768,0.976337,0.970263,0.984907
281,0.96576,0.982582,0.964745,0.982056,0.960923,0.980072,0.949379,0.974032,0.94895,0.973807
282,0.957367,0.978219,0.973496,0.98657,0.962737,0.981015,0.911293,0.953588,0.949667,0.974184
283,0.965949,0.982679,0.978529,0.989148,0.977895,0.988824,0.949223,0.97395,0.978092,0.988925
284,0.9681,0.983792,0.979457,0.989622,0.981091,0.990455,0.952245,0.975539,0.981132,0.990476
285,0.927795,0.962545,0.96091,0.980065,0.954306,0.976619,0.923478,0.960217,0.955325,0.977152
286,0.966436,0.982932,0.940903,0.969552,0.953582,0.97624,0.943742,0.971057,0.960877,0.980048
287,0.932961,0.965318,0.973338,0.986489,0.952451,0.975646,0.95595,0.977479,0.96786,0.983667
288,0.92751,0.962392,0.979605,0.989697,0.972739,0.986181,0.867441,0.929016,0.96878,0.984143
289,0.961796,0.980526,0.960042,0.979614,0.957775,0.978432,0.943851,0.971115,0.948638,0.973642
290,0.960199,0.979695,0.962301,0.980788,0.94936,0.974022,0.912763,0.954392,0.966323,0.982873
291,0.964124,0.981734,0.972564,0.986091,0.969127,0.984321,0.966019,0.982716,0.972134,0.98587
292,0.935272,0.966553,0.972689,0.986155,0.964423,0.981889,0.937544,0.967765,0.96696,0.983202
293,0.981758,0.990795,0.981101,0.99046,0.979881,0.989838,0.957398,0.978235,0.983101,0.991479
294,0.929595,0.963513,0.958142,0.978624,0.956771,0.977908,0.973548,0.986597,0.963936,0.981637
295,0.93401,0.965879,0.959143,0.979146,0.976633,0.988178,0.951966,0.975392,0.97381,0.986731
296,0.942508,0.970403,0.976787,0.988257,0.975045,0.987365,0.911326,0.953606,0.969203,0.984361
297,0.960563,0.979885,0.965815,0.982611,0.976456,0.988088,0.878301,0.935208,0.972141,0.985874
298,0.960926,0.980074,0.968773,0.984139,0.972364,0.985988,0.942029,0.970149,0.966533,0.982982
299,0.943939,0.971161,0.97024,0.984895,0.952273,0.975553,0.937834,0.96792,0.943743,0.971057
300,0.947704,0.97315,0.952742,0.975799,0.965789,0.982597,0.953669,0.976285,0.965963,0.982687
301,0.975782,0.987743,0.977166,0.988451,0.967463,0.983463,0.957933,0.978515,0.975109,0.987398
302,0.886453,0.939809,0.96767,0.983569,0.978369,0.989066,0.956541,0.977788,0.974854,0.987267
303,0.949658,0.974179,0.974167,0.986914,0.963597,0.981461,0.926573,0.961887,0.9604,0.9798
304,0.977672,0.98871,0.968035,0.983758,0.960385,0.979792,0.951416,0.975103,0.972574,0.986097
305,0.962759,0.981026,0.984183,0.992028,0.969847,0.984693,0.948021,0.973317,0.943972,0.971178
306,0.942029,0.970149,0.970393,0.984974,0.975667,0.987684,0.94941,0.974049,0.958607,0.978866
307,0.976291,0.988003,0.982307,0.991074,0.981064,0.990442,0.952726,0.975791,0.976714,0.98822
308,0.950609,0.974679,0.963661,0.981494,0.964532,0.981946,0.951573,0.975186,0.978056,0.988906
309,0.956966,0.97801,0.962077,0.980672,0.951016,0.974893,0.920084,0.958379,0.958729,0.97893
310,0.933207,0.96545,0.97562,0.987659,0.965046,0.982212,0.878389,0.935258,0.950992,0.97488
311,0.941271,0.969747,0.960065,0.979626,0.964052,0.981697,0.955429,0.977207,0.940871,0.969535
312,0.954513,0.976727,0.974422,0.987045,0.97374,0.986695,0.953472,0.976182,0.971966,0.985784
313,0.956941,0.977997,0.953857,0.976384,0.958805,0.97897,0.855773,0.922282,0.966173,0.982796
314,0.955442,0.977213,0.96919,0.984354,0.977219,0.988478,0.729046,0.843292,0.978078,0.988917
315,0.975317,0.987504,0.978447,0.989106,0.977755,0.988752,0.963839,0.981587,0.95172,0.975263
316,0.946357,0.972439,0,0,0,0,0.93318,0.965435,0,0
317,0.972222,0.985915,0.982227,0.991034,0.95777,0.97843,0.880572,0.936494,0.981119,0.99047
318,0.964935,0.982155,0.977364,0.988552,0.971116,0.985346,0.950083,0.974402,0.984496,0.992188
319,0.945853,0.972173,0.960383,0.979791,0.955353,0.977167,0.958904,0.979021,0.963644,0.981486
320,0.94603,0.972266,0.969798,0.984667,0.943848,0.971113,0.929437,0.963428,0.966786,0.983112
321,0.962729,0.98101,0.948864,0.973761,0.938915,0.968495,0.872933,0.932156,0.971509,0.985549
322,0.838816,0.912343,0.874531,0.933067,0.855294,0.922004,0.910218,0.952999,0.918906,0.95774
323,0.914661,0.955429,0.971587,0.985589,0.973187,0.986411,0.885363,0.939196,0.929847,0.963648
324,0.936232,0.967066,0.961966,0.980614,0.909294,0.952493,0.925926,0.961538,0.949568,0.974132
325,0.942807,0.970562,0.962867,0.981083,0.921412,0.959099,0.759847,0.863538,0.927625,0.962454
326,0.944444,0.971429,0.966298,0.98286,0.948125,0.973372,0.948911,0.973786,0.962425,0.980853
327,0.961602,0.980425,0.965971,0.982691,0.947784,0.973192,0.963225,0.981268,0.975383,0.987538
328,0.949341,0.974012,0,0,0,0,0.92472,0.960888,0,0
329,0.948109,0.973364,0.977522,0.988633,0.260045,0.412755,0.913485,0.954787,0.951513,0.975154
330,0.967095,0.983272,0.987487,0.993704,0.947256,0.972914,0.919027,0.957805,0.958245,0.978677
331,0.909636,0.95268,0.950221,0.974475,0.947349,0.972963,0.902697,0.94886,0.944749,0.97159
332,0.919551,0.958089,0.957504,0.978291,0.957518,0.978298,0.930175,0.963824,0.959836,0.979506
333,0.953801,0.976354,0.95658,0.977808,0.943481,0.970919,0.920234,0.95846,0.96335,0.981333
334,0.9,0.947368,0.956184,0.977601,0.951764,0.975286,0.96031,0.979753,0.979677,0.989734
335,0.937362,0.967669,0,0,0,0,0.940415,0.969292,0,0
336,0.958292,0.978702,0.978709,0.98924,0.974992,0.987337,0.916667,0.956522,0.947995,0.973303
337,0.933767,0.965749,0.950252,0.974491,0.960952,0.980087,0.943408,0.97088,0.819234,0.900636
338,0.938099,0.968061,0.954029,0.976474,0.976019,0.987864,0.928535,0.962943,0.963048,0.981176
339,0.969043,0.984278,0,0,0,0,0.93025,0.963865,0,0
340,0.953055,0.975963,0.96812,0.983802,0.952133,0.97548,0.955969,0.977489,0.960789,0.980003
341,0.941421,0.969827,0,0,0,0,0.858352,0.923778,0,0
342,0.936454,0.967184,0.957207,0.978136,0.946584,0.972559,0.804813,0.891852,0.949585,0.974141
343,0.963763,0.981547,0.979104,0.989442,0.974776,0.987227,0.961001,0.980113,0.952238,0.975535
344,0.970621,0.985091,0.973699,0.986674,0.95433,0.976632,0.948041,0.973328,0.900084,0.947415
345,0.918811,0.957688,0.932467,0.965053,0.466432,0.636146,0.855453,0.922096,0.930174,0.963824
346,0.969374,0.984449,0.972222,0.985915,0.968875,0.984191,0.936955,0.967452,0.946191,0.972351
347,0.919903,0.958281,0,0,0,0,0.940118,0.969135,0,0
348,0.943834,0.971106,0.950316,0.974525,0.94792,0.973264,0.873916,0.932716,0.939252,0.968675
349,0.913412,0.954747,0.939061,0.968573,0.92458,0.960812,0.846978,0.91715,0.932985,0.965331
350,0.95004,0.97438,0.937614,0.967803,0.938567,0.96831,0.921554,0.959176,0.928168,0.962746
351,0.969799,0.984668,0.967897,0.983686,0.949515,0.974104,0.897609,0.946042,0.979146,0.989463
352,0.961523,0.980384,0.954599,0.976772,0.963895,0.981615,0.930144,0.963808,0.96942,0.984473
353,0.938808,0.968438,0.927419,0.962343,0.944635,0.971529,0.9488,0.973727,0.941582,0.969912
354,0.975616,0.987657,0,0,0,0,0.955368,0.977175,0,0
355,0.921951,0.959391,0.947629,0.97311,0.941745,0.969999,0.913464,0.954775,0.958707,0.978918
356,0.955508,0.977248,0.96316,0.981234,0.944053,0.971221,0.938822,0.968446,0.973516,0.98658
357,0.945823,0.972157,0,0,0,0,0.945168,0.971811,0,0
358,0.934816,0.96631,0.980738,0.990275,0.95217,0.975499,0.911667,0.953793,0.942314,0.9703
359,0.912216,0.954093,0.904457,0.949832,0,0,0.87982,0.936069,0.908389,0.951996
360,0.956067,0.97754,0.971218,0.985399,0.95776,0.978424,0.946095,0.972301,0.756426,0.861324
361,0.942671,0.97049,0.969909,0.984725,0.974516,0.987094,0.92229,0.959574,0.565068,0.722101
362,0.961806,0.980531,0,0,0,0,0.934612,0.966201,0,0
363,0.843459,0.915083,0,0,0,0,0.796636,0.886809,0,0
364,0.961262,0.980249,0.977572,0.988659,0.969243,0.984381,0.937772,0.967887,0.938374,0.968207
365,0.960805,0.980011,0.965703,0.982553,0.940402,0.969286,0.934943,0.966378,0.969181,0.984349
366,0.965067,0.982223,0.964922,0.982148,0.9722,0.985904,0.94307,0.970701,0.965426,0.982409
367,0.961604,0.980426,0.925492,0.961304,0.913704,0.954906,0.910402,0.9531,0.94408,0.971236
368,0.965271,0.982329,0.977815,0.988783,0.972703,0.986163,0.929306,0.963358,0.893097,0.94353
369,0.963779,0.981555,0,0,0,0,0.918858,0.957713,0,0
370,0.931188,0.964368,0,0,0,0,0.917378,0.956909,0,0
371,0.972587,0.986103,0.960556,0.979881,0.275833,0.432396,0.936881,0.967412,0.947577,0.973083
372,0.946716,0.972629,0,0,0,0,0.905508,0.950411,0,0
373,0.938968,0.968524,0.923219,0.960077,0.914927,0.955574,0.914731,0.955467,0.94155,0.969895
374,0.838902,0.912395,0,0,0,0,0.945566,0.972021,0,0
375,0.973567,0.986607,0.968444,0.983969,0.980079,0.989939,0.876399,0.934129,0.971068,0.985322
376,0.959145,0.979147,0.97723,0.988484,0.967696,0.983583,0.939077,0.968581,0.975762,0.987732
377,0.828947,0.906475,0.946632,0.972584,0.958831,0.978983,0.880105,0.93623,0.944541,0.97148
378,0.929255,0.96333,0.947552,0.97307,0.95616,0.977589,0.888195,0.940787,0.969988,0.984766
379,0.905889,0.950621,0.930776,0.964147,0.937084,0.96752,0.887452,0.94037,0.93688,0.967411
380,0.966737,0.983087,0.971376,0.98548,0.948045,0.97333,0.975286,0.987488,0.976738,0.988232
381,0.978099,0.988928,0,0,0,0,0.948024,0.973319,0,0
382,0.45094,0.621583,0,0,0,0,0.756368,0.861287,0,0
383,0.949283,0.973982,0.927298,0.962278,0.942826,0.970572,0.937535,0.96776,0.922992,0.959954
384,0.933931,0.965837,0.968662,0.984081,0.961159,0.980195,0.967927,0.983702,0.977207,0.988472
385,0.925678,0.961405,0.945262,0.971861,0.922475,0.959674,0.929989,0.963725,0.957806,0.978448
386,0.960359,0.979779,0.983633,0.991749,0.973279,0.986459,0.962855,0.981076,0.849946,0.918887
387,0.952183,0.975506,0.970027,0.984786,0.11226,0.20186,0.94476,0.971595,0.258899,0.41131
388,0.967594,0.98353,0.97637,0.988044,0.967121,0.983285,0.946423,0.972474,0.961718,0.980485
389,0.936599,0.967262,0,0,0,0,0.917214,0.95682,0,0
390,0.953637,0.976268,0.965608,0.982503,0.968063,0.983773,0.918754,0.957657,0.822059,0.902341
391,0.773617,0.872361,0.850573,0.919253,0.840275,0.913206,0.778236,0.87529,0.812679,0.896661
392,0.961385,0.980312,0.979805,0.989799,0.974353,0.98701,0.968449,0.983972,0.927615,0.962448
393,0.925741,0.961438,0.939932,0.969036,0.938741,0.968403,0.935169,0.966499,0.958603,0.978864
394,0.957083,0.978071,0.971713,0.985653,0.959107,0.979127,0.956291,0.977657,0.983315,0.991587
395,0.927955,0.962631,0.956685,0.977863,0,0,0.928101,0.96271,0.967382,0.983421
396,0.930688,0.9641,0.971493,0.98554,0.955675,0.977335,0.926151,0.96166,0.97977,0.989781
397,0.946221,0.972367,0,0,0,0,0.929764,0.963604,0,0
398,0.958539,0.978831,0.960578,0.979893,0.954657,0.976803,0.919941,0.958301,0.971848,0.985723
399,0.957619,0.978351,0.975181,0.987435,0.968524,0.98401,0.974479,0.987075,0.98279,0.99132
400,0.947322,0.972948,0.974133,0.986897,0,0,0.950525,0.974635,0.967822,0.983648
401,0.929365,0.963389,0.957572,0.978326,0.961791,0.980524,0.919146,0.95787,0.960911,0.980066
402,0.923094,0.960009,0.932975,0.965325,0.936565,0.967244,0.95249,0.975667,0.942303,0.970295
403,0.938242,0.968137,0.96042,0.97981,0.94787,0.973237,0.936301,0.967103,0.951845,0.975328
404,0,0,0.6079,0.756142,0.830611,0.907469,0.535165,0.697208,0.847002,0.917164
405,0.957041,0.978049,0,0,0,0,0.960239,0.979716,0,0
406,0.939911,0.969025,0.976538,0.988129,0.965092,0.982236,0.901081,0.947967,0.970912,0.985241
407,0.9626,0.980944,0.975814,0.987759,0.982461,0.991153,0.874243,0.932902,0.948028,0.973321
408,0.871841,0.931533,0,0,0,0,0.861394,0.925537,0,0
409,0.941992,0.97013,0.972718,0.986171,0.829352,0.906716,0.948441,0.973538,0.955961,0.977485
410,0.95145,0.975121,0.978427,0.989096,0.94296,0.970643,0.91018,0.952978,0.24496,0.393522
411,0.911904,0.953922,0.966323,0.982873,0.948461,0.973549,0.860942,0.925275,0.974672,0.987174
412,0.929194,0.963298,0.968377,0.983934,0.953409,0.976149,0.909582,0.95265,0.920426,0.958565
413,0.944947,0.971694,0.953494,0.976194,0.966075,0.982745,0.898923,0.946771,0.940907,0.969554
414,0.939063,0.968574,0.976397,0.988057,0.975189,0.987439,0.892479,0.943185,0.977463,0.988603
415,0.947911,0.973259,0.975173,0.98743,0.955492,0.977239,0.88231,0.937476,0.975465,0.98758
416,0.896927,0.945663,0,0,0,0,0.933789,0.965761,0,0
417,0.966164,0.982791,0.961598,0.980423,0.974462,0.987066,0.926747,0.961981,0.969463,0.984495
418,0.963731,0.98153,0.97803,0.988893,0.406234,0.577761,0.958723,0.978926,0.967891,0.983684
419,0.903657,0.949391,0.95962,0.979394,0.96881,0.984158,0.906174,0.950778,0.952268,0.975551
420,0.959651,0.97941,0,0,0,0,0.920859,0.958799,0,0
421,0.92887,0.963124,0.932379,0.965006,0.965267,0.982327,0.928571,0.962963,0.933959,0.965852
422,0.928487,0.962917,0.956771,0.977908,0.963026,0.981165,0.800359,0.88911,0.896434,0.945389
423,0.919718,0.95818,0.910635,0.953227,0.95734,0.978205,0.938964,0.968522,0.830229,0.907241
424,0.969666,0.984599,0,0,0,0,0.95498,0.976971,0,0
425,0.923615,0.960291,0.924812,0.960938,0.918462,0.957498,0.935475,0.966662,0.951135,0.974956
426,0.918319,0.957421,0,0,0,0,0.871152,0.93114,0,0
427,0.955013,0.976989,0.967277,0.983366,0.977174,0.988455,0.945304,0.971883,0.922078,0.959459
428,0.937899,0.967954,0.958929,0.979034,0.969688,0.984611,0.92678,0.961999,0.9562,0.97761
429,0.933978,0.965862,0.966455,0.982941,0.94015,0.969152,0.922651,0.959769,0.976996,0.988364
430,0.953697,0.9763,0.961991,0.980627,0.980436,0.990121,0.928858,0.963117,0.972949,0.986289
431,0.97073,0.985148,0.962206,0.980739,0.974922,0.987302,0.96323,0.98127,0.977496,0.98862
432,0.804866,0.891884,0.842744,0.914662,0.834939,0.910045,0.845513,0.916291,0.833724,0.909323
433,0.958307,0.97871,0.967391,0.983425,0.979214,0.989498,0.947085,0.972823,0.968031,0.983756
434,0.878726,0.935449,0,0,0,0,0.953212,0.976046,0,0
435,0.898108,0.946319,0.937408,0.967693,0.947561,0.973075,0.931026,0.964281,0.927817,0.962557
436,0.960746,0.97998,0.976638,0.988181,0.96764,0.983554,0.964927,0.982151,0.960657,0.979934
437,0.908761,0.9522,0,0,0,0,0.8971,0.945759,0,0
438,0.860924,0.925265,0.932553,0.965099,0.897933,0.946222,0.898317,0.946435,0.902913,0.94898
439,0.962382,0.98083,0.976837,0.988283,0.97399,0.986824,0.890926,0.942317,0.967968,0.983723
440,0.950201,0.974465,0.950204,0.974466,0.952686,0.97577,0.940022,0.969084,0.95986,0.979519
441,0.954974,0.976968,0.943644,0.971005,0.971801,0.985699,0.933177,0.965434,0.962412,0.980846
442,0.960533,0.979869,0.958711,0.97892,0.947065,0.972813,0.952264,0.975549,0.968608,0.984053
443,0.905878,0.950615,0.961198,0.980215,0.372941,0.543273,0.944444,0.971429,0.966461,0.982945
444,0.937332,0.967653,0.944558,0.971489,0.955354,0.977167,0.931161,0.964353,0.952705,0.97578
445,0.914527,0.955356,0.91656,0.956463,0.949355,0.974019,0.916263,0.956302,0.96496,0.982167
446,0.921141,0.958952,0.94111,0.969662,0.935684,0.966774,0.872289,0.931789,0.936427,0.96717
447,0.935237,0.966535,0.944572,0.971496,0.938869,0.968471,0.949251,0.973965,0.954008,0.976463
448,0.959086,0.979116,0.982737,0.991293,0.944625,0.971524,0.923431,0.960191,0.652941,0.790036
449,0.976959,0.988345,0.966246,0.982833,0.95902,0.979082,0.93474,0.96627,0.957897,0.978496
450,0.95582,0.977411,0.975371,0.987532,0.960428,0.979815,0.927831,0.962565,0.973052,0.986342
451,0.974981,0.987332,0.959429,0.979294,0.954511,0.976726,0.967934,0.983706,0.956259,0.977641
452,0.973698,0.986674,0.964634,0.981998,0.966855,0.983148,0.959539,0.979352,0.962099,0.980684
453,0.918252,0.957384,0.941635,0.96994,0.957256,0.978161,0.872855,0.932112,0.328568,0.494619
454,0.952876,0.975869,0.964414,0.981885,0.963985,0.981662,0.956231,0.977626,0.960305,0.979751
455,0.948511,0.973575,0.974163,0.986912,0.972625,0.986122,0.924731,0.960894,0.970692,0.985128
456,0.969965,0.984753,0,0,0,0,0.926382,0.961784,0,0
457,0.952126,0.975476,0.959261,0.979207,0.852606,0.92044,0.937937,0.967975,0.968013,0.983747
458,0.961527,0.980386,0.950579,0.974663,0.958696,0.978912,0.897808,0.946153,0.954545,0.976744
459,0.913801,0.954959,0,0,0,0,0.869979,0.930469,0,0
460,0.954436,0.976687,0.953586,0.976242,0.948512,0.973576,0.96248,0.980881,0.947931,0.973269
461,0.926244,0.96171,0.939321,0.968711,0.927561,0.962419,0.937139,0.96755,0.885427,0.939233
462,0.963744,0.981537,0.946609,0.972572,0,0,0.946494,0.972512,0.956252,0.977637
463,0.938569,0.968311,0.945766,0.972127,0,0,0.884338,0.938619,0.966329,0.982876
464,0.942774,0.970544,0.957011,0.978033,0.943198,0.970769,0.935239,0.966536,0.977266,0.988502
465,0.966733,0.983085,0.938132,0.968079,0.950612,0.974681,0.857036,0.923015,0.961086,0.980157
466,0.907459,0.951485,0.955304,0.977141,0.917019,0.956714,0.894621,0.94438,0.951708,0.975256
467,0.952162,0.975495,0.963584,0.981455,0.96773,0.983601,0.925243,0.96117,0.904779,0.950009
468,0.882391,0.937521,0.950544,0.974645,0.80428,0.891525,0.891583,0.942685,0.926144,0.961656
469,0.962014,0.980639,0.964151,0.981749,0.961472,0.980358,0.919504,0.958064,0.942054,0.970163
470,0.93774,0.96787,0.940335,0.96925,0.948631,0.973638,0.914864,0.955539,0.965177,0.98228
471,0.935006,0.966411,0.96059,0.979899,0.955355,0.977168,0.928677,0.96302,0.954589,0.976767
472,0.913793,0.954955,0.904046,0.949605,0.917,0.956703,0.908539,0.952078,0.885557,0.939306
473,0.871529,0.931355,0,0,0,0,0.805844,0.892485,0,0
474,0.937757,0.967879,0.972973,0.986301,0.57416,0.729481,0.903184,0.949129,0.963583,0.981454
475,0.96858,0.984039,0,0,0,0,0.962003,0.980633,0,0
476,0.934365,0.966069,0,0,0,0,0.876553,0.934216,0,0
477,0.920946,0.958846,0.944717,0.971573,0.964439,0.981898,0.878332,0.935225,0.928702,0.963033
478,0.925577,0.961351,0.95703,0.978043,0.952124,0.975475,0.851796,0.919967,0.950803,0.974781
479,0.97058,0.98507,0,0,0,0,0.914831,0.955521,0,0
480,1,1,1,1,1,1,1,1,1,1
481,1,1,1,1,1,1,1,1,1,1
482,1,1,1,1,1,1,1,1,1,1
483,1,1,1,1,1,1,1,1,1,1
484,1,1,1,1,1,1,1,1,1,1
485,1,1,1,1,1,1,1,1,1,1
486,1,1,1,1,1,1,1,1,1,1
487,1,1,1,1,1,1,1,1,1,1
488,1,1,1,1,1,1,1,1,1,1
489,1,1,1,1,1,1,1,1,1,1
490,1,1,1,1,1,1,1,1,1,1
491,1,1,1,1,1,1,1,1,1,1
492,1,1,1,1,1,1,1,1,1,1
493,1,1,1,1,1,1,1,1,1,1
494,1,1,1,1,1,1,1,1,1,1
495,1,1,1,1,1,1,1,1,1,1
496,1,1,1,1,1,1,1,1,1,1
497,1,1,1,1,1,1,1,1,1,1
498,1,1,1,1,1,1,1,1,1,1
499,1,1,1,1,1,1,1,1,1,1
500,1,1,1,1,1,1,1,1,1,1
501,1,1,1,1,1,1,1,1,1,1
502,1,1,1,1,1,1,1,1,1,1
503,1,1,1,1,1,1,1,1,1,1
504,1,1,1,1,1,1,1,1,1,1
505,1,1,1,1,1,1,1,1,1,1
506,1,1,1,1,1,1,1,1,1,1
507,1,1,1,1,1,1,1,1,1,1
508,1,1,1,1,1,1,1,1,1,1
509,1,1,1,1,1,1,1,1,1,1
510,1,1,1,1,1,1,1,1,1,1
511,1,1,1,1,1,1,1,1,1,1
512,1,1,1,1,1,1,1,1,1,1
513,1,1,1,1,1,1,1,1,1,1
514,1,1,1,1,1,1,1,1,1,1
515,1,1,1,1,1,1,1,1,1,1
516,1,1,1,1,1,1,1,1,1,1
517,1,1,1,1,1,1,1,1,1,1
518,1,1,1,1,1,1,1,1,1,1
519,1,1,1,1,1,1,1,1,1,1
520,1,1,1,1,1,1,1,1,1,1
521,1,1,1,1,1,1,1,1,1,1
522,1,1,1,1,1,1,1,1,1,1
523,1,1,1,1,1,1,1,1,1,1
524,1,1,1,1,1,1,1,1,1,1
525,1,1,1,1,1,1,1,1,1,1
526,1,1,1,1,1,1,1,1,1,1
527,1,1,1,1,1,1,1,1,1,1
528,1,1,1,1,1,1,1,1,1,1
529,1,1,1,1,1,1,1,1,1,1
530,1,1,1,1,1,1,1,1,1,1
531,1,1,1,1,1,1,1,1,1,1
532,1,1,1,1,1,1,1,1,1,1
533,1,1,1,1,1,1,1,1,1,1
534,1,1,1,1,1,1,1,1,1,1
535,1,1,1,1,1,1,1,1,1,1
536,1,1,1,1,1,1,1,1,1,1
537,1,1,1,1,1,1,1,1,1,1
538,1,1,1,1,1,1,1,1,1,1
539,1,1,1,1,1,1,1,1,1,1
540,1,1,1,1,1,1,1,1,1,1
541,1,1,1,1,1,1,1,1,1,1
542,1,1,1,1,1,1,1,1,1,1
543,1,1,1,1,1,1,1,1,1,1
544,1,1,1,1,1,1,1,1,1,1
545,1,1,1,1,1,1,1,1,1,1
546,1,1,1,1,1,1,1,1,1,1
547,1,1,1,1,1,1,1,1,1,1
548,1,1,1,1,1,1,1,1,1,1
549,1,1,1,1,1,1,1,1,1,1
550,1,1,1,1,1,1,1,1,1,1
551,1,1,1,1,1,1,1,1,1,1
552,1,1,1,1,1,1,1,1,1,1
553,1,1,1,1,1,1,1,1,1,1
554,1,1,1,1,1,1,1,1,1,1
555,1,1,1,1,1,1,1,1,1,1
556,1,1,1,1,1,1,1,1,1,1
557,1,1,1,1,1,1,1,1,1,1
558,1,1,1,1,1,1,1,1,1,1
559,1,1,1,1,1,1,1,1,1,1
560,1,1,1,1,1,1,1,1,1,1
561,1,1,1,1,1,1,1,1,1,1
562,1,1,1,1,1,1,1,1,1,1
563,1,1,1,1,1,1,1,1,1,1
564,1,1,1,1,1,1,1,1,1,1
565,1,1,1,1,1,1,1,1,1,1
566,1,1,1,1,1,1,1,1,1,1
567,1,1,1,1,1,1,1,1,1,1
568,1,1,1,1,1,1,1,1,1,1
569,1,1,1,1,1,1,1,1,1,1
570,1,1,1,1,1,1,1,1,1,1
571,1,1,1,1,1,1,1,1,1,1
572,1,1,1,1,1,1,1,1,1,1
573,1,1,1,1,1,1,1,1,1,1
574,1,1,1,1,1,1,1,1,1,1
575,1,1,1,1,1,1,1,1,1,1
576,1,1,1,1,1,1,1,1,1,1
577,1,1,1,1,1,1,1,1,1,1
578,1,1,1,1,1,1,1,1,1,1
579,1,1,1,1,1,1,1,1,1,1
580,1,1,1,1,1,1,1,1,1,1
581,1,1,1,1,1,1,1,1,1,1
582,1,1,1,1,1,1,1,1,1,1
583,1,1,1,1,1,1,1,1,1,1
584,1,1,1,1,1,1,1,1,1,1
585,1,1,1,1,1,1,1,1,1,1
586,1,1,1,1,1,1,1,1,1,1
587,1,1,1,1,1,1,1,1,1,1
588,1,1,1,1,1,1,1,1,1,1
589,1,1,1,1,1,1,1,1,1,1
590,1,1,1,1,1,1,1,1,1,1
591,1,1,1,1,1,1,1,1,1,1
592,1,1,1,1,1,1,1,1,1,1
593,1,1,1,1,1,1,1,1,1,1
594,1,1,1,1,1,1,1,1,1,1
595,1,1,1,1,1,1,1,1,1,1
596,1,1,1,1,1,1,1,1,1,1
597,1,1,1,1,1,1,1,1,1,1
598,1,1,1,1,1,1,1,1,1,1
599,1,1,1,1,1,1,1,1,1,1
600,1,1,1,1,1,1,1,1,1,1
601,1,1,1,1,1,1,1,1,1,1
602,1,1,1,1,1,1,1,1,1,1
603,1,1,1,1,1,1,1,1,1,1
604,1,1,1,1,1,1,1,1,1,1
605,1,1,1,1,1,1,1,1,1,1
606,1,1,1,1,1,1,1,1,1,1
607,1,1,1,1,1,1,1,1,1,1
608,1,1,1,1,1,1,1,1,1,1
609,1,1,1,1,1,1,1,1,1,1
610,1,1,1,1,1,1,1,1,1,1
611,1,1,1,1,1,1,1,1,1,1
612,1,1,1,1,1,1,1,1,1,1
613,1,1,1,1,1,1,1,1,1,1
614,1,1,1,1,1,1,1,1,1,1
615,1,1,1,1,1,1,1,1,1,1
616,1,1,1,1,1,1,1,1,1,1
617,1,1,1,1,1,1,1,1,1,1
618,1,1,1,1,1,1,1,1,1,1
619,1,1,1,1,1,1,1,1,1,1
620,1,1,1,1,1,1,1,1,1,1
621,1,1,1,1,1,1,1,1,1,1
622,1,1,1,1,1,1,1,1,1,1
623,1,1,1,1,1,1,1,1,1,1
624,1,1,1,1,1,1,1,1,1,1
625,1,1,1,1,1,1,1,1,1,1
626,1,1,1,1,1,1,1,1,1,1
627,1,1,1,1,1,1,1,1,1,1
628,1,1,1,1,1,1,1,1,1,1
629,1,1,1,1,1,1,1,1,1,1
630,1,1,1,1,1,1,1,1,1,1
631,1,1,1,1,1,1,1,1,1,1
632,1,1,1,1,1,1,1,1,1,1
633,1,1,1,1,1,1,1,1,1,1
634,1,1,1,1,1,1,1,1,1,1
635,1,1,1,1,1,1,1,1,1,1
636,1,1,1,1,1,1,1,1,1,1
637,1,1,1,1,1,1,1,1,1,1
638,1,1,1,1,1,1,1,1,1,1
639,1,1,1,1,1,1,1,1,1,1
640,1,1,1,1,1,1,1,1,1,1
641,1,1,1,1,1,1,1,1,1,1
642,1,1,1,1,1,1,1,1,1,1
643,1,1,1,1,1,1,1,1,1,1
644,1,1,1,1,1,1,1,1,1,1
645,1,1,1,1,1,1,1,1,1,1
646,1,1,1,1,1,1,1,1,1,1
647,1,1,1,1,1,1,1,1,1,1
648,1,1,1,1,1,1,1,1,1,1
649,1,1,1,1,1,1,1,1,1,1
650,1,1,1,1,1,1,1,1,1,1
651,1,1,1,1,1,1,1,1,1,1
652,1,1,1,1,1,1,1,1,1,1
653,1,1,1,1,1,1,1,1,1,1
654,1,1,1,1,1,1,1,1,1,1
655,1,1,1,1,1,1,1,1,1,1
656,1,1,1,1,1,1,1,1,1,1
657,1,1,1,1,1,1,1,1,1,1
658,1,1,1,1,1,1,1,1,1,1
659,1,1,1,1,1,1,1,1,1,1
660,1,1,1,1,1,1,1,1,1,1
661,1,1,1,1,1,1,1,1,1,1
662,1,1,1,1,1,1,1,1,1,1
663,1,1,1,1,1,1,1,1,1,1
664,1,1,1,1,1,1,1,1,1,1
665,1,1,1,1,1,1,1,1,1,1
666,1,1,1,1,1,1,1,1,1,1
667,1,1,1,1,1,1,1,1,1,1
668,1,1,1,1,1,1,1,1,1,1
669,1,1,1,1,1,1,1,1,1,1
670,1,1,1,1,1,1,1,1,1,1
671,1,1,1,1,1,1,1,1,1,1
672,1,1,1,1,1,1,1,1,1,1
673,1,1,1,1,1,1,1,1,1,1
674,1,1,1,1,1,1,1,1,1,1
675,1,1,1,1,1,1,1,1,1,1
676,1,1,1,1,1,1,1,1,1,1
677,1,1,1,1,1,1,1,1,1,1
678,1,1,1,1,1,1,1,1,1,1
679,1,1,1,1,1,1,1,1,1,1
680,1,1,1,1,1,1,1,1,1,1
681,1,1,1,1,1,1,1,1,1,1
682,1,1,1,1,1,1,1,1,1,1
683,1,1,1,1,1,1,1,1,1,1
684,1,1,1,1,1,1,1,1,1,1
685,1,1,1,1,1,1,1,1,1,1
686,1,1,1,1,1,1,1,1,1,1
687,1,1,1,1,1,1,1,1,1,1
688,1,1,1,1,1,1,1,1,1,1
689,1,1,1,1,1,1,1,1,1,1
690,1,1,1,1,1,1,1,1,1,1
691,1,1,1,1,1,1,1,1,1,1
692,1,1,1,1,1,1,1,1,1,1
693,1,1,1,1,1,1,1,1,1,1
694,1,1,1,1,1,1,1,1,1,1
695,1,1,1,1,1,1,1,1,1,1
696,1,1,1,1,1,1,1,1,1,1
697,1,1,1,1,1,1,1,1,1,1
698,1,1,1,1,1,1,1,1,1,1
699,1,1,1,1,1,1,1,1,1,1
700,1,1,1,1,1,1,1,1,1,1
701,1,1,1,1,1,1,1,1,1,1
702,1,1,1,1,1,1,1,1,1,1
703,1,1,1,1,1,1,1,1,1,1
704,1,1,1,1,1,1,1,1,1,1
705,1,1,1,1,1,1,1,1,1,1
706,1,1,1,1,1,1,1,1,1,1
707,1,1,1,1,1,1,1,1,1,1
708,1,1,1,1,1,1,1,1,1,1
709,1,1,1,1,1,1,1,1,1,1
710,1,1,1,1,1,1,1,1,1,1
711,1,1,1,1,1,1,1,1,1,1
712,1,1,1,1,1,1,1,1,1,1
713,1,1,1,1,1,1,1,1,1,1
714,1,1,1,1,1,1,1,1,1,1
715,1,1,1,1,1,1,1,1,1,1
716,1,1,1,1,1,1,1,1,1,1
717,1,1,1,1,1,1,1,1,1,1
718,1,1,1,1,1,1,1,1,1,1
719,1,1,1,1,1,1,1,1,1,1
720,1,1,1,1,1,1,1,1,1,1
721,1,1,1,1,1,1,1,1,1,1
722,1,1,1,1,1,1,1,1,1,1
723,1,1,1,1,1,1,1,1,1,1
724,1,1,1,1,1,1,1,1,1,1
725,1,1,1,1,1,1,1,1,1,1
726,1,1,1,1,1,1,1,1,1,1
727,1,1,1,1,1,1,1,1,1,1
728,1,1,1,1,1,1,1,1,1,1
729,1,1,1,1,1,1,1,1,1,1
730,1,1,1,1,1,1,1,1,1,1
731,1,1,1,1,1,1,1,1,1,1
732,1,1,1,1,1,1,1,1,1,1
733,1,1,1,1,1,1,1,1,1,1
734,1,1,1,1,1,1,1,1,1,1
735,1,1,1,1,1,1,1,1,1,1
736,1,1,1,1,1,1,1,1,1,1
737,1,1,1,1,1,1,1,1,1,1
738,1,1,1,1,1,1,1,1,1,1
739,1,1,1,1,1,1,1,1,1,1
740,1,1,1,1,1,1,1,1,1,1
741,1,1,1,1,1,1,1,1,1,1
742,1,1,1,1,1,1,1,1,1,1
743,1,1,1,1,1,1,1,1,1,1
744,1,1,1,1,1,1,1,1,1,1
745,1,1,1,1,1,1,1,1,1,1
746,1,1,1,1,1,1,1,1,1,1
747,1,1,1,1,1,1,1,1,1,1
748,1,1,1,1,1,1,1,1,1,1
749,1,1,1,1,1,1,1,1,1,1
750,1,1,1,1,1,1,1,1,1,1
751,1,1,1,1,1,1,1,1,1,1
752,1,1,1,1,1,1,1,1,1,1
753,1,1,1,1,1,1,1,1,1,1
754,1,1,1,1,1,1,1,1,1,1
755,1,1,1,1,1,1,1,1,1,1
756,1,1,1,1,1,1,1,1,1,1
757,1,1,1,1,1,1,1,1,1,1
758,1,1,1,1,1,1,1,1,1,1
759,1,1,1,1,1,1,1,1,1,1
760,1,1,1,1,1,1,1,1,1,1
761,1,1,1,1,1,1,1,1,1,1
762,1,1,1,1,1,1,1,1,1,1
763,1,1,1,1,1,1,1,1,1,1
764,1,1,1,1,1,1,1,1,1,1
765,1,1,1,1,1,1,1,1,1,1
766,1,1,1,1,1,1,1,1,1,1
767,1,1,1,1,1,1,1,1,1,1
768,1,1,1,1,1,1,1,1,1,1
769,1,1,1,1,1,1,1,1,1,1
770,1,1,1,1,1,1,1,1,1,1
771,1,1,1,1,1,1,1,1,1,1
772,1,1,1,1,1,1,1,1,1,1
773,1,1,1,1,1,1,1,1,1,1
774,1,1,1,1,1,1,1,1,1,1
775,1,1,1,1,1,1,1,1,1,1
776,1,1,1,1,1,1,1,1,1,1
777,1,1,1,1,1,1,1,1,1,1
778,1,1,1,1,1,1,1,1,1,1
779,1,1,1,1,1,1,1,1,1,1
780,1,1,1,1,1,1,1,1,1,1
781,1,1,1,1,1,1,1,1,1,1
782,1,1,1,1,1,1,1,1,1,1
783,1,1,1,1,1,1,1,1,1,1
784,1,1,1,1,1,1,1,1,1,1
785,1,1,1,1,1,1,1,1,1,1
786,1,1,1,1,1,1,1,1,1,1
787,1,1,1,1,1,1,1,1,1,1
788,1,1,1,1,1,1,1,1,1,1
789,1,1,1,1,1,1,1,1,1,1
790,1,1,1,1,1,1,1,1,1,1
791,1,1,1,1,1,1,1,1,1,1
792,1,1,1,1,1,1,1,1,1,1
793,1,1,1,1,1,1,1,1,1,1
794,1,1,1,1,1,1,1,1,1,1
795,1,1,1,1,1,1,1,1,1,1
796,1,1,1,1,1,1,1,1,1,1
797,1,1,1,1,1,1,1,1,1,1
798,1,1,1,1,1,1,1,1,1,1
799,1,1,1,1,1,1,1,1,1,1
800,1,1,1,1,1,1,1,1,1,1
801,1,1,1,1,1,1,1,1,1,1
802,1,1,1,1,1,1,1,1,1,1
803,1,1,1,1,1,1,1,1,1,1
804,1,1,1,1,1,1,1,1,1,1
805,1,1,1,1,1,1,1,1,1,1
806,1,1,1,1,1,1,1,1,1,1
807,1,1,1,1,1,1,1,1,1,1
808,1,1,1,1,1,1,1,1,1,1
809,1,1,1,1,1,1,1,1,1,1
810,1,1,1,1,1,1,1,1,1,1
811,1,1,1,1,1,1,1,1,1,1
812,1,1,1,1,1,1,1,1,1,1
813,1,1,1,1,1,1,1,1,1,1
814,1,1,1,1,1,1,1,1,1,1
815,1,1,1,1,1,1,1,1,1,1
816,1,1,1,1,1,1,1,1,1,1
817,1,1,1,1,1,1,1,1,1,1
818,1,1,1,1,1,1,1,1,1,1
819,1,1,1,1,1,1,1,1,1,1
820,1,1,1,1,1,1,1,1,1,1
821,1,1,1,1,1,1,1,1,1,1
822,1,1,1,1,1,1,1,1,1,1
823,1,1,1,1,1,1,1,1,1,1
824,1,1,1,1,1,1,1,1,1,1
825,1,1,1,1,1,1,1,1,1,1
826,1,1,1,1,1,1,1,1,1,1
827,1,1,1,1,1,1,1,1,1,1
828,1,1,1,1,1,1,1,1,1,1
829,1,1,1,1,1,1,1,1,1,1
830,1,1,1,1,1,1,1,1,1,1
831,1,1,1,1,1,1,1,1,1,1
832,1,1,1,1,1,1,1,1,1,1
833,1,1,1,1,1,1,1,1,1,1
834,1,1,1,1,1,1,1,1,1,1
835,1,1,1,1,1,1,1,1,1,1
836,1,1,1,1,1,1,1,1,1,1
837,1,1,1,1,1,1,1,1,1,1
838,1,1,1,1,1,1,1,1,1,1
839,1,1,1,1,1,1,1,1,1,1
840,1,1,1,1,1,1,1,1,1,1
841,1,1,1,1,1,1,1,1,1,1
842,1,1,1,1,1,1,1,1,1,1
843,1,1,1,1,1,1,1,1,1,1
844,1,1,1,1,1,1,1,1,1,1
845,1,1,1,1,1,1,1,1,1,1
846,1,1,1,1,1,1,1,1,1,1
847,1,1,1,1,1,1,1,1,1,1
848,1,1,1,1,1,1,1,1,1,1
849,1,1,1,1,1,1,1,1,1,1
850,1,1,1,1,1,1,1,1,1,1
851,1,1,1,1,1,1,1,1,1,1
852,1,1,1,1,1,1,1,1,1,1
853,1,1,1,1,1,1,1,1,1,1
854,1,1,1,1,1,1,1,1,1,1
855,1,1,1,1,1,1,1,1,1,1
856,1,1,1,1,1,1,1,1,1,1
857,1,1,1,1,1,1,1,1,1,1
858,1,1,1,1,1,1,1,1,1,1
859,1,1,1,1,1,1,1,1,1,1
860,1,1,1,1,1,1,1,1,1,1
861,1,1,1,1,1,1,1,1,1,1
862,1,1,1,1,1,1,1,1,1,1
863,1,1,1,1,1,1,1,1,1,1
864,1,1,1,1,1,1,1,1,1,1
865,1,1,1,1,1,1,1,1,1,1
866,1,1,1,1,1,1,1,1,1,1
867,1,1,1,1,1,1,1,1,1,1
868,1,1,1,1,1,1,1,1,1,1
869,1,1,1,1,1,1,1,1,1,1
870,1,1,1,1,1,1,1,1,1,1
871,1,1,1,1,1,1,1,1,1,1
872,1,1,1,1,1,1,1,1,1,1
873,1,1,1,1,1,1,1,1,1,1
874,1,1,1,1,1,1,1,1,1,1
875,1,1,1,1,1,1,1,1,1,1
876,1,1,1,1,1,1,1,1,1,1
877,1,1,1,1,1,1,1,1,1,1
878,1,1,1,1,1,1,1,1,1,1
879,1,1,1,1,1,1,1,1,1,1
880,1,1,1,1,1,1,1,1,1,1
881,1,1,1,1,1,1,1,1,1,1
882,1,1,1,1,1,1,1,1,1,1
883,1,1,1,1,1,1,1,1,1,1
884,1,1,1,1,1,1,1,1,1,1
885,1,1,1,1,1,1,1,1,1,1
886,1,1,1,1,1,1,1,1,1,1
887,1,1,1,1,1,1,1,1,1,1
888,1,1,1,1,1,1,1,1,1,1
889,1,1,1,1,1,1,1,1,1,1
890,1,1,1,1,1,1,1,1,1,1
891,1,1,1,1,1,1,1,1,1,1
892,1,1,1,1,1,1,1,1,1,1
893,1,1,1,1,1,1,1,1,1,1
894,1,1,1,1,1,1,1,1,1,1
895,1,1,1,1,1,1,1,1,1,1
896,1,1,1,1,1,1,1,1,1,1
897,1,1,1,1,1,1,1,1,1,1
898,1,1,1,1,1,1,1,1,1,1
899,1,1,1,1,1,1,1,1,1,1
900,1,1,1,1,1,1,1,1,1,1
901,1,1,1,1,1,1,1,1,1,1
902,1,1,1,1,1,1,1,1,1,1
903,1,1,1,1,1,1,1,1,1,1
904,1,1,1,1,1,1,1,1,1,1
905,1,1,1,1,1,1,1,1,1,1
906,1,1,1,1,1,1,1,1,1,1
907,1,1,1,1,1,1,1,1,1,1
908,1,1,1,1,1,1,1,1,1,1
909,1,1,1,1,1,1,1,1,1,1
910,1,1,1,1,1,1,1,1,1,1
911,1,1,1,1,1,1,1,1,1,1
912,1,1,1,1,1,1,1,1,1,1
913,1,1,1,1,1,1,1,1,1,1
914,1,1,1,1,1,1,1,1,1,1
915,1,1,1,1,1,1,1,1,1,1
916,1,1,1,1,1,1,1,1,1,1
917,1,1,1,1,1,1,1,1,1,1
918,1,1,1,1,1,1,1,1,1,1
919,1,1,1,1,1,1,1,1,1,1
920,1,1,1,1,1,1,1,1,1,1
921,1,1,1,1,1,1,1,1,1,1
922,1,1,1,1,1,1,1,1,1,1
923,1,1,1,1,1,1,1,1,1,1
924,1,1,1,1,1,1,1,1,1,1
925,1,1,1,1,1,1,1,1,1,1
926,1,1,1,1,1,1,1,1,1,1
927,1,1,1,1,1,1,1,1,1,1
928,1,1,1,1,1,1,1,1,1,1
929,1,1,1,1,1,1,1,1,1,1
930,1,1,1,1,1,1,1,1,1,1
931,1,1,1,1,1,1,1,1,1,1
932,1,1,1,1,1,1,1,1,1,1
933,1,1,1,1,1,1,1,1,1,1
934,1,1,1,1,1,1,1,1,1,1
935,1,1,1,1,1,1,1,1,1,1
936,1,1,1,1,1,1,1,1,1,1
937,1,1,1,1,1,1,1,1,1,1
938,1,1,1,1,1,1,1,1,1,1
939,1,1,1,1,1,1,1,1,1,1
940,1,1,1,1,1,1,1,1,1,1
941,1,1,1,1,1,1,1,1,1,1
942,1,1,1,1,1,1,1,1,1,1
943,1,1,1,1,1,1,1,1,1,1
944,1,1,1,1,1,1,1,1,1,1
945,1,1,1,1,1,1,1,1,1,1
946,1,1,1,1,1,1,1,1,1,1
947,1,1,1,1,1,1,1,1,1,1
948,1,1,1,1,1,1,1,1,1,1
949,1,1,1,1,1,1,1,1,1,1
950,1,1,1,1,1,1,1,1,1,1
951,1,1,1,1,1,1,1,1,1,1
952,1,1,1,1,1,1,1,1,1,1
953,1,1,1,1,1,1,1,1,1,1
954,1,1,1,1,1,1,1,1,1,1
955,1,1,1,1,1,1,1,1,1,1
956,1,1,1,1,1,1,1,1,1,1
957,1,1,1,1,1,1,1,1,1,1
958,1,1,1,1,1,1,1,1,1,1
959,1,1,1,1,1,1,1,1,1,1