image_id,proposed_iou,proposed_dice,proposed_bf_score,segformer_iou,segformer_dice,segformer_bf_score,diff_iou,diff_dice,diff_bf_score
0,0.964346,0.98185,1,0.981676,0.990753,1,-0.01733,-0.008903,0
1,0.945283,0.971872,1,0.966894,0.983168,1,-0.021611,-0.011296,0
2,0.939778,0.968954,0.933735,0.971241,0.985411,1,-0.031463,-0.016457,-0.066265
3,0.959202,0.979176,1,0.944346,0.971377,1,0.014856,0.007799,0
4,0.944088,0.97124,1,0.96138,0.98031,1,-0.017292,-0.00907,0
5,0.957143,0.978102,1,0.966096,0.982756,1,-0.008953,-0.004654,0
6,0.962838,0.981067,1,0.971229,0.985405,1,-0.008391,-0.004338,0
7,0.934415,0.966096,0.983333,0.961353,0.980296,1,-0.026938,-0.0142,-0.016667
8,0.961085,0.980157,1,0.971986,0.985794,1,-0.010901,-0.005637,0
9,0.949146,0.97391,1,0.97763,0.988688,1,-0.028484,-0.014778,0
10,0.966412,0.982919,1,0.981855,0.990844,1,-0.015443,-0.007925,0
11,0.956571,0.977803,1,0.977393,0.988567,1,-0.020822,-0.010764,0
12,0.983782,0.991825,1,0.958395,0.978756,1,0.025387,0.013069,0
13,0.955213,0.977094,1,0.973866,0.98676,1,-0.018653,-0.009666,0
14,0.911417,0.953656,0.92385,0.930169,0.963821,0.959044,-0.018752,-0.010165,-0.035194
15,0.952413,0.975627,1,0.970072,0.984809,1,-0.017659,-0.009182,0
16,0.958755,0.978943,1,0.977842,0.988797,1,-0.019087,-0.009854,0
17,0.911701,0.953811,0.816151,0.914368,0.955269,0.851088,-0.002667,-0.001458,-0.034937
18,0.955252,0.977114,1,0.947873,0.973239,1,0.007379,0.003875,0
19,0.970946,0.985259,1,0.966005,0.982708,1,0.004941,0.002551,0
20,0.952741,0.975799,1,0.962481,0.980882,1,-0.00974,-0.005083,0
21,0.942952,0.970638,1,0.938759,0.968412,1,0.004193,0.002226,0
22,0.955367,0.977174,0.988165,0.967892,0.983684,1,-0.012525,-0.00651,-0.011835
23,0.959176,0.979162,1,0.981884,0.990859,1,-0.022708,-0.011697,0
24,0.954683,0.976816,1,0.964042,0.981692,1,-0.009359,-0.004876,0
25,0.925302,0.961202,1,0.968113,0.983798,1,-0.042811,-0.022596,0
26,0.971107,0.985342,1,0.96972,0.984627,1,0.001387,0.000715,0
27,0.950502,0.974623,1,0.934866,0.966337,1,0.015636,0.008286,0
28,0.913205,0.954634,0.899552,0.970219,0.984884,1,-0.057014,-0.03025,-0.100448
29,0.894423,0.94427,0.901961,0.961144,0.980187,1,-0.066721,-0.035917,-0.098039
30,0.973053,0.986342,1,0.970795,0.985181,1,0.002258,0.001161,0
31,0.96374,0.981535,1,0.968345,0.983918,1,-0.004605,-0.002383,0
32,0.868167,0.929432,0.782281,0.96613,0.982773,1,-0.097963,-0.053341,-0.217719
33,0.924182,0.960597,0.969591,0.981724,0.990778,1,-0.057542,-0.030181,-0.030409
34,0.891111,0.942421,0.934979,0.943301,0.970823,1,-0.05219,-0.028402,-0.065021
35,0.972372,0.985992,1,0.980534,0.990171,1,-0.008162,-0.004179,0
36,0.962358,0.980818,1,0.937316,0.967644,0.994594,0.025042,0.013174,0.005406
37,0.903969,0.949563,0.892052,0.965278,0.982332,1,-0.061309,-0.032769,-0.107948
38,0.968198,0.983842,1,0.973005,0.986318,1,-0.004807,-0.002476,0
39,0.945407,0.971938,1,0.982605,0.991226,1,-0.037198,-0.019288,0
40,0.961422,0.980332,1,0.966823,0.983132,1,-0.005401,-0.0028,0
41,0.965855,0.982631,1,0.979592,0.989691,1,-0.013737,-0.00706,0
42,0.933965,0.965855,0.972421,0.976426,0.988073,1,-0.042461,-0.022218,-0.027579
43,0.950219,0.974474,1,0.937639,0.967816,0.978778,0.01258,0.006658,0.021222
44,0.95883,0.978982,1,0.979742,0.989767,1,-0.020912,-0.010785,0
45,0.909996,0.952878,0.858404,0.955048,0.977007,1,-0.045052,-0.024129,-0.141596
46,0.938161,0.968094,1,0.97033,0.984942,1,-0.032169,-0.016848,0
47,0.962399,0.980839,1,0.978142,0.98895,1,-0.015743,-0.008111,0
48,0.965913,0.982661,1,0.975259,0.987475,1,-0.009346,-0.004814,0
49,0.966972,0.983209,1,0.973473,0.986558,1,-0.006501,-0.003349,0
50,0.958602,0.978864,1,0.969004,0.984258,1,-0.010402,-0.005394,0
51,0.892814,0.943372,0.94175,0.944801,0.971617,1,-0.051987,-0.028245,-0.05825
52,0.958563,0.978843,0.994253,0.968551,0.984024,1,-0.009988,-0.005181,-0.005747
53,0.96238,0.980829,1,0.980549,0.990179,1,-0.018169,-0.00935,0
54,0.967984,0.983731,1,0.972693,0.986157,1,-0.004709,-0.002426,0
55,0.893511,0.943761,0.794498,0.914836,0.955524,0.955768,-0.021325,-0.011763,-0.16127
56,0.948609,0.973627,1,0.980548,0.990178,1,-0.031939,-0.016551,0
57,0.945525,0.972,1,0.953043,0.975957,1,-0.007518,-0.003957,0
58,0.947327,0.972951,1,0.936601,0.967263,0.917773,0.010726,0.005688,0.082227
59,0.934566,0.966176,1,0.97561,0.987654,1,-0.041044,-0.021478,0
60,0.9136,0.954849,0.987836,0.949566,0.974131,1,-0.035966,-0.019282,-0.012164
61,0.929213,0.963308,0.913272,0.959641,0.979405,1,-0.030428,-0.016097,-0.086728
62,0.961435,0.980338,1,0.953604,0.976251,0.994169,0.007831,0.004087,0.005831
63,0.925585,0.961355,0.988125,0.96583,0.982618,1,-0.040245,-0.021263,-0.011875
64,0.971982,0.985792,1,0.978812,0.989293,1,-0.00683,-0.003501,0
65,0.971982,0.985792,1,0.978812,0.989293,1,-0.00683,-0.003501,0
66,0.940847,0.969522,0.963631,0.959455,0.979308,1,-0.018608,-0.009786,-0.036369
67,0.956021,0.977516,1,0.9575,0.978289,1,-0.001479,-0.000773,0
68,0.955144,0.977058,1,0.973354,0.986497,1,-0.01821,-0.009439,0
69,0.942083,0.970178,1,0.959283,0.979218,1,-0.0172,-0.00904,0
70,0.972061,0.985833,1,0.973809,0.986731,1,-0.001748,-0.000898,0
71,0.946816,0.972681,1,0.945124,0.971788,1,0.001692,0.000893,0
72,0.96474,0.982054,1,0.976906,0.988318,1,-0.012166,-0.006264,0
73,0.964592,0.981977,1,0.975155,0.987421,1,-0.010563,-0.005444,0
74,0.973529,0.986587,1,0.973538,0.986592,1,-0.000009,-0.000005,0
75,0.958418,0.978768,1,0.978482,0.989124,1,-0.020064,-0.010356,0
76,0.924938,0.961005,0.994301,0.952847,0.975854,1,-0.027909,-0.014849,-0.005699
77,0.934269,0.966018,1,0.954907,0.976934,1,-0.020638,-0.010916,0
78,0.96627,0.982846,1,0.953686,0.976294,1,0.012584,0.006552,0
79,0.962478,0.98088,1,0.972578,0.986099,1,-0.0101,-0.005219,0
80,0.96257,0.980928,1,0.955034,0.977,1,0.007536,0.003928,0
81,0.978801,0.989287,1,0.977323,0.988531,1,0.001478,0.000756,0
82,0.941634,0.96994,1,0.975662,0.987681,1,-0.034028,-0.017741,0
83,0.963557,0.98144,1,0.944763,0.971597,1,0.018794,0.009843,0
84,0.968663,0.984082,1,0.978472,0.989119,1,-0.009809,-0.005037,0
85,0.913323,0.954698,0.958818,0.966733,0.983085,1,-0.05341,-0.028387,-0.041182
86,0.976557,0.98814,1,0.96418,0.981763,1,0.012377,0.006377,0
87,0.965925,0.982667,1,0.957756,0.978422,1,0.008169,0.004245,0
88,0.973849,0.986751,1,0.975343,0.987518,1,-0.001494,-0.000767,0
89,0.920273,0.958481,0.901426,0.971246,0.985413,1,-0.050973,-0.026932,-0.098574
90,0.972037,0.98582,1,0.979313,0.989548,1,-0.007276,-0.003728,0
91,0.902421,0.948708,0.901829,0.934962,0.966388,1,-0.032541,-0.01768,-0.098171
92,0.95987,0.979524,1,0.970624,0.985093,1,-0.010754,-0.005569,0
93,0.90123,0.948049,0.918259,0.970051,0.984798,1,-0.068821,-0.036749,-0.081741
94,0.971225,0.985403,1,0,0,0,0.971225,0.985403,1
95,0.950217,0.974473,1,0.97663,0.988177,1,-0.026413,-0.013704,0
96,0.961248,0.980241,1,0.971895,0.985747,1,-0.010647,-0.005506,0
97,0.950161,0.974444,1,0.960035,0.97961,1,-0.009874,-0.005166,0
98,0.936062,0.966975,1,0.971579,0.985585,1,-0.035517,-0.01861,0
99,0.954863,0.97691,1,0.979481,0.989634,1,-0.024618,-0.012724,0
100,0.955229,0.977102,1,0.976678,0.988202,1,-0.021449,-0.0111,0
101,0.925897,0.961523,0.912898,0.936271,0.967087,0.903212,-0.010374,-0.005564,0.009686
102,0.960347,0.979772,1,0.957558,0.978319,1,0.002789,0.001453,0
103,0.927798,0.962547,0.961749,0.975895,0.987801,1,-0.048097,-0.025254,-0.038251
104,0.970619,0.985091,1,0.971009,0.985292,1,-0.00039,-0.000201,0
105,0.950435,0.974588,1,0.952801,0.97583,1,-0.002366,-0.001242,0
106,0.964095,0.981719,1,0.940797,0.969496,1,0.023298,0.012223,0
107,0.934439,0.966108,0.994065,0.935858,0.966866,1,-0.001419,-0.000758,-0.005935
108,0.961061,0.980144,1,0.97894,0.989358,1,-0.017879,-0.009214,0
109,0.963863,0.981599,1,0.976729,0.988227,1,-0.012866,-0.006628,0
110,0.966741,0.983089,1,0.969942,0.984742,1,-0.003201,-0.001653,0
111,0.947938,0.973273,1,0.948225,0.973425,1,-0.000287,-0.000152,0
112,0.948037,0.973325,0.917397,0.971352,0.985468,1,-0.023315,-0.012143,-0.082603
113,0.893735,0.943886,0.923789,0.960908,0.980064,1,-0.067173,-0.036178,-0.076211
114,0.964363,0.981858,1,0.968925,0.984217,1,-0.004562,-0.002359,0
115,0.943152,0.970745,0.973255,0.969427,0.984476,1,-0.026275,-0.013731,-0.026745
116,0.948095,0.973356,1,0.958695,0.978912,1,-0.0106,-0.005556,0
117,0.930912,0.96422,0.98795,0.974141,0.986901,1,-0.043229,-0.022681,-0.01205
118,0.854959,0.921809,0.734185,0.970166,0.984857,1,-0.115207,-0.063048,-0.265815
119,0.944911,0.971675,1,0.970768,0.985167,1,-0.025857,-0.013492,0
120,0.93975,0.968939,1,0.964159,0.981753,1,-0.024409,-0.012814,0
121,0.967054,0.983251,1,0.959805,0.97949,1,0.007249,0.003761,0
122,0.937908,0.96796,1,0.97773,0.98874,1,-0.039822,-0.02078,0
123,0.929175,0.963287,1,0.96248,0.980881,1,-0.033305,-0.017594,0
124,0.921148,0.958956,0.846995,0.980268,0.990035,1,-0.05912,-0.031079,-0.153005
125,0.936838,0.967389,1,0.961326,0.980282,1,-0.024488,-0.012893,0
126,0.978091,0.988924,1,0.978042,0.988899,1,0.000049,0.000025,0
127,0.961653,0.980452,1,0.966007,0.982709,1,-0.004354,-0.002257,0
128,0.958691,0.97891,1,0.972529,0.986073,1,-0.013838,-0.007163,0
129,0.951358,0.975073,1,0.97546,0.987578,1,-0.024102,-0.012505,0
130,0.956278,0.977651,1,0.982257,0.991049,1,-0.025979,-0.013398,0
131,0.939317,0.968709,0.890283,0.975383,0.987538,1,-0.036066,-0.018829,-0.109717
132,0.965344,0.982367,1,0.971622,0.985607,1,-0.006278,-0.00324,0
133,0.960665,0.979938,1,0.961235,0.980234,1,-0.00057,-0.000296,0
134,0,0,0,0,0,0,0,0,0
135,0.950795,0.974777,1,0.950054,0.974387,1,0.000741,0.00039,0
136,0.966954,0.983199,1,0.93486,0.966334,1,0.032094,0.016865,0
137,0.97619,0.987952,1,0.974518,0.987095,1,0.001672,0.000857,0
138,0.924407,0.960719,0.964072,0.95384,0.976375,1,-0.029433,-0.015656,-0.035928
139,0.981356,0.99059,1,0.919602,0.958117,1,0.061754,0.032473,0
140,0.968708,0.984105,1,0.97166,0.985626,1,-0.002952,-0.001521,0
141,0.913416,0.954749,0.915816,0.959184,0.979167,1,-0.045768,-0.024418,-0.084184
142,0.928802,0.963087,1,0.948678,0.973663,1,-0.019876,-0.010576,0
143,0.948602,0.973623,0.984424,0.956219,0.97762,1,-0.007617,-0.003997,-0.015576
144,0.940084,0.969117,1,0.967225,0.98334,1,-0.027141,-0.014223,0
145,0.947644,0.973118,1,0.951188,0.974983,1,-0.003544,-0.001865,0
146,0.958229,0.978669,1,0.970497,0.985028,1,-0.012268,-0.006359,0
147,0.892696,0.943307,0.765675,0.925766,0.961452,0.862069,-0.03307,-0.018145,-0.096394
148,0.947556,0.973072,1,0.933049,0.965365,1,0.014507,0.007707,0
149,0.952925,0.975895,1,0.960725,0.979969,1,-0.0078,-0.004074,0
150,0.963946,0.981642,0.956159,0.975149,0.987418,1,-0.011203,-0.005776,-0.043841
151,0.910507,0.953158,0.830777,0.969671,0.984602,1,-0.059164,-0.031444,-0.169223
152,0.963176,0.981243,1,0.96863,0.984065,1,-0.005454,-0.002822,0
153,0.958684,0.978906,1,0.953887,0.976399,1,0.004797,0.002507,0
154,0.967835,0.983655,1,0.977132,0.988434,1,-0.009297,-0.004779,0
155,0.944897,0.971668,1,0.949854,0.974282,1,-0.004957,-0.002614,0
156,0.935403,0.966624,1,0.971877,0.985738,1,-0.036474,-0.019114,0
157,0.91016,0.952967,0.95672,0.967395,0.983427,1,-0.057235,-0.03046,-0.04328
158,0.955944,0.977476,1,0.963194,0.981252,1,-0.00725,-0.003776,0
159,0.950018,0.974369,1,0.957864,0.978479,1,-0.007846,-0.00411,0
160,0.927095,0.962168,0.978785,0.977417,0.98858,1,-0.050322,-0.026412,-0.021215
161,0.964434,0.981895,1,0.96989,0.984715,1,-0.005456,-0.00282,0
162,0.960312,0.979754,1,0.976728,0.988227,1,-0.016416,-0.008473,0
163,0.940945,0.969574,1,0.973286,0.986462,1,-0.032341,-0.016888,0
164,0.772499,0.87165,0.289809,0.877773,0.934909,0.641711,-0.105274,-0.063259,-0.351902
165,0.978723,0.989247,1,0.946692,0.972616,1,0.032031,0.016631,0
166,0.95341,0.97615,1,0.969779,0.984657,1,-0.016369,-0.008507,0
167,0.970331,0.984942,1,0.929899,0.963677,0.976114,0.040432,0.021265,0.023886
168,0.930726,0.96412,1,0.971934,0.985767,1,-0.041208,-0.021647,0
169,0.968291,0.98389,1,0.930826,0.964174,0.994505,0.037465,0.019716,0.005495
170,0.95509,0.977029,1,0.960336,0.979767,1,-0.005246,-0.002738,0
171,0.97378,0.986716,1,0.978817,0.989295,1,-0.005037,-0.002579,0
172,0.926012,0.961585,1,0.963718,0.981524,1,-0.037706,-0.019939,0
173,0.934062,0.965907,0.886427,0.97139,0.985487,1,-0.037328,-0.01958,-0.113573
174,0.932558,0.965102,0.994117,0.952623,0.975737,1,-0.020065,-0.010635,-0.005883
175,0.944003,0.971195,0.956489,0.955457,0.977221,1,-0.011454,-0.006026,-0.043511
176,0.932642,0.965147,1,0.964717,0.982042,1,-0.032075,-0.016895,0
177,0.918705,0.95763,0.961845,0,0,0,0.918705,0.95763,0.961845
178,0.937332,0.967652,1,0.979735,0.989764,1,-0.042403,-0.022112,0
179,0.923919,0.960455,1,0.949074,0.973872,1,-0.025155,-0.013417,0
180,0.964363,0.981858,1,0.957621,0.978352,1,0.006742,0.003506,0
181,0.944644,0.971534,1,0.958303,0.978708,1,-0.013659,-0.007174,0
182,0.964768,0.982068,1,0.955147,0.977059,1,0.009621,0.005009,0
183,0.953561,0.976229,1,0.974334,0.987,1,-0.020773,-0.010771,0
184,0.920701,0.958713,1,0.938837,0.968454,1,-0.018136,-0.009741,0
185,0.97619,0.987952,1,0.97862,0.989195,1,-0.00243,-0.001243,0
186,0.975588,0.987643,1,0.980263,0.990033,1,-0.004675,-0.00239,0
187,0.976835,0.988282,1,0.978532,0.98915,1,-0.001697,-0.000868,0
188,0.970418,0.984987,1,0.972203,0.985906,1,-0.001785,-0.000919,0
189,0.976075,0.987893,1,0.969391,0.984458,1,0.006684,0.003435,0
190,0.942496,0.970397,1,0.967844,0.983659,1,-0.025348,-0.013262,0
191,0.959359,0.979258,1,0.967844,0.983659,1,-0.008485,-0.004401,0
192,0.985485,0.992689,1,0.978346,0.989055,1,0.007139,0.003634,0
193,0.928457,0.962901,0.993958,0.958419,0.978768,1,-0.029962,-0.015867,-0.006042
194,0.959158,0.979153,1,0.963438,0.981379,1,-0.00428,-0.002226,0
195,0.955411,0.977197,1,0.925,0.961039,0.975825,0.030411,0.016158,0.024175
196,0.967667,0.983568,1,0.955882,0.977444,1,0.011785,0.006124,0
197,0.950045,0.974383,1,0.979024,0.989401,1,-0.028979,-0.015018,0
198,0.964045,0.981693,1,0.931301,0.964429,0.891103,0.032744,0.017264,0.108897
199,0.969729,0.984632,1,0.968127,0.983806,1,0.001602,0.000826,0
200,0.964663,0.982014,1,0.970192,0.98487,1,-0.005529,-0.002856,0
201,0.969983,0.984763,1,0.978107,0.988932,1,-0.008124,-0.004169,0
202,0.887427,0.940357,0.871963,0.844586,0.915746,0.69959,0.042841,0.024611,0.172373
203,0.933307,0.965503,0.993974,0,0,0,0.933307,0.965503,0.993974
204,0.972014,0.985808,1,0.954237,0.976583,1,0.017777,0.009225,0
205,0.945923,0.97221,1,0.949541,0.974118,1,-0.003618,-0.001908,0
206,0.942899,0.97061,1,0.946064,0.972285,1,-0.003165,-0.001675,0
207,0.955433,0.977208,1,0.956323,0.977674,1,-0.00089,-0.000466,0
208,0.962396,0.980838,1,0.961442,0.980342,1,0.000954,0.000496,0
209,0.946844,0.972696,1,0.963098,0.981202,1,-0.016254,-0.008506,0
210,0.952237,0.975534,1,0,0,0,0.952237,0.975534,1
211,0.945244,0.971851,1,0,0,0,0.945244,0.971851,1
212,0.927254,0.962254,1,0.963205,0.981258,1,-0.035951,-0.019004,0
213,0.950406,0.974572,1,0.983225,0.991541,1,-0.032819,-0.016969,0
214,0.921098,0.958929,0.921348,0.930225,0.963851,0.972129,-0.009127,-0.004922,-0.050781
215,0.956352,0.977689,1,0.970535,0.985047,1,-0.014183,-0.007358,0
216,0.951066,0.974919,1,0.946443,0.972485,1,0.004623,0.002434,0
217,0.9477,0.973148,1,0.957924,0.97851,1,-0.010224,-0.005362,0
218,0.967201,0.983327,1,0.956832,0.97794,1,0.010369,0.005387,0
219,0.969111,0.984313,1,0.979466,0.989627,1,-0.010355,-0.005314,0
220,0.9375,0.967742,1,0.9769,0.988315,1,-0.0394,-0.020573,0
221,0.974325,0.986995,1,0.977319,0.988529,1,-0.002994,-0.001534,0
222,0.946298,0.972408,1,0.942758,0.970536,1,0.00354,0.001872,0
223,0.849234,0.918471,0.773192,0.953463,0.976177,1,-0.104229,-0.057706,-0.226808
224,0.892262,0.943064,0.972968,0.950506,0.974625,1,-0.058244,-0.031561,-0.027032
225,0.94974,0.974222,0.983423,0.947332,0.972954,0.994413,0.002408,0.001268,-0.01099
226,0.952195,0.975512,1,0.965196,0.98229,1,-0.013001,-0.006778,0
227,0.939796,0.968963,0.964911,0.968006,0.983743,1,-0.02821,-0.01478,-0.035089
228,0.971634,0.985613,1,0.95524,0.977108,1,0.016394,0.008505,0
229,0.956989,0.978022,1,0.95915,0.979149,1,-0.002161,-0.001127,0
230,0.954311,0.976622,1,0.980034,0.989917,1,-0.025723,-0.013295,0
231,0.922958,0.959936,1,0.95281,0.975835,1,-0.029852,-0.015899,0
232,0.823289,0.903081,0.526986,0.947034,0.972797,1,-0.123745,-0.069716,-0.473014
233,0.936451,0.967183,1,0.96668,0.983058,1,-0.030229,-0.015875,0
234,0.942847,0.970583,0.972314,0.9676,0.983533,1,-0.024753,-0.01295,-0.027686
235,0.936147,0.967021,0.988472,0.979343,0.989564,1,-0.043196,-0.022543,-0.011528
236,0.931914,0.964757,0.994565,0.962021,0.980643,1,-0.030107,-0.015886,-0.005435
237,0.950605,0.974677,1,0.9713,0.985441,1,-0.020695,-0.010764,0
238,0.965291,0.982339,1,0.963082,0.981194,1,0.002209,0.001145,0
239,0.966168,0.982793,1,0.9794,0.989593,1,-0.013232,-0.0068,0
240,0.961034,0.98013,1,0.974231,0.986947,1,-0.013197,-0.006817,0
241,0.931205,0.964377,1,0.964714,0.98204,1,-0.033509,-0.017663,0
242,0.958894,0.979015,1,0.977185,0.988461,1,-0.018291,-0.009446,0
243,0.970643,0.985103,1,0.982772,0.991311,1,-0.012129,-0.006208,0
244,0.942868,0.970594,1,0.935841,0.966857,0.994267,0.007027,0.003737,0.005733
245,0.954845,0.976901,0.994565,0.967891,0.983684,1,-0.013046,-0.006783,-0.005435
246,0.941075,0.969643,1,0.981818,0.990826,1,-0.040743,-0.021183,0
247,0.947104,0.972834,1,0,0,0,0.947104,0.972834,1
248,0.948548,0.973595,1,0.96377,0.981551,1,-0.015222,-0.007956,0
249,0.968315,0.983902,1,0.94277,0.970542,0.994474,0.025545,0.01336,0.005526
250,0.944444,0.971429,0.9882,0.938136,0.968081,1,0.006308,0.003348,-0.0118
251,0.972727,0.986175,1,0.983624,0.991745,1,-0.010897,-0.00557,0
252,0.930916,0.964222,0.88326,0.977287,0.988513,1,-0.046371,-0.024291,-0.11674
253,0.95904,0.979092,1,0.959957,0.979569,1,-0.000917,-0.000477,0
254,0.972332,0.985972,1,0.975662,0.987681,1,-0.00333,-0.001709,0
255,0.919263,0.957934,0.846992,0.98176,0.990796,1,-0.062497,-0.032862,-0.153008
256,0.934506,0.966145,1,0.953488,0.97619,1,-0.018982,-0.010045,0
257,0.926355,0.96177,1,0.958346,0.97873,1,-0.031991,-0.01696,0
258,0.944444,0.971429,0.9882,0.95954,0.979352,1,-0.015096,-0.007923,-0.0118
259,0.975886,0.987796,1,0.977207,0.988472,1,-0.001321,-0.000676,0
260,0.939215,0.968655,1,0.964611,0.981987,1,-0.025396,-0.013332,0
261,0.94196,0.970113,1,0.971225,0.985403,1,-0.029265,-0.01529,0
262,0.935566,0.966711,0.884156,0.979966,0.989882,1,-0.0444,-0.023171,-0.115844
263,0.937393,0.967685,0.843905,0.963707,0.981518,1,-0.026314,-0.013833,-0.156095
264,0.938478,0.968263,0.977077,0.982746,0.991298,1,-0.044268,-0.023035,-0.022923
265,0.900428,0.947605,0.855366,0.943434,0.970894,1,-0.043006,-0.023289,-0.144634
266,0.93889,0.968482,0.898964,0.951426,0.975109,0.994987,-0.012536,-0.006627,-0.096023
267,0.925642,0.961385,1,0.974089,0.986874,1,-0.048447,-0.025489,0
268,0.961507,0.980376,1,0.957015,0.978036,1,0.004492,0.00234,0
269,0.942521,0.97041,0.994318,0.952537,0.975692,1,-0.010016,-0.005282,-0.005682
270,0.971429,0.985507,1,0.973214,0.986425,1,-0.001785,-0.000918,0
271,0.923921,0.960456,0.994318,0.954497,0.976719,1,-0.030576,-0.016263,-0.005682
272,0.939858,0.968997,1,0.965086,0.982233,1,-0.025228,-0.013236,0
273,0.981168,0.990494,1,0.961295,0.980266,1,0.019873,0.010228,0
274,0.965324,0.982356,1,0,0,0,0.965324,0.982356,1
275,0.930935,0.964232,0.924904,0.97547,0.987583,1,-0.044535,-0.023351,-0.075096
276,0.971505,0.985547,1,0.978194,0.988977,1,-0.006689,-0.00343,0
277,0.920971,0.95886,0.874368,0.925255,0.961177,0.989709,-0.004284,-0.002317,-0.115341
278,0.972989,0.986309,1,0.981094,0.990457,1,-0.008105,-0.004148,0
279,0.949167,0.973921,1,0.973568,0.986607,1,-0.024401,-0.012686,0
280,0.959846,0.979512,1,0.970263,0.984907,1,-0.010417,-0.005395,0
281,0.96576,0.982582,1,0.94895,0.973807,1,0.01681,0.008775,0
282,0.957367,0.978219,1,0.949667,0.974184,1,0.0077,0.004035,0
283,0.965949,0.982679,1,0.978092,0.988925,1,-0.012143,-0.006246,0
284,0.9681,0.983792,1,0.981132,0.990476,1,-0.013032,-0.006684,0
285,0.927795,0.962545,0.988764,0.955325,0.977152,1,-0.02753,-0.014607,-0.011236
286,0.966436,0.982932,1,0.960877,0.980048,1,0.005559,0.002884,0
287,0.932961,0.965318,0.980329,0.96786,0.983667,1,-0.034899,-0.018349,-0.019671
288,0.92751,0.962392,0.952858,0.96878,0.984143,1,-0.04127,-0.021751,-0.047142
289,0.961796,0.980526,0.967152,0.948638,0.973642,1,0.013158,0.006884,-0.032848
290,0.960199,0.979695,1,0.966323,0.982873,1,-0.006124,-0.003178,0
291,0.964124,0.981734,1,0.972134,0.98587,1,-0.00801,-0.004136,0
292,0.935272,0.966553,0.971831,0.96696,0.983202,1,-0.031688,-0.016649,-0.028169
293,0.981758,0.990795,1,0.983101,0.991479,1,-0.001343,-0.000684,0
294,0.929595,0.963513,1,0.963936,0.981637,1,-0.034341,-0.018124,0
295,0.93401,0.965879,1,0.97381,0.986731,1,-0.0398,-0.020852,0
296,0.942508,0.970403,0.99363,0.969203,0.984361,1,-0.026695,-0.013958,-0.00637
297,0.960563,0.979885,1,0.972141,0.985874,1,-0.011578,-0.005989,0
298,0.960926,0.980074,1,0.966533,0.982982,1,-0.005607,-0.002908,0
299,0.943939,0.971161,1,0.943743,0.971057,1,0.000196,0.000104,0
300,0.947704,0.97315,0.955801,0.965963,0.982687,1,-0.018259,-0.009537,-0.044199
301,0.975782,0.987743,1,0.975109,0.987398,1,0.000673,0.000345,0
302,0.886453,0.939809,0.923281,0.974854,0.987267,1,-0.088401,-0.047458,-0.076719
303,0.949658,0.974179,1,0.9604,0.9798,1,-0.010742,-0.005621,0
304,0.977672,0.98871,1,0.972574,0.986097,1,0.005098,0.002613,0
305,0.962759,0.981026,1,0.943972,0.971178,1,0.018787,0.009848,0
306,0.942029,0.970149,1,0.958607,0.978866,1,-0.016578,-0.008717,0
307,0.976291,0.988003,1,0.976714,0.98822,1,-0.000423,-0.000217,0
308,0.950609,0.974679,1,0.978056,0.988906,1,-0.027447,-0.014227,0
309,0.956966,0.97801,1,0.958729,0.97893,1,-0.001763,-0.00092,0
310,0.933207,0.96545,1,0.950992,0.97488,1,-0.017785,-0.00943,0
311,0.941271,0.969747,0.95144,0.940871,0.969535,1,0.0004,0.000212,-0.04856
312,0.954513,0.976727,1,0.971966,0.985784,1,-0.017453,-0.009057,0
313,0.956941,0.977997,1,0.966173,0.982796,1,-0.009232,-0.004799,0
314,0.955442,0.977213,1,0.978078,0.988917,1,-0.022636,-0.011704,0
315,0.975317,0.987504,1,0.95172,0.975263,1,0.023597,0.012241,0
316,0.946357,0.972439,1,0,0,0,0.946357,0.972439,1
317,0.972222,0.985915,1,0.981119,0.99047,1,-0.008897,-0.004555,0
318,0.964935,0.982155,1,0.984496,0.992188,1,-0.019561,-0.010033,0
319,0.945853,0.972173,1,0.963644,0.981486,1,-0.017791,-0.009313,0
320,0.94603,0.972266,0.986754,0.966786,0.983112,1,-0.020756,-0.010846,-0.013246
321,0.962729,0.98101,1,0.971509,0.985549,1,-0.00878,-0.004539,0
322,0.838816,0.912343,0.495526,0.918906,0.95774,0.913743,-0.08009,-0.045397,-0.418217
323,0.914661,0.955429,0.803192,0.929847,0.963648,0.975395,-0.015186,-0.008219,-0.172203
324,0.936232,0.967066,1,0.949568,0.974132,1,-0.013336,-0.007066,0
325,0.942807,0.970562,0.995204,0.927625,0.962454,0.99518,0.015182,0.008108,0.000024
326,0.944444,0.971429,0.960542,0.962425,0.980853,1,-0.017981,-0.009424,-0.039458
327,0.961602,0.980425,1,0.975383,0.987538,1,-0.013781,-0.007113,0
328,0.949341,0.974012,1,0,0,0,0.949341,0.974012,1
329,0.948109,0.973364,1,0.951513,0.975154,0.964957,-0.003404,-0.00179,0.035043
330,0.967095,0.983272,1,0.958245,0.978677,1,0.00885,0.004595,0
331,0.909636,0.95268,0.874675,0.944749,0.97159,0.959882,-0.035113,-0.01891,-0.085207
332,0.919551,0.958089,0.937357,0.959836,0.979506,1,-0.040285,-0.021417,-0.062643
333,0.953801,0.976354,1,0.96335,0.981333,0.979499,-0.009549,-0.004979,0.020501
334,0.9,0.947368,0.842156,0.979677,0.989734,1,-0.079677,-0.042366,-0.157844
335,0.937362,0.967669,0.955299,0,0,0,0.937362,0.967669,0.955299
336,0.958292,0.978702,1,0.947995,0.973303,1,0.010297,0.005399,0
337,0.933767,0.965749,0.973752,0.819234,0.900636,0.6068,0.114533,0.065113,0.366952
338,0.938099,0.968061,0.980806,0.963048,0.981176,1,-0.024949,-0.013115,-0.019194
339,0.969043,0.984278,1,0,0,0,0.969043,0.984278,1
340,0.953055,0.975963,1,0.960789,0.980003,1,-0.007734,-0.00404,0
341,0.941421,0.969827,0.939932,0,0,0,0.941421,0.969827,0.939932
342,0.936454,0.967184,0.858699,0.949585,0.974141,0.978722,-0.013131,-0.006957,-0.120023
343,0.963763,0.981547,1,0.952238,0.975535,1,0.011525,0.006012,0
344,0.970621,0.985091,1,0.900084,0.947415,0.822879,0.070537,0.037676,0.177121
345,0.918811,0.957688,0.951757,0.930174,0.963824,0.96378,-0.011363,-0.006136,-0.012023
346,0.969374,0.984449,1,0.946191,0.972351,1,0.023183,0.012098,0
347,0.919903,0.958281,0.837261,0,0,0,0.919903,0.958281,0.837261
348,0.943834,0.971106,0.963088,0.939252,0.968675,1,0.004582,0.002431,-0.036912
349,0.913412,0.954747,0.9458,0.932985,0.965331,1,-0.019573,-0.010584,-0.0542
350,0.95004,0.97438,0.985222,0.928168,0.962746,0.960972,0.021872,0.011634,0.02425
351,0.969799,0.984668,1,0.979146,0.989463,1,-0.009347,-0.004795,0
352,0.961523,0.980384,1,0.96942,0.984473,1,-0.007897,-0.004089,0
353,0.938808,0.968438,0.946288,0.941582,0.969912,0.95045,-0.002774,-0.001474,-0.004162
354,0.975616,0.987657,1,0,0,0,0.975616,0.987657,1
355,0.921951,0.959391,0.869903,0.958707,0.978918,1,-0.036756,-0.019527,-0.130097
356,0.955508,0.977248,0.939522,0.973516,0.98658,1,-0.018008,-0.009332,-0.060478
357,0.945823,0.972157,1,0,0,0,0.945823,0.972157,1
358,0.934816,0.96631,0.989442,0.942314,0.9703,0.978721,-0.007498,-0.00399,0.010721
359,0.912216,0.954093,0.809756,0.908389,0.951996,0.73898,0.003827,0.002097,0.070776
360,0.956067,0.97754,1,0.756426,0.861324,0.623712,0.199641,0.116216,0.376288
361,0.942671,0.97049,1,0.565068,0.722101,0.358005,0.377603,0.248389,0.641995
362,0.961806,0.980531,1,0,0,0,0.961806,0.980531,1
363,0.843459,0.915083,0.60795,0,0,0,0.843459,0.915083,0.60795
364,0.961262,0.980249,1,0.938374,0.968207,0.995202,0.022888,0.012042,0.004798
365,0.960805,0.980011,1,0.969181,0.984349,1,-0.008376,-0.004338,0
366,0.965067,0.982223,0.980653,0.965426,0.982409,1,-0.000359,-0.000186,-0.019347
367,0.961604,0.980426,1,0.94408,0.971236,0.994488,0.017524,0.00919,0.005512
368,0.965271,0.982329,1,0.893097,0.94353,0.989031,0.072174,0.038799,0.010969
369,0.963779,0.981555,1,0,0,0,0.963779,0.981555,1
370,0.931188,0.964368,0.880638,0,0,0,0.931188,0.964368,0.880638
371,0.972587,0.986103,1,0.947577,0.973083,1,0.02501,0.01302,0
372,0.946716,0.972629,1,0,0,0,0.946716,0.972629,1
373,0.938968,0.968524,0.900374,0.94155,0.969895,0.980765,-0.002582,-0.001371,-0.080391
374,0.838902,0.912395,0.602705,0,0,0,0.838902,0.912395,0.602705
375,0.973567,0.986607,1,0.971068,0.985322,1,0.002499,0.001285,0
376,0.959145,0.979147,1,0.975762,0.987732,1,-0.016617,-0.008585,0
377,0.828947,0.906475,0.682855,0.944541,0.97148,1,-0.115594,-0.065005,-0.317145
378,0.929255,0.96333,0.900521,0.969988,0.984766,1,-0.040733,-0.021436,-0.099479
379,0.905889,0.950621,0.802108,0.93688,0.967411,0.900819,-0.030991,-0.01679,-0.098711
380,0.966737,0.983087,1,0.976738,0.988232,1,-0.010001,-0.005145,0
381,0.978099,0.988928,1,0,0,0,0.978099,0.988928,1
382,0.45094,0.621583,0.16745,0,0,0,0.45094,0.621583,0.16745
383,0.949283,0.973982,1,0.922992,0.959954,0.890047,0.026291,0.014028,0.109953
384,0.933931,0.965837,0.906157,0.977207,0.988472,1,-0.043276,-0.022635,-0.093843
385,0.925678,0.961405,0.988636,0.957806,0.978448,1,-0.032128,-0.017043,-0.011364
386,0.960359,0.979779,0.997555,0.849946,0.918887,0.603287,0.110413,0.060892,0.394268
387,0.952183,0.975506,1,0.258899,0.41131,0,0.693284,0.564196,1
388,0.967594,0.98353,1,0.961718,0.980485,1,0.005876,0.003045,0
389,0.936599,0.967262,0.973503,0,0,0,0.936599,0.967262,0.973503
390,0.953637,0.976268,1,0.822059,0.902341,0.485516,0.131578,0.073927,0.514484
391,0.773617,0.872361,0.519651,0.812679,0.896661,0.486391,-0.039062,-0.0243,0.03326
392,0.961385,0.980312,1,0.927615,0.962448,0.896932,0.03377,0.017864,0.103068
393,0.925741,0.961438,0.926829,0.958603,0.978864,1,-0.032862,-0.017426,-0.073171
394,0.957083,0.978071,1,0.983315,0.991587,1,-0.026232,-0.013516,0
395,0.927955,0.962631,0.950969,0.967382,0.983421,1,-0.039427,-0.02079,-0.049031
396,0.930688,0.9641,1,0.97977,0.989781,1,-0.049082,-0.025681,0
397,0.946221,0.972367,1,0,0,0,0.946221,0.972367,1
398,0.958539,0.978831,1,0.971848,0.985723,1,-0.013309,-0.006892,0
399,0.957619,0.978351,0.985714,0.98279,0.99132,1,-0.025171,-0.012969,-0.014286
400,0.947322,0.972948,1,0.967822,0.983648,1,-0.0205,-0.0107,0
401,0.929365,0.963389,0.904923,0.960911,0.980066,0.994737,-0.031546,-0.016677,-0.089814
402,0.923094,0.960009,0.810648,0.942303,0.970295,0.888926,-0.019209,-0.010286,-0.078278
403,0.938242,0.968137,0.846626,0.951845,0.975328,1,-0.013603,-0.007191,-0.153374
404,0,0,0,0.847002,0.917164,0.435285,-0.847002,-0.917164,-0.435285
405,0.957041,0.978049,1,0,0,0,0.957041,0.978049,1
406,0.939911,0.969025,0.983378,0.970912,0.985241,1,-0.031001,-0.016216,-0.016622
407,0.9626,0.980944,1,0.948028,0.973321,1,0.014572,0.007623,0
408,0.871841,0.931533,0.709464,0,0,0,0.871841,0.931533,0.709464
409,0.941992,0.97013,0.984226,0.955961,0.977485,1,-0.013969,-0.007355,-0.015774
410,0.95145,0.975121,1,0.24496,0.393522,0,0.70649,0.581599,1
411,0.911904,0.953922,0.743788,0.974672,0.987174,1,-0.062768,-0.033252,-0.256212
412,0.929194,0.963298,0.947536,0.920426,0.958565,0.988821,0.008768,0.004733,-0.041285
413,0.944947,0.971694,0.990338,0.940907,0.969554,0.906853,0.00404,0.00214,0.083485
414,0.939063,0.968574,1,0.977463,0.988603,1,-0.0384,-0.020029,0
415,0.947911,0.973259,0.985838,0.975465,0.98758,1,-0.027554,-0.014321,-0.014162
416,0.896927,0.945663,0.768174,0,0,0,0.896927,0.945663,0.768174
417,0.966164,0.982791,0.997389,0.969463,0.984495,1,-0.003299,-0.001704,-0.002611
418,0.963731,0.98153,1,0.967891,0.983684,1,-0.00416,-0.002154,0
419,0.903657,0.949391,0.848233,0.952268,0.975551,1,-0.048611,-0.02616,-0.151767
420,0.959651,0.97941,1,0,0,0,0.959651,0.97941,1
421,0.92887,0.963124,1,0.933959,0.965852,1,-0.005089,-0.002728,0
422,0.928487,0.962917,0.89694,0.896434,0.945389,0.870491,0.032053,0.017528,0.026449
423,0.919718,0.95818,0.962537,0.830229,0.907241,0.53975,0.089489,0.050939,0.422787
424,0.969666,0.984599,1,0,0,0,0.969666,0.984599,1
425,0.923615,0.960291,0.888302,0.951135,0.974956,0.990171,-0.02752,-0.014665,-0.101869
426,0.918319,0.957421,0.994909,0,0,0,0.918319,0.957421,0.994909
427,0.955013,0.976989,1,0.922078,0.959459,1,0.032935,0.01753,0
428,0.937899,0.967954,1,0.9562,0.97761,1,-0.018301,-0.009656,0
429,0.933978,0.965862,0.961038,0.976996,0.988364,1,-0.043018,-0.022502,-0.038962
430,0.953697,0.9763,1,0.972949,0.986289,1,-0.019252,-0.009989,0
431,0.97073,0.985148,1,0.977496,0.98862,1,-0.006766,-0.003472,0
432,0.804866,0.891884,0.38268,0.833724,0.909323,0.53873,-0.028858,-0.017439,-0.15605
433,0.958307,0.97871,0.973473,0.968031,0.983756,1,-0.009724,-0.005046,-0.026527
434,0.878726,0.935449,0.765081,0,0,0,0.878726,0.935449,0.765081
435,0.898108,0.946319,0.829032,0.927817,0.962557,1,-0.029709,-0.016238,-0.170968
436,0.960746,0.97998,1,0.960657,0.979934,1,0.000089,0.000046,0
437,0.908761,0.9522,0.858633,0,0,0,0.908761,0.9522,0.858633
438,0.860924,0.925265,0.722968,0.902913,0.94898,0.856536,-0.041989,-0.023715,-0.133568
439,0.962382,0.98083,1,0.967968,0.983723,1,-0.005586,-0.002893,0
440,0.950201,0.974465,1,0.95986,0.979519,1,-0.009659,-0.005054,0
441,0.954974,0.976968,1,0.962412,0.980846,1,-0.007438,-0.003878,0
442,0.960533,0.979869,1,0.968608,0.984053,1,-0.008075,-0.004184,0
443,0.905878,0.950615,0.827327,0.966461,0.982945,1,-0.060583,-0.03233,-0.172673
444,0.937332,0.967653,0.934003,0.952705,0.97578,1,-0.015373,-0.008127,-0.065997
445,0.914527,0.955356,1,0.96496,0.982167,1,-0.050433,-0.026811,0
446,0.921141,0.958952,0.859379,0.936427,0.96717,0.893667,-0.015286,-0.008218,-0.034288
447,0.935237,0.966535,0.966824,0.954008,0.976463,1,-0.018771,-0.009928,-0.033176
448,0.959086,0.979116,1,0.652941,0.790036,0.430299,0.306145,0.18908,0.569701
449,0.976959,0.988345,1,0.957897,0.978496,1,0.019062,0.009849,0
450,0.95582,0.977411,1,0.973052,0.986342,1,-0.017232,-0.008931,0
451,0.974981,0.987332,1,0.956259,0.977641,1,0.018722,0.009691,0
452,0.973698,0.986674,1,0.962099,0.980684,1,0.011599,0.00599,0
453,0.918252,0.957384,0.940437,0.328568,0.494619,0,0.589684,0.462765,0.940437
454,0.952876,0.975869,1,0.960305,0.979751,1,-0.007429,-0.003882,0
455,0.948511,0.973575,1,0.970692,0.985128,1,-0.022181,-0.011553,0
456,0.969965,0.984753,1,0,0,0,0.969965,0.984753,1
457,0.952126,0.975476,0.950318,0.968013,0.983747,1,-0.015887,-0.008271,-0.049682
458,0.961527,0.980386,1,0.954545,0.976744,0.984013,0.006982,0.003642,0.015987
459,0.913801,0.954959,0.883239,0,0,0,0.913801,0.954959,0.883239
460,0.954436,0.976687,1,0.947931,0.973269,1,0.006505,0.003418,0
461,0.926244,0.96171,0.850445,0.885427,0.939233,0.887196,0.040817,0.022477,-0.036751
462,0.963744,0.981537,1,0.956252,0.977637,1,0.007492,0.0039,0
463,0.938569,0.968311,1,0.966329,0.982876,1,-0.02776,-0.014565,0
464,0.942774,0.970544,1,0.977266,0.988502,1,-0.034492,-0.017958,0
465,0.966733,0.983085,1,0.961086,0.980157,1,0.005647,0.002928,0
466,0.907459,0.951485,0.77665,0.951708,0.975256,1,-0.044249,-0.023771,-0.22335
467,0.952162,0.975495,1,0.904779,0.950009,1,0.047383,0.025486,0
468,0.882391,0.937521,0.741421,0.926144,0.961656,0.983158,-0.043753,-0.024135,-0.241737
469,0.962014,0.980639,1,0.942054,0.970163,1,0.01996,0.010476,0
470,0.93774,0.96787,0.875336,0.965177,0.98228,1,-0.027437,-0.01441,-0.124664
471,0.935006,0.966411,0.965035,0.954589,0.976767,1,-0.019583,-0.010356,-0.034965
472,0.913793,0.954955,0.810345,0.885557,0.939306,0.63113,0.028236,0.015649,0.179215
473,0.871529,0.931355,0.863147,0,0,0,0.871529,0.931355,0.863147
474,0.937757,0.967879,1,0.963583,0.981454,1,-0.025826,-0.013575,0
475,0.96858,0.984039,1,0,0,0,0.96858,0.984039,1
476,0.934365,0.966069,0.932999,0,0,0,0.934365,0.966069,0.932999
477,0.920946,0.958846,0.787087,0.928702,0.963033,0.819883,-0.007756,-0.004187,-0.032796
478,0.925577,0.961351,0.947017,0.950803,0.974781,0.947844,-0.025226,-0.01343,-0.000827
479,0.97058,0.98507,1,0,0,0,0.97058,0.98507,1
480,1,1,1,1,1,1,0,0,0
481,1,1,1,1,1,1,0,0,0
482,1,1,1,1,1,1,0,0,0
483,1,1,1,1,1,1,0,0,0
484,1,1,1,1,1,1,0,0,0
485,1,1,1,1,1,1,0,0,0
486,1,1,1,1,1,1,0,0,0
487,1,1,1,1,1,1,0,0,0
488,1,1,1,1,1,1,0,0,0
489,1,1,1,1,1,1,0,0,0
490,1,1,1,1,1,1,0,0,0
491,1,1,1,1,1,1,0,0,0
492,1,1,1,1,1,1,0,0,0
493,1,1,1,1,1,1,0,0,0
494,1,1,1,1,1,1,0,0,0
495,1,1,1,1,1,1,0,0,0
496,1,1,1,1,1,1,0,0,0
497,1,1,1,1,1,1,0,0,0
498,1,1,1,1,1,1,0,0,0
499,1,1,1,1,1,1,0,0,0
500,1,1,1,1,1,1,0,0,0
501,1,1,1,1,1,1,0,0,0
502,1,1,1,1,1,1,0,0,0
503,1,1,1,1,1,1,0,0,0
504,1,1,1,1,1,1,0,0,0
505,1,1,1,1,1,1,0,0,0
506,1,1,1,1,1,1,0,0,0
507,1,1,1,1,1,1,0,0,0
508,1,1,1,1,1,1,0,0,0
509,1,1,1,1,1,1,0,0,0
510,1,1,1,1,1,1,0,0,0
511,1,1,1,1,1,1,0,0,0
512,1,1,1,1,1,1,0,0,0
513,1,1,1,1,1,1,0,0,0
514,1,1,1,1,1,1,0,0,0
515,1,1,1,1,1,1,0,0,0
516,1,1,1,1,1,1,0,0,0
517,1,1,1,1,1,1,0,0,0
518,1,1,1,1,1,1,0,0,0
519,1,1,1,1,1,1,0,0,0
520,1,1,1,1,1,1,0,0,0
521,1,1,1,1,1,1,0,0,0
522,1,1,1,1,1,1,0,0,0
523,1,1,1,1,1,1,0,0,0
524,1,1,1,1,1,1,0,0,0
525,1,1,1,1,1,1,0,0,0
526,1,1,1,1,1,1,0,0,0
527,1,1,1,1,1,1,0,0,0
528,1,1,1,1,1,1,0,0,0
529,1,1,1,1,1,1,0,0,0
530,1,1,1,1,1,1,0,0,0
531,1,1,1,1,1,1,0,0,0
532,1,1,1,1,1,1,0,0,0
533,1,1,1,1,1,1,0,0,0
534,1,1,1,1,1,1,0,0,0
535,1,1,1,1,1,1,0,0,0
536,1,1,1,1,1,1,0,0,0
537,1,1,1,1,1,1,0,0,0
538,1,1,1,1,1,1,0,0,0
539,1,1,1,1,1,1,0,0,0
540,1,1,1,1,1,1,0,0,0
541,1,1,1,1,1,1,0,0,0
542,1,1,1,1,1,1,0,0,0
543,1,1,1,1,1,1,0,0,0
544,1,1,1,1,1,1,0,0,0
545,1,1,1,1,1,1,0,0,0
546,1,1,1,1,1,1,0,0,0
547,1,1,1,1,1,1,0,0,0
548,1,1,1,1,1,1,0,0,0
549,1,1,1,1,1,1,0,0,0
550,1,1,1,1,1,1,0,0,0
551,1,1,1,1,1,1,0,0,0
552,1,1,1,1,1,1,0,0,0
553,1,1,1,1,1,1,0,0,0
554,1,1,1,1,1,1,0,0,0
555,1,1,1,1,1,1,0,0,0
556,1,1,1,1,1,1,0,0,0
557,1,1,1,1,1,1,0,0,0
558,1,1,1,1,1,1,0,0,0
559,1,1,1,1,1,1,0,0,0
560,1,1,1,1,1,1,0,0,0
561,1,1,1,1,1,1,0,0,0
562,1,1,1,1,1,1,0,0,0
563,1,1,1,1,1,1,0,0,0
564,1,1,1,1,1,1,0,0,0
565,1,1,1,1,1,1,0,0,0
566,1,1,1,1,1,1,0,0,0
567,1,1,1,1,1,1,0,0,0
568,1,1,1,1,1,1,0,0,0
569,1,1,1,1,1,1,0,0,0
570,1,1,1,1,1,1,0,0,0
571,1,1,1,1,1,1,0,0,0
572,1,1,1,1,1,1,0,0,0
573,1,1,1,1,1,1,0,0,0
574,1,1,1,1,1,1,0,0,0
575,1,1,1,1,1,1,0,0,0
576,1,1,1,1,1,1,0,0,0
577,1,1,1,1,1,1,0,0,0
578,1,1,1,1,1,1,0,0,0
579,1,1,1,1,1,1,0,0,0
580,1,1,1,1,1,1,0,0,0
581,1,1,1,1,1,1,0,0,0
582,1,1,1,1,1,1,0,0,0
583,1,1,1,1,1,1,0,0,0
584,1,1,1,1,1,1,0,0,0
585,1,1,1,1,1,1,0,0,0
586,1,1,1,1,1,1,0,0,0
587,1,1,1,1,1,1,0,0,0
588,1,1,1,1,1,1,0,0,0
589,1,1,1,1,1,1,0,0,0
590,1,1,1,1,1,1,0,0,0
591,1,1,1,1,1,1,0,0,0
592,1,1,1,1,1,1,0,0,0
593,1,1,1,1,1,1,0,0,0
594,1,1,1,1,1,1,0,0,0
595,1,1,1,1,1,1,0,0,0
596,1,1,1,1,1,1,0,0,0
597,1,1,1,1,1,1,0,0,0
598,1,1,1,1,1,1,0,0,0
599,1,1,1,1,1,1,0,0,0
600,1,1,1,1,1,1,0,0,0
601,1,1,1,1,1,1,0,0,0
602,1,1,1,1,1,1,0,0,0
603,1,1,1,1,1,1,0,0,0
604,1,1,1,1,1,1,0,0,0
605,1,1,1,1,1,1,0,0,0
606,1,1,1,1,1,1,0,0,0
607,1,1,1,1,1,1,0,0,0
608,1,1,1,1,1,1,0,0,0
609,1,1,1,1,1,1,0,0,0
610,1,1,1,1,1,1,0,0,0
611,1,1,1,1,1,1,0,0,0
612,1,1,1,1,1,1,0,0,0
613,1,1,1,1,1,1,0,0,0
614,1,1,1,1,1,1,0,0,0
615,1,1,1,1,1,1,0,0,0
616,1,1,1,1,1,1,0,0,0
617,1,1,1,1,1,1,0,0,0
618,1,1,1,1,1,1,0,0,0
619,1,1,1,1,1,1,0,0,0
620,1,1,1,1,1,1,0,0,0
621,1,1,1,1,1,1,0,0,0
622,1,1,1,1,1,1,0,0,0
623,1,1,1,1,1,1,0,0,0
624,1,1,1,1,1,1,0,0,0
625,1,1,1,1,1,1,0,0,0
626,1,1,1,1,1,1,0,0,0
627,1,1,1,1,1,1,0,0,0
628,1,1,1,1,1,1,0,0,0
629,1,1,1,1,1,1,0,0,0
630,1,1,1,1,1,1,0,0,0
631,1,1,1,1,1,1,0,0,0
632,1,1,1,1,1,1,0,0,0
633,1,1,1,1,1,1,0,0,0
634,1,1,1,1,1,1,0,0,0
635,1,1,1,1,1,1,0,0,0
636,1,1,1,1,1,1,0,0,0
637,1,1,1,1,1,1,0,0,0
638,1,1,1,1,1,1,0,0,0
639,1,1,1,1,1,1,0,0,0
640,1,1,1,1,1,1,0,0,0
641,1,1,1,1,1,1,0,0,0
642,1,1,1,1,1,1,0,0,0
643,1,1,1,1,1,1,0,0,0
644,1,1,1,1,1,1,0,0,0
645,1,1,1,1,1,1,0,0,0
646,1,1,1,1,1,1,0,0,0
647,1,1,1,1,1,1,0,0,0
648,1,1,1,1,1,1,0,0,0
649,1,1,1,1,1,1,0,0,0
650,1,1,1,1,1,1,0,0,0
651,1,1,1,1,1,1,0,0,0
652,1,1,1,1,1,1,0,0,0
653,1,1,1,1,1,1,0,0,0
654,1,1,1,1,1,1,0,0,0
655,1,1,1,1,1,1,0,0,0
656,1,1,1,1,1,1,0,0,0
657,1,1,1,1,1,1,0,0,0
658,1,1,1,1,1,1,0,0,0
659,1,1,1,1,1,1,0,0,0
660,1,1,1,1,1,1,0,0,0
661,1,1,1,1,1,1,0,0,0
662,1,1,1,1,1,1,0,0,0
663,1,1,1,1,1,1,0,0,0
664,1,1,1,1,1,1,0,0,0
665,1,1,1,1,1,1,0,0,0
666,1,1,1,1,1,1,0,0,0
667,1,1,1,1,1,1,0,0,0
668,1,1,1,1,1,1,0,0,0
669,1,1,1,1,1,1,0,0,0
670,1,1,1,1,1,1,0,0,0
671,1,1,1,1,1,1,0,0,0
672,1,1,1,1,1,1,0,0,0
673,1,1,1,1,1,1,0,0,0
674,1,1,1,1,1,1,0,0,0
675,1,1,1,1,1,1,0,0,0
676,1,1,1,1,1,1,0,0,0
677,1,1,1,1,1,1,0,0,0
678,1,1,1,1,1,1,0,0,0
679,1,1,1,1,1,1,0,0,0
680,1,1,1,1,1,1,0,0,0
681,1,1,1,1,1,1,0,0,0
682,1,1,1,1,1,1,0,0,0
683,1,1,1,1,1,1,0,0,0
684,1,1,1,1,1,1,0,0,0
685,1,1,1,1,1,1,0,0,0
686,1,1,1,1,1,1,0,0,0
687,1,1,1,1,1,1,0,0,0
688,1,1,1,1,1,1,0,0,0
689,1,1,1,1,1,1,0,0,0
690,1,1,1,1,1,1,0,0,0
691,1,1,1,1,1,1,0,0,0
692,1,1,1,1,1,1,0,0,0
693,1,1,1,1,1,1,0,0,0
694,1,1,1,1,1,1,0,0,0
695,1,1,1,1,1,1,0,0,0
696,1,1,1,1,1,1,0,0,0
697,1,1,1,1,1,1,0,0,0
698,1,1,1,1,1,1,0,0,0
699,1,1,1,1,1,1,0,0,0
700,1,1,1,1,1,1,0,0,0
701,1,1,1,1,1,1,0,0,0
702,1,1,1,1,1,1,0,0,0
703,1,1,1,1,1,1,0,0,0
704,1,1,1,1,1,1,0,0,0
705,1,1,1,1,1,1,0,0,0
706,1,1,1,1,1,1,0,0,0
707,1,1,1,1,1,1,0,0,0
708,1,1,1,1,1,1,0,0,0
709,1,1,1,1,1,1,0,0,0
710,1,1,1,1,1,1,0,0,0
711,1,1,1,1,1,1,0,0,0
712,1,1,1,1,1,1,0,0,0
713,1,1,1,1,1,1,0,0,0
714,1,1,1,1,1,1,0,0,0
715,1,1,1,1,1,1,0,0,0
716,1,1,1,1,1,1,0,0,0
717,1,1,1,1,1,1,0,0,0
718,1,1,1,1,1,1,0,0,0
719,1,1,1,1,1,1,0,0,0
720,1,1,1,1,1,1,0,0,0
721,1,1,1,1,1,1,0,0,0
722,1,1,1,1,1,1,0,0,0
723,1,1,1,1,1,1,0,0,0
724,1,1,1,1,1,1,0,0,0
725,1,1,1,1,1,1,0,0,0
726,1,1,1,1,1,1,0,0,0
727,1,1,1,1,1,1,0,0,0
728,1,1,1,1,1,1,0,0,0
729,1,1,1,1,1,1,0,0,0
730,1,1,1,1,1,1,0,0,0
731,1,1,1,1,1,1,0,0,0
732,1,1,1,1,1,1,0,0,0
733,1,1,1,1,1,1,0,0,0
734,1,1,1,1,1,1,0,0,0
735,1,1,1,1,1,1,0,0,0
736,1,1,1,1,1,1,0,0,0
737,1,1,1,1,1,1,0,0,0
738,1,1,1,1,1,1,0,0,0
739,1,1,1,1,1,1,0,0,0
740,1,1,1,1,1,1,0,0,0
741,1,1,1,1,1,1,0,0,0
742,1,1,1,1,1,1,0,0,0
743,1,1,1,1,1,1,0,0,0
744,1,1,1,1,1,1,0,0,0
745,1,1,1,1,1,1,0,0,0
746,1,1,1,1,1,1,0,0,0
747,1,1,1,1,1,1,0,0,0
748,1,1,1,1,1,1,0,0,0
749,1,1,1,1,1,1,0,0,0
750,1,1,1,1,1,1,0,0,0
751,1,1,1,1,1,1,0,0,0
752,1,1,1,1,1,1,0,0,0
753,1,1,1,1,1,1,0,0,0
754,1,1,1,1,1,1,0,0,0
755,1,1,1,1,1,1,0,0,0
756,1,1,1,1,1,1,0,0,0
757,1,1,1,1,1,1,0,0,0
758,1,1,1,1,1,1,0,0,0
759,1,1,1,1,1,1,0,0,0
760,1,1,1,1,1,1,0,0,0
761,1,1,1,1,1,1,0,0,0
762,1,1,1,1,1,1,0,0,0
763,1,1,1,1,1,1,0,0,0
764,1,1,1,1,1,1,0,0,0
765,1,1,1,1,1,1,0,0,0
766,1,1,1,1,1,1,0,0,0
767,1,1,1,1,1,1,0,0,0
768,1,1,1,1,1,1,0,0,0
769,1,1,1,1,1,1,0,0,0
770,1,1,1,1,1,1,0,0,0
771,1,1,1,1,1,1,0,0,0
772,1,1,1,1,1,1,0,0,0
773,1,1,1,1,1,1,0,0,0
774,1,1,1,1,1,1,0,0,0
775,1,1,1,1,1,1,0,0,0
776,1,1,1,1,1,1,0,0,0
777,1,1,1,1,1,1,0,0,0
778,1,1,1,1,1,1,0,0,0
779,1,1,1,1,1,1,0,0,0
780,1,1,1,1,1,1,0,0,0
781,1,1,1,1,1,1,0,0,0
782,1,1,1,1,1,1,0,0,0
783,1,1,1,1,1,1,0,0,0
784,1,1,1,1,1,1,0,0,0
785,1,1,1,1,1,1,0,0,0
786,1,1,1,1,1,1,0,0,0
787,1,1,1,1,1,1,0,0,0
788,1,1,1,1,1,1,0,0,0
789,1,1,1,1,1,1,0,0,0
790,1,1,1,1,1,1,0,0,0
791,1,1,1,1,1,1,0,0,0
792,1,1,1,1,1,1,0,0,0
793,1,1,1,1,1,1,0,0,0
794,1,1,1,1,1,1,0,0,0
795,1,1,1,1,1,1,0,0,0
796,1,1,1,1,1,1,0,0,0
797,1,1,1,1,1,1,0,0,0
798,1,1,1,1,1,1,0,0,0
799,1,1,1,1,1,1,0,0,0
800,1,1,1,1,1,1,0,0,0
801,1,1,1,1,1,1,0,0,0
802,1,1,1,1,1,1,0,0,0
803,1,1,1,1,1,1,0,0,0
804,1,1,1,1,1,1,0,0,0
805,1,1,1,1,1,1,0,0,0
806,1,1,1,1,1,1,0,0,0
807,1,1,1,1,1,1,0,0,0
808,1,1,1,1,1,1,0,0,0
809,1,1,1,1,1,1,0,0,0
810,1,1,1,1,1,1,0,0,0
811,1,1,1,1,1,1,0,0,0
812,1,1,1,1,1,1,0,0,0
813,1,1,1,1,1,1,0,0,0
814,1,1,1,1,1,1,0,0,0
815,1,1,1,1,1,1,0,0,0
816,1,1,1,1,1,1,0,0,0
817,1,1,1,1,1,1,0,0,0
818,1,1,1,1,1,1,0,0,0
819,1,1,1,1,1,1,0,0,0
820,1,1,1,1,1,1,0,0,0
821,1,1,1,1,1,1,0,0,0
822,1,1,1,1,1,1,0,0,0
823,1,1,1,1,1,1,0,0,0
824,1,1,1,1,1,1,0,0,0
825,1,1,1,1,1,1,0,0,0
826,1,1,1,1,1,1,0,0,0
827,1,1,1,1,1,1,0,0,0
828,1,1,1,1,1,1,0,0,0
829,1,1,1,1,1,1,0,0,0
830,1,1,1,1,1,1,0,0,0
831,1,1,1,1,1,1,0,0,0
832,1,1,1,1,1,1,0,0,0
833,1,1,1,1,1,1,0,0,0
834,1,1,1,1,1,1,0,0,0
835,1,1,1,1,1,1,0,0,0
836,1,1,1,1,1,1,0,0,0
837,1,1,1,1,1,1,0,0,0
838,1,1,1,1,1,1,0,0,0
839,1,1,1,1,1,1,0,0,0
840,1,1,1,1,1,1,0,0,0
841,1,1,1,1,1,1,0,0,0
842,1,1,1,1,1,1,0,0,0
843,1,1,1,1,1,1,0,0,0
844,1,1,1,1,1,1,0,0,0
845,1,1,1,1,1,1,0,0,0
846,1,1,1,1,1,1,0,0,0
847,1,1,1,1,1,1,0,0,0
848,1,1,1,1,1,1,0,0,0
849,1,1,1,1,1,1,0,0,0
850,1,1,1,1,1,1,0,0,0
851,1,1,1,1,1,1,0,0,0
852,1,1,1,1,1,1,0,0,0
853,1,1,1,1,1,1,0,0,0
854,1,1,1,1,1,1,0,0,0
855,1,1,1,1,1,1,0,0,0
856,1,1,1,1,1,1,0,0,0
857,1,1,1,1,1,1,0,0,0
858,1,1,1,1,1,1,0,0,0
859,1,1,1,1,1,1,0,0,0
860,1,1,1,1,1,1,0,0,0
861,1,1,1,1,1,1,0,0,0
862,1,1,1,1,1,1,0,0,0
863,1,1,1,1,1,1,0,0,0
864,1,1,1,1,1,1,0,0,0
865,1,1,1,1,1,1,0,0,0
866,1,1,1,1,1,1,0,0,0
867,1,1,1,1,1,1,0,0,0
868,1,1,1,1,1,1,0,0,0
869,1,1,1,1,1,1,0,0,0
870,1,1,1,1,1,1,0,0,0
871,1,1,1,1,1,1,0,0,0
872,1,1,1,1,1,1,0,0,0
873,1,1,1,1,1,1,0,0,0
874,1,1,1,1,1,1,0,0,0
875,1,1,1,1,1,1,0,0,0
876,1,1,1,1,1,1,0,0,0
877,1,1,1,1,1,1,0,0,0
878,1,1,1,1,1,1,0,0,0
879,1,1,1,1,1,1,0,0,0
880,1,1,1,1,1,1,0,0,0
881,1,1,1,1,1,1,0,0,0
882,1,1,1,1,1,1,0,0,0
883,1,1,1,1,1,1,0,0,0
884,1,1,1,1,1,1,0,0,0
885,1,1,1,1,1,1,0,0,0
886,1,1,1,1,1,1,0,0,0
887,1,1,1,1,1,1,0,0,0
888,1,1,1,1,1,1,0,0,0
889,1,1,1,1,1,1,0,0,0
890,1,1,1,1,1,1,0,0,0
891,1,1,1,1,1,1,0,0,0
892,1,1,1,1,1,1,0,0,0
893,1,1,1,1,1,1,0,0,0
894,1,1,1,1,1,1,0,0,0
895,1,1,1,1,1,1,0,0,0
896,1,1,1,1,1,1,0,0,0
897,1,1,1,1,1,1,0,0,0
898,1,1,1,1,1,1,0,0,0
899,1,1,1,1,1,1,0,0,0
900,1,1,1,1,1,1,0,0,0
901,1,1,1,1,1,1,0,0,0
902,1,1,1,1,1,1,0,0,0
903,1,1,1,1,1,1,0,0,0
904,1,1,1,1,1,1,0,0,0
905,1,1,1,1,1,1,0,0,0
906,1,1,1,1,1,1,0,0,0
907,1,1,1,1,1,1,0,0,0
908,1,1,1,1,1,1,0,0,0
909,1,1,1,1,1,1,0,0,0
910,1,1,1,1,1,1,0,0,0
911,1,1,1,1,1,1,0,0,0
912,1,1,1,1,1,1,0,0,0
913,1,1,1,1,1,1,0,0,0
914,1,1,1,1,1,1,0,0,0
915,1,1,1,1,1,1,0,0,0
916,1,1,1,1,1,1,0,0,0
917,1,1,1,1,1,1,0,0,0
918,1,1,1,1,1,1,0,0,0
919,1,1,1,1,1,1,0,0,0
920,1,1,1,1,1,1,0,0,0
921,1,1,1,1,1,1,0,0,0
922,1,1,1,1,1,1,0,0,0
923,1,1,1,1,1,1,0,0,0
924,1,1,1,1,1,1,0,0,0
925,1,1,1,1,1,1,0,0,0
926,1,1,1,1,1,1,0,0,0
927,1,1,1,1,1,1,0,0,0
928,1,1,1,1,1,1,0,0,0
929,1,1,1,1,1,1,0,0,0
930,1,1,1,1,1,1,0,0,0
931,1,1,1,1,1,1,0,0,0
932,1,1,1,1,1,1,0,0,0
933,1,1,1,1,1,1,0,0,0
934,1,1,1,1,1,1,0,0,0
935,1,1,1,1,1,1,0,0,0
936,1,1,1,1,1,1,0,0,0
937,1,1,1,1,1,1,0,0,0
938,1,1,1,1,1,1,0,0,0
939,1,1,1,1,1,1,0,0,0
940,1,1,1,1,1,1,0,0,0
941,1,1,1,1,1,1,0,0,0
942,1,1,1,1,1,1,0,0,0
943,1,1,1,1,1,1,0,0,0
944,1,1,1,1,1,1,0,0,0
945,1,1,1,1,1,1,0,0,0
946,1,1,1,1,1,1,0,0,0
947,1,1,1,1,1,1,0,0,0
948,1,1,1,1,1,1,0,0,0
949,1,1,1,1,1,1,0,0,0
950,1,1,1,1,1,1,0,0,0
951,1,1,1,1,1,1,0,0,0
952,1,1,1,1,1,1,0,0,0
953,1,1,1,1,1,1,0,0,0
954,1,1,1,1,1,1,0,0,0
955,1,1,1,1,1,1,0,0,0
956,1,1,1,1,1,1,0,0,0
957,1,1,1,1,1,1,0,0,0
958,1,1,1,1,1,1,0,0,0
959,1,1,1,1,1,1,0,0,0