image_id,unetpp_iou,unetpp_dice,unetpp_bf_score,attenunet_iou,attenunet_dice,attenunet_bf_score,ensemble_iou,ensemble_dice,ensemble_bf_score,notes
0,0.969215,0.984367,1,0.954808,0.976882,1,0.964346,0.98185,1,
1,0.945249,0.971854,1,0.939574,0.968846,0.904985,0.945283,0.971872,1,
2,0.932862,0.965265,0.939759,0.941902,0.970082,0.933257,0.939778,0.968954,0.933735,
3,0.954747,0.97685,1,0.952004,0.975412,1,0.959202,0.979176,1,
4,0.955455,0.97722,1,0.927843,0.962571,0.9941,0.944088,0.97124,1,
5,0.944154,0.971275,1,0.964943,0.982159,1,0.957143,0.978102,1,
6,0.964972,0.982174,1,0.949176,0.973926,1,0.962838,0.981067,1,
7,0.937584,0.967787,0.939227,0.92797,0.96264,0.983333,0.934415,0.966096,0.983333,
8,0.95348,0.976186,1,0.967372,0.983415,1,0.961085,0.980157,1,
9,0.944802,0.971617,1,0.950838,0.9748,1,0.949146,0.97391,1,
10,0.957672,0.978378,1,0.962741,0.981017,1,0.966412,0.982919,1,
11,0.935869,0.966872,1,0.959626,0.979397,1,0.956571,0.977803,1,
12,0.974274,0.986969,1,0.977565,0.988655,1,0.983782,0.991825,1,
13,0.958104,0.978604,1,0.95633,0.977678,1,0.955213,0.977094,1,
14,0.901435,0.948163,0.894858,0.919106,0.957848,0.964636,0.911417,0.953656,0.92385,
15,0.943691,0.97103,1,0.95322,0.97605,1,0.952413,0.975627,1,
16,0.959957,0.979569,1,0.949458,0.974074,1,0.958755,0.978943,1,
17,0.910421,0.95311,0.82296,0.910242,0.953013,0.797688,0.911701,0.953811,0.816151,
18,0.966064,0.982739,1,0.949588,0.974142,1,0.955252,0.977114,1,
19,0.959599,0.979383,1,0.973184,0.98641,1,0.970946,0.985259,1,
20,0.954563,0.976753,1,0.954184,0.976555,1,0.952741,0.975799,1,
21,0.941201,0.96971,1,0.943987,0.971186,1,0.942952,0.970638,1,
22,0.960526,0.979866,1,0.945739,0.972113,0.982248,0.955367,0.977174,0.988165,
23,0.956951,0.978002,1,0.955608,0.9773,1,0.959176,0.979162,1,
24,0.958884,0.97901,1,0.942442,0.970368,1,0.954683,0.976816,1,
25,0.931618,0.964598,1,0.918516,0.957527,0.971176,0.925302,0.961202,1,
26,0.97283,0.986228,1,0.960253,0.979723,0.965107,0.971107,0.985342,1,
27,0.942693,0.970501,1,0.94347,0.970913,1,0.950502,0.974623,1,
28,0.920775,0.958754,0.893855,0.906703,0.951069,0.86044,0.913205,0.954634,0.899552,
29,0.8836,0.938203,0.840652,0.896637,0.945502,0.898009,0.894423,0.94427,0.901961,
30,0.969174,0.984346,1,0.972572,0.986095,1,0.973053,0.986342,1,
31,0.967263,0.983359,1,0.954927,0.976944,1,0.96374,0.981535,1,
32,0.897765,0.946129,0.88171,0.855838,0.92232,0.745857,0.868167,0.929432,0.782281,
33,0.908983,0.952321,0.817722,0.919841,0.958247,1,0.924182,0.960597,0.969591,
34,0.899326,0.946995,0.970722,0.887988,0.940671,0.869887,0.891111,0.942421,0.934979,
35,0.966833,0.983137,1,0.971613,0.985602,1,0.972372,0.985992,1,
36,0.958292,0.978702,1,0.95919,0.97917,1,0.962358,0.980818,1,
37,0.899414,0.947044,0.905921,0.906189,0.950786,0.88487,0.903969,0.949563,0.892052,
38,0.956202,0.97761,1,0.957221,0.978143,1,0.968198,0.983842,1,
39,0.943057,0.970694,1,0.929327,0.963369,1,0.945407,0.971938,1,
40,0.950617,0.974684,1,0.959518,0.979341,1,0.961422,0.980332,1,
41,0.963768,0.98155,1,0.948431,0.973533,0.994286,0.965855,0.982631,1,
42,0.925194,0.961144,1,0.933508,0.965611,0.955739,0.933965,0.965855,0.972421,
43,0.967824,0.983649,1,0.932287,0.964957,1,0.950219,0.974474,1,
44,0.975164,0.987426,1,0.949577,0.974136,1,0.95883,0.978982,1,
45,0.905367,0.950334,0.870109,0.919582,0.958106,0.936713,0.909996,0.952878,0.858404,
46,0.924383,0.960706,1,0.95045,0.974596,1,0.938161,0.968094,1,
47,0.96419,0.981768,1,0.960197,0.979694,1,0.962399,0.980839,1,
48,0.95753,0.978304,1,0.956888,0.977969,1,0.965913,0.982661,1,
49,0.967604,0.983535,1,0.959159,0.979154,1,0.966972,0.983209,1,
50,0.951558,0.975178,1,0.963504,0.981413,1,0.958602,0.978864,1,
51,0.901823,0.948377,1,0.871592,0.931391,0.801892,0.892814,0.943372,0.94175,
52,0.982554,0.9912,1,0.942608,0.970456,0.959784,0.958563,0.978843,0.994253,
53,0.962792,0.981044,1,0.954755,0.976854,1,0.96238,0.980829,1,
54,0.97314,0.986387,1,0.957018,0.978037,1,0.967984,0.983731,1,
55,0.873892,0.932702,0.747258,0.909797,0.952768,0.816721,0.893511,0.943761,0.794498,
56,0.945042,0.971745,1,0.943498,0.970928,1,0.948609,0.973627,1,
57,0.951166,0.974972,1,0.922654,0.959771,0.974996,0.945525,0.972,1,
58,0.945871,0.972183,1,0.944048,0.971219,1,0.947327,0.972951,1,
59,0.92487,0.960969,0.971128,0.922483,0.959679,0.988473,0.934566,0.966176,1,
60,0.909454,0.95258,0.993918,0.911085,0.953474,0.945593,0.9136,0.954849,0.987836,
61,0.936568,0.967245,0.949719,0.920028,0.958348,0.82719,0.929213,0.963308,0.913272,
62,0.95669,0.977866,1,0.959646,0.979408,1,0.961435,0.980338,1,
63,0.936385,0.967147,0.99408,0.917777,0.957126,0.86953,0.925585,0.961355,0.988125,
64,0.972541,0.986079,1,0.968374,0.983933,1,0.971982,0.985792,1,
65,0.972541,0.986079,1,0.968374,0.983933,1,0.971982,0.985792,1,
66,0.941917,0.97009,0.927434,0.934403,0.966089,0.98319,0.940847,0.969522,0.963631,
67,0.945825,0.972158,1,0.961491,0.980367,1,0.956021,0.977516,1,
68,0.966456,0.982942,1,0.946596,0.972565,1,0.955144,0.977058,1,
69,0.935629,0.966744,1,0.939782,0.968956,1,0.942083,0.970178,1,
70,0.951087,0.97493,1,0.956943,0.977998,1,0.972061,0.985833,1,
71,0.950842,0.974802,1,0.924458,0.960746,1,0.946816,0.972681,1,
72,0.963477,0.981399,1,0.964156,0.981751,1,0.96474,0.982054,1,
73,0.944989,0.971717,1,0.970962,0.985267,1,0.964592,0.981977,1,
74,0.965327,0.982358,1,0.967605,0.983536,1,0.973529,0.986587,1,
75,0.961948,0.980605,1,0.939211,0.968653,1,0.958418,0.978768,1,
76,0.941869,0.970064,1,0.914418,0.955296,0.959869,0.924938,0.961005,0.994301,
77,0.962811,0.981053,1,0.882374,0.937512,0.906895,0.934269,0.966018,1,
78,0.960092,0.97964,1,0.965654,0.982527,1,0.96627,0.982846,1,
79,0.958511,0.978816,1,0.953537,0.976216,1,0.962478,0.98088,1,
80,0.956751,0.977898,1,0.956982,0.978018,1,0.96257,0.980928,1,
81,0.971816,0.985706,1,0.951132,0.974954,1,0.978801,0.989287,1,
82,0.934266,0.966016,0.916866,0.949426,0.974057,1,0.941634,0.96994,1,
83,0.957286,0.978177,1,0.935733,0.966799,0.962243,0.963557,0.98144,1,
84,0.969466,0.984496,1,0.961699,0.980476,1,0.968663,0.984082,1,
85,0.921762,0.959289,0.953127,0.911776,0.953852,0.970413,0.913323,0.954698,0.958818,
86,0.969303,0.984412,1,0.974925,0.987303,1,0.976557,0.98814,1,
87,0.967562,0.983514,1,0.960208,0.9797,1,0.965925,0.982667,1,
88,0.96462,0.981992,1,0.97104,0.985307,1,0.973849,0.986751,1,
89,0.927204,0.962227,0.95492,0.916158,0.956244,0.86474,0.920273,0.958481,0.901426,
90,0.977843,0.988797,1,0.965015,0.982196,1,0.972037,0.98582,1,
91,0.897017,0.945713,0.828571,0.922189,0.95952,0.988265,0.902421,0.948708,0.901829,
92,0.945373,0.97192,0.994011,0.954746,0.976849,1,0.95987,0.979524,1,
93,0.90478,0.95001,0.924011,0.901815,0.948373,0.888735,0.90123,0.948049,0.918259,
94,0.975485,0.98759,1,0.964298,0.981824,1,0.971225,0.985403,1,
95,0.934241,0.966003,0.951988,0.958931,0.979035,1,0.950217,0.974473,1,
96,0.945044,0.971746,0.977835,0.956657,0.977849,1,0.961248,0.980241,1,
97,0.945226,0.971842,1,0.949868,0.97429,1,0.950161,0.974444,1,
98,0.929791,0.963618,1,0.931289,0.964422,1,0.936062,0.966975,1,
99,0.971202,0.985391,1,0.935809,0.96684,1,0.954863,0.97691,1,
100,0.953136,0.976006,1,0.954183,0.976554,1,0.955229,0.977102,1,
101,0.924024,0.960512,0.849246,0.924647,0.960848,0.956567,0.925897,0.961523,0.912898,
102,0.965829,0.982618,1,0.955283,0.97713,0.97814,0.960347,0.979772,1,
103,0.915912,0.956111,0.92397,0.93998,0.969062,1,0.927798,0.962547,0.961749,
104,0.977003,0.988368,1,0.946031,0.972267,1,0.970619,0.985091,1,
105,0.95122,0.975,0.983636,0.943562,0.970962,1,0.950435,0.974588,1,
106,0.955412,0.977197,1,0.956373,0.9777,1,0.964095,0.981719,1,
107,0.93516,0.966494,0.982283,0.930108,0.963788,0.994099,0.934439,0.966108,0.994065,
108,0.950284,0.974508,1,0.953481,0.976186,1,0.961061,0.980144,1,
109,0.965166,0.982274,1,0.957447,0.978261,1,0.963863,0.981599,1,
110,0.973243,0.98644,1,0.957898,0.978496,1,0.966741,0.983089,1,
111,0.942833,0.970576,1,0.95071,0.974732,1,0.947938,0.973273,1,
112,0.924318,0.960671,0.840237,0.942432,0.970363,0.935483,0.948037,0.973325,0.917397,
113,0.907921,0.951739,0.951218,0.879377,0.935818,0.735868,0.893735,0.943886,0.923789,
114,0.955385,0.977183,1,0.968789,0.984147,1,0.964363,0.981858,1,
115,0.958713,0.978921,0.994666,0.930248,0.963863,0.909145,0.943152,0.970745,0.973255,
116,0.956195,0.977607,1,0.941841,0.97005,1,0.948095,0.973356,1,
117,0.940661,0.969423,1,0.923742,0.96036,0.909933,0.930912,0.96422,0.98795,
118,0.929639,0.963537,0.916905,0.829138,0.906589,0.701522,0.854959,0.921809,0.734185,
119,0.937354,0.967664,1,0.940621,0.969402,1,0.944911,0.971675,1,
120,0.931682,0.964633,1,0.942388,0.97034,1,0.93975,0.968939,1,
121,0.960326,0.979762,1,0.960586,0.979897,1,0.967054,0.983251,1,
122,0.944467,0.971441,1,0.931384,0.964473,1,0.937908,0.96796,1,
123,0.926299,0.961739,1,0.929591,0.963511,1,0.929175,0.963287,1,
124,0.916446,0.956401,0.859942,0.917158,0.956789,0.86686,0.921148,0.958956,0.846995,
125,0.951115,0.974945,1,0.921273,0.959024,1,0.936838,0.967389,1,
126,0.980734,0.990273,1,0.967359,0.983409,1,0.978091,0.988924,1,
127,0.962039,0.980653,1,0.959404,0.979282,1,0.961653,0.980452,1,
128,0.955155,0.977063,1,0.951543,0.97517,1,0.958691,0.97891,1,
129,0.963355,0.981336,1,0.931809,0.964701,0.921136,0.951358,0.975073,1,
130,0.953959,0.976437,1,0.953448,0.976169,1,0.956278,0.977651,1,
131,0.968016,0.983748,1,0.92654,0.961869,0.85299,0.939317,0.968709,0.890283,
132,0.97596,0.987834,1,0.957588,0.978335,1,0.965344,0.982367,1,
133,0.947632,0.973112,1,0.960663,0.979937,1,0.960665,0.979938,1,
134,0,0,0,0,0,0,0,0,0,
135,0.941176,0.969697,1,0.948162,0.973391,1,0.950795,0.974777,1,
136,0.95677,0.977908,1,0.964925,0.982149,1,0.966954,0.983199,1,
137,0.975212,0.987451,1,0.973836,0.986745,1,0.97619,0.987952,1,
138,0.932981,0.965329,0.964072,0.908696,0.952164,0.909879,0.924407,0.960719,0.964072,
139,0.973507,0.986576,1,0.977947,0.988851,1,0.981356,0.99059,1,
140,0.972644,0.986133,1,0.964046,0.981694,1,0.968708,0.984105,1,
141,0.923054,0.959988,0.930963,0.903857,0.949501,0.893179,0.913416,0.954749,0.915816,
142,0.913198,0.95463,0.919166,0.926993,0.962114,1,0.928802,0.963087,1,
143,0.963644,0.981485,1,0.938925,0.968501,0.9264,0.948602,0.973623,0.984424,
144,0.938768,0.968417,1,0.94339,0.97087,1,0.940084,0.969117,1,
145,0.95274,0.975798,1,0.934804,0.966303,1,0.947644,0.973118,1,
146,0.957606,0.978344,1,0.960723,0.979968,1,0.958229,0.978669,1,
147,0.890378,0.942011,0.747379,0.89287,0.943403,0.788628,0.892696,0.943307,0.765675,
148,0.957134,0.978097,1,0.93099,0.964262,1,0.947556,0.973072,1,
149,0.948675,0.973662,1,0.954193,0.97656,1,0.952925,0.975895,1,
150,0.963702,0.981515,0.983561,0.953268,0.976075,0.945044,0.963946,0.981642,0.956159,
151,0.938909,0.968492,0.957831,0.896006,0.945151,0.798145,0.910507,0.953158,0.830777,
152,0.95,0.974359,1,0.963401,0.981359,1,0.963176,0.981243,1,
153,0.95752,0.978299,1,0.948747,0.9737,1,0.958684,0.978906,1,
154,0.977124,0.98843,1,0.964299,0.981825,1,0.967835,0.983655,1,
155,0.925498,0.961308,1,0.96609,0.982753,1,0.944897,0.971668,1,
156,0.928192,0.962759,0.988761,0.921344,0.959062,1,0.935403,0.966624,1,
157,0.8979,0.946204,0.873388,0.924021,0.96051,0.967331,0.91016,0.952967,0.95672,
158,0.963707,0.981518,1,0.945946,0.972222,1,0.955944,0.977476,1,
159,0.945966,0.972233,0.98847,0.937179,0.967571,1,0.950018,0.974369,1,
160,0.904737,0.949986,0.947566,0.929795,0.963621,1,0.927095,0.962168,0.978785,
161,0.957162,0.978112,1,0.9609,0.98006,1,0.964434,0.981895,1,
162,0.959239,0.979196,1,0.961969,0.980616,1,0.960312,0.979754,1,
163,0.939229,0.968662,1,0.943683,0.971025,1,0.940945,0.969574,1,
164,0.762453,0.865218,0.329031,0.776266,0.874043,0.284228,0.772499,0.87165,0.289809,
165,0.983446,0.991654,1,0.970741,0.985153,1,0.978723,0.989247,1,
166,0.95082,0.97479,1,0.947304,0.972939,1,0.95341,0.97615,1,
167,0.971014,0.985294,1,0.966717,0.983077,1,0.970331,0.984942,1,
168,0.944951,0.971696,1,0.921101,0.95893,0.938928,0.930726,0.96412,1,
169,0.951364,0.975076,0.994594,0.980372,0.990089,1,0.968291,0.98389,1,
170,0.955844,0.977424,1,0.957246,0.978156,1,0.95509,0.977029,1,
171,0.975974,0.987841,1,0.970481,0.985019,1,0.97378,0.986716,1,
172,0.94543,0.97195,1,0.904356,0.949776,0.929125,0.926012,0.961585,1,
173,0.909901,0.952825,0.863582,0.940597,0.96939,0.96143,0.934062,0.965907,0.886427,
174,0.934875,0.966341,1,0.928544,0.962948,0.970495,0.932558,0.965102,0.994117,
175,0.936289,0.967096,0.924021,0.959066,0.979106,1,0.944003,0.971195,0.956489,
176,0.922023,0.959429,0.968254,0.944887,0.971662,1,0.932642,0.965147,1,
177,0.941744,0.969998,0.989129,0.904496,0.949854,0.940043,0.918705,0.95763,0.961845,
178,0.951057,0.974915,1,0.928626,0.962992,0.947455,0.937332,0.967652,1,
179,0.923611,0.960289,1,0.90625,0.95082,1,0.923919,0.960455,1,
180,0.963121,0.981214,1,0.940601,0.969392,1,0.964363,0.981858,1,
181,0.950109,0.974416,1,0.933357,0.96553,0.943244,0.944644,0.971534,1,
182,0.966696,0.983066,1,0.946565,0.972549,0.964099,0.964768,0.982068,1,
183,0.955583,0.977287,1,0.953444,0.976167,0.962579,0.953561,0.976229,1,
184,0.921931,0.95938,0.948505,0.913351,0.954713,0.994818,0.920701,0.958713,1,
185,0.974597,0.987135,1,0.967897,0.983687,1,0.97619,0.987952,1,
186,0.970806,0.985187,1,0.965532,0.982464,1,0.975588,0.987643,1,
187,0.966601,0.983017,1,0.976917,0.988324,1,0.976835,0.988282,1,
188,0.974306,0.986986,1,0.964213,0.981781,1,0.970418,0.984987,1,
189,0.980596,0.990203,1,0.970924,0.985248,1,0.976075,0.987893,1,
190,0.929542,0.963485,0.994651,0.943343,0.970845,0.994666,0.942496,0.970397,1,
191,0.951919,0.975368,1,0.961146,0.980188,1,0.959359,0.979258,1,
192,0.982401,0.991123,1,0.981213,0.990518,1,0.985485,0.992689,1,
193,0.933871,0.965805,1,0.924679,0.960866,0.981873,0.928457,0.962901,0.993958,
194,0.958227,0.978668,1,0.957311,0.97819,1,0.959158,0.979153,1,
195,0.949718,0.974211,1,0.946856,0.972703,1,0.955411,0.977197,1,
196,0.970412,0.984984,1,0.958403,0.97876,1,0.967667,0.983568,1,
197,0.941097,0.969655,1,0.94447,0.971442,1,0.950045,0.974383,1,
198,0.962189,0.98073,1,0.957995,0.978547,1,0.964045,0.981693,1,
199,0.94914,0.973907,1,0.962164,0.980717,1,0.969729,0.984632,1,
200,0.962813,0.981054,1,0.95296,0.975914,1,0.964663,0.982014,1,
201,0.966825,0.983133,1,0.965194,0.982289,1,0.969983,0.984763,1,
202,0.834596,0.909842,0.756181,0.884743,0.938847,0.830399,0.887427,0.940357,0.871963,
203,0.941438,0.969836,1,0.914969,0.955596,0.96405,0.933307,0.965503,0.993974,
204,0.964846,0.982109,1,0.968367,0.983929,1,0.972014,0.985808,1,
205,0.940311,0.969237,0.987576,0.938767,0.968416,1,0.945923,0.97221,1,
206,0.944934,0.971687,1,0.941112,0.969663,1,0.942899,0.97061,1,
207,0.959897,0.979538,1,0.935002,0.966409,1,0.955433,0.977208,1,
208,0.974113,0.986887,1,0.945766,0.972127,1,0.962396,0.980838,1,
209,0.958126,0.978615,1,0.929306,0.963358,0.947975,0.946844,0.972696,1,
210,0.936431,0.967172,0.929995,0.963735,0.981532,1,0.952237,0.975534,1,
211,0.96822,0.983853,1,0.926168,0.961669,1,0.945244,0.971851,1,
212,0.924639,0.960844,0.983113,0.922376,0.959621,1,0.927254,0.962254,1,
213,0.95386,0.976385,1,0.947534,0.97306,1,0.950406,0.974572,1,
214,0.911133,0.953501,0.899807,0.914226,0.955191,0.937576,0.921098,0.958929,0.921348,
215,0.943007,0.970668,1,0.958289,0.9787,1,0.956352,0.977689,1,
216,0.950137,0.974431,1,0.94645,0.972488,1,0.951066,0.974919,1,
217,0.938696,0.968379,1,0.957126,0.978093,1,0.9477,0.973148,1,
218,0.974104,0.986882,1,0.950697,0.974725,1,0.967201,0.983327,1,
219,0.975485,0.98759,1,0.961109,0.980169,1,0.969111,0.984313,1,
220,0.93353,0.965623,1,0.942082,0.970177,0.965308,0.9375,0.967742,1,
221,0.972557,0.986088,1,0.968201,0.983844,1,0.974325,0.986995,1,
222,0.948188,0.973405,1,0.946247,0.972381,0.98129,0.946298,0.972408,1,
223,0.831807,0.908182,0.687054,0.874169,0.93286,0.920174,0.849234,0.918471,0.773192,
224,0.915388,0.955825,0.979726,0.864865,0.927536,0.932419,0.892262,0.943064,0.972968,
225,0.942867,0.970593,0.988949,0.942877,0.970599,0.972297,0.94974,0.974222,0.983423,
226,0.936067,0.966978,0.977337,0.955245,0.97711,1,0.952195,0.975512,1,
227,0.952744,0.9758,1,0.923222,0.960078,0.882968,0.939796,0.968963,0.964911,
228,0.977601,0.988674,1,0.96221,0.980741,1,0.971634,0.985613,1,
229,0.940671,0.969429,1,0.959006,0.979074,1,0.956989,0.978022,1,
230,0.966586,0.983009,1,0.943131,0.970733,1,0.954311,0.976622,1,
231,0.947785,0.973193,1,0.904882,0.950066,0.989967,0.922958,0.959936,1,
232,0.819563,0.900835,0.543343,0.826837,0.905211,0.52855,0.823289,0.903081,0.526986,
233,0.938677,0.968369,1,0.926471,0.961832,0.987877,0.936451,0.967183,1,
234,0.933873,0.965806,0.950107,0.942451,0.970373,0.977901,0.942847,0.970583,0.972314,
235,0.938298,0.968167,0.96006,0.921254,0.959013,0.994186,0.936147,0.967021,0.988472,
236,0.937135,0.967548,0.983648,0.926306,0.961743,0.983739,0.931914,0.964757,0.994565,
237,0.950287,0.97451,1,0.950287,0.97451,1,0.950605,0.974677,1,
238,0.968605,0.984052,1,0.958293,0.978702,1,0.965291,0.982339,1,
239,0.96463,0.981997,1,0.962204,0.980738,1,0.966168,0.982793,1,
240,0.974041,0.98685,1,0.946518,0.972524,1,0.961034,0.98013,1,
241,0.929997,0.963729,1,0.929778,0.963611,0.983561,0.931205,0.964377,1,
242,0.966435,0.982931,1,0.93852,0.968285,0.982405,0.958894,0.979015,1,
243,0.969179,0.984348,1,0.967694,0.983582,1,0.970643,0.985103,1,
244,0.924771,0.960915,0.95388,0.956061,0.977537,1,0.942868,0.970594,1,
245,0.955907,0.977456,1,0.94865,0.973649,0.983531,0.954845,0.976901,0.994565,
246,0.942677,0.970493,1,0.932005,0.964806,0.994413,0.941075,0.969643,1,
247,0.951182,0.97498,1,0.944166,0.971281,1,0.947104,0.972834,1,
248,0.960093,0.97964,1,0.924169,0.96059,0.923048,0.948548,0.973595,1,
249,0.964236,0.981792,1,0.967247,0.983351,1,0.968315,0.983902,1,
250,0.939205,0.96865,0.994082,0.937402,0.96769,0.958574,0.944444,0.971429,0.9882,
251,0.970535,0.985047,1,0.961302,0.980269,1,0.972727,0.986175,1,
252,0.931576,0.964576,0.904196,0.930131,0.963801,0.878307,0.930916,0.964222,0.88326,
253,0.956829,0.977939,1,0.955072,0.97702,1,0.95904,0.979092,1,
254,0.973138,0.986386,1,0.963415,0.981366,1,0.972332,0.985972,1,
255,0.920228,0.958457,0.841326,0.912693,0.954354,0.858688,0.919263,0.957934,0.846992,
256,0.941866,0.970063,1,0.927032,0.962135,0.959429,0.934506,0.966145,1,
257,0.926761,0.961988,0.994621,0.923173,0.960052,1,0.926355,0.96177,1,
258,0.940658,0.969422,0.952934,0.943951,0.971167,1,0.944444,0.971429,0.9882,
259,0.970138,0.984843,1,0.972303,0.985957,1,0.975886,0.987796,1,
260,0.911806,0.953869,1,0.925837,0.961491,0.983425,0.939215,0.968655,1,
261,0.946667,0.972603,1,0.931563,0.964569,1,0.94196,0.970113,1,
262,0.92849,0.962919,0.806045,0.943295,0.97082,1,0.935566,0.966711,0.884156,
263,0.925409,0.96126,0.832762,0.938923,0.9685,0.899621,0.937393,0.967685,0.843905,
264,0.932197,0.964909,0.951654,0.941575,0.969908,0.971128,0.938478,0.968263,0.977077,
265,0.854588,0.921593,0.67696,0.922478,0.959676,0.994029,0.900428,0.947605,0.855366,
266,0.944413,0.971412,0.974807,0.929839,0.963644,0.848531,0.93889,0.968482,0.898964,
267,0.932663,0.965158,1,0.91692,0.956659,0.934713,0.925642,0.961385,1,
268,0.926393,0.96179,0.993955,0.964729,0.982048,1,0.961507,0.980376,1,
269,0.928724,0.963045,1,0.951332,0.975059,0.988764,0.942521,0.97041,0.994318,
270,0.973529,0.986587,1,0.964026,0.981684,1,0.971429,0.985507,1,
271,0.928496,0.962922,0.994302,0.918288,0.957404,0.982906,0.923921,0.960456,0.994318,
272,0.958924,0.979031,1,0.92053,0.958621,1,0.939858,0.968997,1,
273,0.980113,0.989956,1,0.967041,0.983244,1,0.981168,0.990494,1,
274,0.958752,0.978942,1,0.966443,0.982935,1,0.965324,0.982356,1,
275,0.930029,0.963746,0.946352,0.933932,0.965837,0.914694,0.930935,0.964232,0.924904,
276,0.966589,0.983011,1,0.972709,0.986166,1,0.971505,0.985547,1,
277,0.923187,0.96006,0.846304,0.909192,0.952437,0.83,0.920971,0.95886,0.874368,
278,0.977332,0.988536,1,0.965207,0.982296,1,0.972989,0.986309,1,
279,0.945638,0.972059,1,0.945319,0.971891,1,0.949167,0.973921,1,
280,0.942412,0.970352,1,0.959755,0.979464,1,0.959846,0.979512,1,
281,0.961878,0.980569,1,0.95098,0.974874,1,0.96576,0.982582,1,
282,0.944748,0.971589,0.994413,0.960964,0.980093,1,0.957367,0.978219,1,
283,0.964074,0.981708,1,0.961339,0.980289,1,0.965949,0.982679,1,
284,0.96543,0.982411,1,0.962345,0.980811,1,0.9681,0.983792,1,
285,0.916321,0.956333,0.927071,0.947425,0.973003,1,0.927795,0.962545,0.988764,
286,0.952067,0.975445,0.977651,0.965789,0.982597,1,0.966436,0.982932,1,
287,0.935938,0.966909,0.99435,0.922572,0.959727,0.90989,0.932961,0.965318,0.980329,
288,0.925645,0.961387,0.900621,0.926644,0.961926,0.989498,0.92751,0.962392,0.952858,
289,0.95506,0.977013,0.972722,0.960416,0.979808,0.956071,0.961796,0.980526,0.967152,
290,0.965956,0.982683,1,0.962113,0.980691,1,0.960199,0.979695,1,
291,0.96957,0.98455,1,0.949153,0.973913,0.983333,0.964124,0.981734,1,
292,0.919711,0.958176,0.9774,0.933471,0.965591,0.926551,0.935272,0.966553,0.971831,
293,0.966241,0.98283,1,0.98798,0.993954,1,0.981758,0.990795,1,
294,0.931307,0.964432,1,0.930254,0.963867,1,0.929595,0.963513,1,
295,0.935511,0.966681,1,0.932787,0.965225,1,0.93401,0.965879,1,
296,0.935978,0.966931,1,0.943336,0.970842,0.974521,0.942508,0.970403,0.99363,
297,0.951093,0.974934,1,0.963533,0.981428,1,0.960563,0.979885,1,
298,0.965455,0.982424,1,0.954122,0.976522,1,0.960926,0.980074,1,
299,0.927124,0.962184,1,0.944589,0.971505,1,0.943939,0.971161,1,
300,0.95393,0.976422,1,0.931968,0.964786,0.889708,0.947704,0.97315,0.955801,
301,0.959505,0.979334,1,0.97372,0.986685,1,0.975782,0.987743,1,
302,0.861903,0.92583,0.852564,0.892388,0.943135,0.974603,0.886453,0.939809,0.923281,
303,0.949477,0.974084,1,0.941533,0.969886,0.971379,0.949658,0.974179,1,
304,0.974466,0.987068,1,0.966282,0.982852,1,0.977672,0.98871,1,
305,0.960468,0.979835,1,0.961379,0.980309,1,0.962759,0.981026,1,
306,0.952034,0.975428,0.994083,0.931481,0.964525,0.991098,0.942029,0.970149,1,
307,0.975673,0.987687,1,0.972665,0.986143,1,0.976291,0.988003,1,
308,0.959932,0.979556,1,0.944649,0.971537,1,0.950609,0.974679,1,
309,0.966667,0.983051,1,0.939177,0.968635,0.991404,0.956966,0.97801,1,
310,0.926903,0.962065,1,0.926662,0.961935,0.9883,0.933207,0.96545,1,
311,0.965332,0.98236,1,0.930186,0.963831,0.903614,0.941271,0.969747,0.95144,
312,0.939566,0.968842,1,0.956522,0.977778,1,0.954513,0.976727,1,
313,0.952921,0.975893,1,0.957586,0.978334,1,0.956941,0.977997,1,
314,0.963921,0.981629,1,0.930824,0.964173,1,0.955442,0.977213,1,
315,0.97337,0.986505,1,0.965057,0.982218,1,0.975317,0.987504,1,
316,0.954751,0.976852,1,0.935128,0.966477,1,0.946357,0.972439,1,
317,0.970746,0.985156,1,0.954346,0.97664,1,0.972222,0.985915,1,
318,0.957867,0.97848,1,0.94903,0.973848,1,0.964935,0.982155,1,
319,0.937712,0.967855,1,0.947095,0.972829,1,0.945853,0.972173,1,
320,0.947114,0.972839,1,0.935462,0.966655,0.826702,0.94603,0.972266,0.986754,
321,0.957496,0.978287,0.993103,0.956989,0.978022,1,0.962729,0.98101,1,
322,0.850554,0.919243,0.585693,0.829801,0.906985,0.468376,0.838816,0.912343,0.495526,
323,0.91891,0.957742,0.806344,0.901529,0.948215,0.805916,0.914661,0.955429,0.803192,
324,0.947828,0.973215,1,0.927763,0.962528,0.976905,0.936232,0.967066,1,
325,0.927146,0.962196,0.947618,0.956147,0.977582,1,0.942807,0.970562,0.995204,
326,0.941942,0.970103,0.921351,0.948542,0.973591,0.984923,0.944444,0.971429,0.960542,
327,0.954895,0.976927,0.975122,0.96452,0.981939,1,0.961602,0.980425,1,
328,0.938659,0.968359,0.911099,0.951129,0.974952,1,0.949341,0.974012,1,
329,0.952091,0.975458,0.995049,0.949283,0.973982,1,0.948109,0.973364,1,
330,0.97915,0.989465,1,0.953867,0.976389,1,0.967095,0.983272,1,
331,0.915121,0.95568,0.840968,0.908481,0.952046,0.902571,0.909636,0.95268,0.874675,
332,0.937669,0.967832,0.946384,0.901503,0.948201,0.851801,0.919551,0.958089,0.937357,
333,0.953592,0.976245,1,0.949865,0.974288,1,0.953801,0.976354,1,
334,0.881562,0.937054,0.777843,0.911573,0.953741,0.870006,0.9,0.947368,0.842156,
335,0.941454,0.969844,0.981631,0.914268,0.955214,0.86819,0.937362,0.967669,0.955299,
336,0.957398,0.978235,1,0.952965,0.975916,1,0.958292,0.978702,1,
337,0.929098,0.963246,0.905381,0.935413,0.966629,0.978836,0.933767,0.965749,0.973752,
338,0.942333,0.97031,0.956943,0.93266,0.965157,0.990403,0.938099,0.968061,0.980806,
339,0.956052,0.977532,1,0.972669,0.986145,1,0.969043,0.984278,1,
340,0.943644,0.971005,1,0.959067,0.979106,1,0.953055,0.975963,1,
341,0.936423,0.967168,0.91711,0.943151,0.970744,0.934967,0.941421,0.969827,0.939932,
342,0.95051,0.974627,0.863557,0.924768,0.960913,0.815128,0.936454,0.967184,0.858699,
343,0.965769,0.982587,1,0.955012,0.976988,1,0.963763,0.981547,1,
344,0.974267,0.986966,1,0.956894,0.977972,1,0.970621,0.985091,1,
345,0.956412,0.97772,1,0.878906,0.935551,0.833989,0.918811,0.957688,0.951757,
346,0.970029,0.984787,1,0.959481,0.979322,1,0.969374,0.984449,1,
347,0.917571,0.957014,0.79711,0.930943,0.964237,0.917207,0.919903,0.958281,0.837261,
348,0.934141,0.965949,0.963148,0.946738,0.97264,0.925926,0.943834,0.971106,0.963088,
349,0.924333,0.960679,0.955655,0.89989,0.947308,0.965243,0.913412,0.954747,0.9458,
350,0.929054,0.963222,0.908032,0.96191,0.980585,1,0.95004,0.97438,0.985222,
351,0.970053,0.984799,1,0.957457,0.978266,1,0.969799,0.984668,1,
352,0.967499,0.983481,1,0.952196,0.975513,1,0.961523,0.980384,1,
353,0.9193,0.957953,0.875895,0.946852,0.972701,0.982183,0.938808,0.968438,0.946288,
354,0.971327,0.985455,1,0.967386,0.983423,1,0.975616,0.987657,1,
355,0.931148,0.964347,0.986266,0.894285,0.944193,0.744347,0.921951,0.959391,0.869903,
356,0.943512,0.970935,0.891989,0.950922,0.974843,1,0.955508,0.977248,0.939522,
357,0.94588,0.972187,0.984733,0.933793,0.965763,0.959183,0.945823,0.972157,1,
358,0.939422,0.968765,1,0.928396,0.962869,0.962953,0.934816,0.96631,0.989442,
359,0.926537,0.961868,0.823984,0.89251,0.943202,0.784355,0.912216,0.954093,0.809756,
360,0.972776,0.9862,1,0.939136,0.968613,0.954833,0.956067,0.97754,1,
361,0.930572,0.964037,0.936085,0.950448,0.974594,1,0.942671,0.97049,1,
362,0.955347,0.977164,1,0.966358,0.982891,1,0.961806,0.980531,1,
363,0.837004,0.911271,0.593027,0.857304,0.92317,0.64033,0.843459,0.915083,0.60795,
364,0.963418,0.981368,1,0.949231,0.973954,0.976127,0.961262,0.980249,1,
365,0.955334,0.977157,1,0.949787,0.974247,1,0.960805,0.980011,1,
366,0.954957,0.97696,0.966184,0.969632,0.984582,1,0.965067,0.982223,0.980653,
367,0.950357,0.974547,1,0.954015,0.976466,1,0.961604,0.980426,1,
368,0.96205,0.980658,1,0.957646,0.978365,1,0.965271,0.982329,1,
369,0.961538,0.980392,1,0.962297,0.980786,1,0.963779,0.981555,1,
370,0.926484,0.961839,0.91327,0.925891,0.961519,0.869807,0.931188,0.964368,0.880638,
371,0.977076,0.988405,1,0.95874,0.978935,1,0.972587,0.986103,1,
372,0.948886,0.973773,1,0.944614,0.971518,0.976005,0.946716,0.972629,1,
373,0.923797,0.96039,0.900896,0.942894,0.970608,0.900374,0.938968,0.968524,0.900374,
374,0.877085,0.934518,0.788546,0.808094,0.893863,0.548114,0.838902,0.912395,0.602705,
375,0.975117,0.987402,1,0.964189,0.981768,1,0.973567,0.986607,1,
376,0.957323,0.978196,1,0.949316,0.973999,0.968385,0.959145,0.979147,1,
377,0.817507,0.899592,0.628153,0.843401,0.915049,0.717902,0.828947,0.906475,0.682855,
378,0.943797,0.971086,0.979744,0.899337,0.947001,0.806894,0.929255,0.96333,0.900521,
379,0.922515,0.959696,0.819522,0.873521,0.932491,0.677047,0.905889,0.950621,0.802108,
380,0.960909,0.980065,1,0.96174,0.980497,1,0.966737,0.983087,1,
381,0.968571,0.984035,1,0.975297,0.987494,1,0.978099,0.988928,1,
382,0.493643,0.660992,0.228522,0,0,0,0.45094,0.621583,0.16745,
383,0.938657,0.968358,0.891037,0.952734,0.975795,1,0.949283,0.973982,1,
384,0.933406,0.965556,0.916435,0.932157,0.964888,0.888901,0.933931,0.965837,0.906157,
385,0.92268,0.959786,0.955021,0.923479,0.960217,0.994302,0.925678,0.961405,0.988636,
386,0.959742,0.979458,1,0.947573,0.973081,0.961117,0.960359,0.979779,0.997555,
387,0.941558,0.9699,0.98969,0.953288,0.976085,1,0.952183,0.975506,1,
388,0.966864,0.983153,1,0.96771,0.98359,1,0.967594,0.98353,1,
389,0.924027,0.960513,0.867777,0.943835,0.971106,1,0.936599,0.967262,0.973503,
390,0.960058,0.979622,1,0.945257,0.971858,0.97959,0.953637,0.976268,1,
391,0.767092,0.868197,0.48967,0.777925,0.875093,0.516324,0.773617,0.872361,0.519651,
392,0.96603,0.982722,1,0.946773,0.972659,0.96038,0.961385,0.980312,1,
393,0.927891,0.962597,0.933404,0.918638,0.957594,0.920732,0.925741,0.961438,0.926829,
394,0.960578,0.979893,1,0.949442,0.974065,1,0.957083,0.978071,1,
395,0.920848,0.958793,0.975546,0.925115,0.961101,0.894359,0.927955,0.962631,0.950969,
396,0.913811,0.954965,0.954357,0.945895,0.972195,1,0.930688,0.9641,1,
397,0.936705,0.967318,0.992327,0.931726,0.964656,1,0.946221,0.972367,1,
398,0.9633,0.981307,1,0.94811,0.973364,1,0.958539,0.978831,1,
399,0.942758,0.970535,0.952602,0.964885,0.982129,1,0.957619,0.978351,0.985714,
400,0.935532,0.966692,1,0.943296,0.970821,0.961854,0.947322,0.972948,1,
401,0.932466,0.965053,0.915478,0.928022,0.962668,0.904923,0.929365,0.963389,0.904923,
402,0.927798,0.962547,0.851135,0.908538,0.952077,0.754515,0.923094,0.960009,0.810648,
403,0.937219,0.967592,0.904066,0.927454,0.962362,0.824113,0.938242,0.968137,0.846626,
404,0,0,0,0,0,0,0,0,0,
405,0.931071,0.964305,0.912612,0.966879,0.98316,1,0.957041,0.978049,1,
406,0.933898,0.965819,0.955914,0.950899,0.974832,0.994459,0.939911,0.969025,0.983378,
407,0.955276,0.977127,0.984771,0.953607,0.976252,1,0.9626,0.980944,1,
408,0.883556,0.938179,0.715242,0.864008,0.927043,0.706146,0.871841,0.931533,0.709464,
409,0.944186,0.971292,1,0.936024,0.966955,0.963952,0.941992,0.97013,0.984226,
410,0.953586,0.976242,1,0.950408,0.974573,1,0.95145,0.975121,1,
411,0.931301,0.964429,0.83745,0.834112,0.909554,0.588162,0.911904,0.953922,0.743788,
412,0.930055,0.96376,0.989011,0.928621,0.96299,0.917127,0.929194,0.963298,0.947536,
413,0.929442,0.963431,0.903846,0.946409,0.972467,0.982749,0.944947,0.971694,0.990338,
414,0.947189,0.972878,1,0.927005,0.96212,0.992629,0.939063,0.968574,1,
415,0.932641,0.965147,0.900254,0.947919,0.973263,0.971692,0.947911,0.973259,0.985838,
416,0.899208,0.946929,0.840876,0.881971,0.937284,0.738244,0.896927,0.945663,0.768174,
417,0.968356,0.983924,1,0.945348,0.971907,0.916443,0.966164,0.982791,0.997389,
418,0.957447,0.978261,1,0.962619,0.980954,1,0.963731,0.98153,1,
419,0.911672,0.953795,0.81658,0.883054,0.937895,0.779627,0.903657,0.949391,0.848233,
420,0.95437,0.976652,1,0.959547,0.979356,1,0.959651,0.97941,1,
421,0.915244,0.955747,0.984614,0.933432,0.96557,0.989822,0.92887,0.963124,1,
422,0.927751,0.962522,0.94822,0.918919,0.957746,0.851827,0.928487,0.962917,0.89694,
423,0.911055,0.953458,0.897917,0.920653,0.958687,0.960083,0.919718,0.95818,0.962537,
424,0.966307,0.982865,1,0.95859,0.978857,1,0.969666,0.984599,1,
425,0.921427,0.959107,0.857462,0.917805,0.957141,0.848824,0.923615,0.960291,0.888302,
426,0.925726,0.961431,0.984575,0.911411,0.953653,0.994922,0.918319,0.957421,0.994909,
427,0.956307,0.977666,1,0.95149,0.975142,1,0.955013,0.976989,1,
428,0.925703,0.961418,1,0.948929,0.973795,1,0.937899,0.967954,1,
429,0.935906,0.966892,0.969761,0.928079,0.962698,0.943601,0.933978,0.965862,0.961038,
430,0.950557,0.974652,1,0.948735,0.973693,0.986454,0.953697,0.9763,1,
431,0.96149,0.980367,1,0.971809,0.985703,1,0.97073,0.985148,1,
432,0.797267,0.887199,0.305926,0.821255,0.901856,0.477615,0.804866,0.891884,0.38268,
433,0.956536,0.977785,0.994722,0.954126,0.976524,0.957446,0.958307,0.97871,0.973473,
434,0.887141,0.940196,0.761765,0.861268,0.925464,0.71293,0.878726,0.935449,0.765081,
435,0.904139,0.949657,0.864126,0.892909,0.943425,0.770446,0.898108,0.946319,0.829032,
436,0.954746,0.976849,1,0.96603,0.982722,1,0.960746,0.97998,1,
437,0.923592,0.960278,0.939536,0.897822,0.946161,0.819881,0.908761,0.9522,0.858633,
438,0.886603,0.939893,0.78341,0.844394,0.915633,0.72974,0.860924,0.925265,0.722968,
439,0.950593,0.974671,0.933647,0.966131,0.982774,1,0.962382,0.98083,1,
440,0.947128,0.972846,1,0.950147,0.974436,1,0.950201,0.974465,1,
441,0.942582,0.970443,0.980676,0.965864,0.982636,1,0.954974,0.976968,1,
442,0.956055,0.977534,1,0.963141,0.981224,1,0.960533,0.979869,1,
443,0.929059,0.963225,0.917124,0.857384,0.923217,0.649754,0.905878,0.950615,0.827327,
444,0.929095,0.963244,0.901639,0.945608,0.972044,1,0.937332,0.967653,0.934003,
445,0.919857,0.958256,0.978095,0.901942,0.948443,0.945345,0.914527,0.955356,1,
446,0.91602,0.95617,0.853241,0.921525,0.95916,0.865149,0.921141,0.958952,0.859379,
447,0.926541,0.96187,0.931952,0.944343,0.971375,1,0.935237,0.966535,0.966824,
448,0.96245,0.980866,1,0.953477,0.976184,1,0.959086,0.979116,1,
449,0.975927,0.987817,1,0.956121,0.977568,0.953226,0.976959,0.988345,1,
450,0.949495,0.974093,1,0.962244,0.980759,1,0.95582,0.977411,1,
451,0.96343,0.981374,1,0.975074,0.98738,1,0.974981,0.987332,1,
452,0.974165,0.986913,1,0.963106,0.981206,1,0.973698,0.986674,1,
453,0.93658,0.967252,0.985184,0.889842,0.94171,0.800075,0.918252,0.957384,0.940437,
454,0.940776,0.969484,1,0.958186,0.978646,1,0.952876,0.975869,1,
455,0.942278,0.970281,0.99479,0.949407,0.974047,1,0.948511,0.973575,1,
456,0.972363,0.985988,1,0.962127,0.980698,1,0.969965,0.984753,1,
457,0.941946,0.970105,0.937099,0.958949,0.979044,0.963759,0.952126,0.975476,0.950318,
458,0.952019,0.97542,1,0.937655,0.967825,0.94168,0.961527,0.980386,1,
459,0.889472,0.941503,0.739694,0.921882,0.959354,0.873861,0.913801,0.954959,0.883239,
460,0.95706,0.978059,1,0.934352,0.966062,0.980244,0.954436,0.976687,1,
461,0.921689,0.959249,0.889226,0.906777,0.95111,0.816721,0.926244,0.96171,0.850445,
462,0.961993,0.980628,1,0.956361,0.977694,1,0.963744,0.981537,1,
463,0.936453,0.967184,1,0.924828,0.960946,0.943501,0.938569,0.968311,1,
464,0.933139,0.965413,0.93876,0.944785,0.971609,1,0.942774,0.970544,1,
465,0.959055,0.9791,1,0.958926,0.979032,1,0.966733,0.983085,1,
466,0.907692,0.951613,0.763283,0.918489,0.957513,0.893401,0.907459,0.951485,0.77665,
467,0.950158,0.974442,1,0.953621,0.97626,1,0.952162,0.975495,1,
468,0.871521,0.931351,0.694927,0.882638,0.937661,0.780914,0.882391,0.937521,0.741421,
469,0.973051,0.986342,1,0.949929,0.974322,0.985111,0.962014,0.980639,1,
470,0.925645,0.961387,0.841664,0.944352,0.97138,1,0.93774,0.96787,0.875336,
471,0.941906,0.970084,0.948456,0.91984,0.958247,0.99537,0.935006,0.966411,0.965035,
472,0.923012,0.959965,0.818966,0.907089,0.951281,0.798724,0.913793,0.954955,0.810345,
473,0.872093,0.931677,0.798355,0.889218,0.941361,0.912701,0.871529,0.931355,0.863147,
474,0.932187,0.964904,1,0.936765,0.96735,1,0.937757,0.967879,1,
475,0.969948,0.984745,1,0.96462,0.981992,1,0.96858,0.984039,1,
476,0.924979,0.961028,0.911315,0.920033,0.958351,0.972642,0.934365,0.966069,0.932999,
477,0.928004,0.962658,0.778622,0.91633,0.956339,0.793327,0.920946,0.958846,0.787087,
478,0.921287,0.959031,0.969162,0.892212,0.943036,0.764666,0.925577,0.961351,0.947017,
479,0.971317,0.98545,1,0.971231,0.985406,1,0.97058,0.98507,1,
480,1,1,1,1,1,1,1,1,1,
481,1,1,1,1,1,1,1,1,1,
482,1,1,1,1,1,1,1,1,1,
483,1,1,1,1,1,1,1,1,1,
484,1,1,1,1,1,1,1,1,1,
485,1,1,1,1,1,1,1,1,1,
486,1,1,1,1,1,1,1,1,1,
487,1,1,1,1,1,1,1,1,1,
488,1,1,1,1,1,1,1,1,1,
489,1,1,1,1,1,1,1,1,1,
490,1,1,1,1,1,1,1,1,1,
491,1,1,1,1,1,1,1,1,1,
492,1,1,1,1,1,1,1,1,1,
493,1,1,1,1,1,1,1,1,1,
494,1,1,1,1,1,1,1,1,1,
495,1,1,1,1,1,1,1,1,1,
496,1,1,1,1,1,1,1,1,1,
497,1,1,1,1,1,1,1,1,1,
498,1,1,1,1,1,1,1,1,1,
499,1,1,1,1,1,1,1,1,1,
500,1,1,1,1,1,1,1,1,1,
501,1,1,1,1,1,1,1,1,1,
502,1,1,1,1,1,1,1,1,1,
503,1,1,1,1,1,1,1,1,1,
504,1,1,1,1,1,1,1,1,1,
505,1,1,1,1,1,1,1,1,1,
506,1,1,1,1,1,1,1,1,1,
507,1,1,1,1,1,1,1,1,1,
508,1,1,1,1,1,1,1,1,1,
509,1,1,1,1,1,1,1,1,1,
510,1,1,1,1,1,1,1,1,1,
511,1,1,1,1,1,1,1,1,1,
512,1,1,1,1,1,1,1,1,1,
513,1,1,1,1,1,1,1,1,1,
514,1,1,1,1,1,1,1,1,1,
515,1,1,1,1,1,1,1,1,1,
516,1,1,1,1,1,1,1,1,1,
517,1,1,1,1,1,1,1,1,1,
518,1,1,1,1,1,1,1,1,1,
519,1,1,1,1,1,1,1,1,1,
520,1,1,1,1,1,1,1,1,1,
521,1,1,1,1,1,1,1,1,1,
522,1,1,1,1,1,1,1,1,1,
523,1,1,1,1,1,1,1,1,1,
524,1,1,1,1,1,1,1,1,1,
525,1,1,1,1,1,1,1,1,1,
526,1,1,1,1,1,1,1,1,1,
527,1,1,1,1,1,1,1,1,1,
528,1,1,1,1,1,1,1,1,1,
529,1,1,1,1,1,1,1,1,1,
530,1,1,1,1,1,1,1,1,1,
531,1,1,1,1,1,1,1,1,1,
532,1,1,1,1,1,1,1,1,1,
533,1,1,1,1,1,1,1,1,1,
534,1,1,1,1,1,1,1,1,1,
535,1,1,1,1,1,1,1,1,1,
536,1,1,1,1,1,1,1,1,1,
537,1,1,1,1,1,1,1,1,1,
538,1,1,1,1,1,1,1,1,1,
539,1,1,1,1,1,1,1,1,1,
540,1,1,1,1,1,1,1,1,1,
541,1,1,1,1,1,1,1,1,1,
542,1,1,1,1,1,1,1,1,1,
543,1,1,1,1,1,1,1,1,1,
544,1,1,1,1,1,1,1,1,1,
545,1,1,1,1,1,1,1,1,1,
546,1,1,1,1,1,1,1,1,1,
547,1,1,1,1,1,1,1,1,1,
548,1,1,1,1,1,1,1,1,1,
549,1,1,1,1,1,1,1,1,1,
550,1,1,1,1,1,1,1,1,1,
551,1,1,1,1,1,1,1,1,1,
552,1,1,1,1,1,1,1,1,1,
553,1,1,1,1,1,1,1,1,1,
554,1,1,1,1,1,1,1,1,1,
555,1,1,1,1,1,1,1,1,1,
556,1,1,1,1,1,1,1,1,1,
557,1,1,1,1,1,1,1,1,1,
558,1,1,1,1,1,1,1,1,1,
559,1,1,1,1,1,1,1,1,1,
560,1,1,1,1,1,1,1,1,1,
561,1,1,1,1,1,1,1,1,1,
562,1,1,1,1,1,1,1,1,1,
563,1,1,1,1,1,1,1,1,1,
564,1,1,1,1,1,1,1,1,1,
565,1,1,1,1,1,1,1,1,1,
566,1,1,1,1,1,1,1,1,1,
567,1,1,1,1,1,1,1,1,1,
568,1,1,1,1,1,1,1,1,1,
569,1,1,1,1,1,1,1,1,1,
570,1,1,1,1,1,1,1,1,1,
571,1,1,1,1,1,1,1,1,1,
572,1,1,1,1,1,1,1,1,1,
573,1,1,1,1,1,1,1,1,1,
574,1,1,1,1,1,1,1,1,1,
575,1,1,1,1,1,1,1,1,1,
576,1,1,1,1,1,1,1,1,1,
577,1,1,1,1,1,1,1,1,1,
578,1,1,1,1,1,1,1,1,1,
579,1,1,1,1,1,1,1,1,1,
580,1,1,1,1,1,1,1,1,1,
581,1,1,1,1,1,1,1,1,1,
582,1,1,1,1,1,1,1,1,1,
583,1,1,1,1,1,1,1,1,1,
584,1,1,1,1,1,1,1,1,1,
585,1,1,1,1,1,1,1,1,1,
586,1,1,1,1,1,1,1,1,1,
587,1,1,1,1,1,1,1,1,1,
588,1,1,1,1,1,1,1,1,1,
589,1,1,1,1,1,1,1,1,1,
590,1,1,1,1,1,1,1,1,1,
591,1,1,1,1,1,1,1,1,1,
592,1,1,1,1,1,1,1,1,1,
593,1,1,1,1,1,1,1,1,1,
594,1,1,1,1,1,1,1,1,1,
595,1,1,1,1,1,1,1,1,1,
596,1,1,1,1,1,1,1,1,1,
597,1,1,1,1,1,1,1,1,1,
598,1,1,1,1,1,1,1,1,1,
599,1,1,1,1,1,1,1,1,1,
600,1,1,1,1,1,1,1,1,1,
601,1,1,1,1,1,1,1,1,1,
602,1,1,1,1,1,1,1,1,1,
603,1,1,1,1,1,1,1,1,1,
604,1,1,1,1,1,1,1,1,1,
605,1,1,1,1,1,1,1,1,1,
606,1,1,1,1,1,1,1,1,1,
607,1,1,1,1,1,1,1,1,1,
608,1,1,1,1,1,1,1,1,1,
609,1,1,1,1,1,1,1,1,1,
610,1,1,1,1,1,1,1,1,1,
611,1,1,1,1,1,1,1,1,1,
612,1,1,1,1,1,1,1,1,1,
613,1,1,1,1,1,1,1,1,1,
614,1,1,1,1,1,1,1,1,1,
615,1,1,1,1,1,1,1,1,1,
616,1,1,1,1,1,1,1,1,1,
617,1,1,1,1,1,1,1,1,1,
618,1,1,1,1,1,1,1,1,1,
619,1,1,1,1,1,1,1,1,1,
620,1,1,1,1,1,1,1,1,1,
621,1,1,1,1,1,1,1,1,1,
622,1,1,1,1,1,1,1,1,1,
623,1,1,1,1,1,1,1,1,1,
624,1,1,1,1,1,1,1,1,1,
625,1,1,1,1,1,1,1,1,1,
626,1,1,1,1,1,1,1,1,1,
627,1,1,1,1,1,1,1,1,1,
628,1,1,1,1,1,1,1,1,1,
629,1,1,1,1,1,1,1,1,1,
630,1,1,1,1,1,1,1,1,1,
631,1,1,1,1,1,1,1,1,1,
632,1,1,1,1,1,1,1,1,1,
633,1,1,1,1,1,1,1,1,1,
634,1,1,1,1,1,1,1,1,1,
635,1,1,1,1,1,1,1,1,1,
636,1,1,1,1,1,1,1,1,1,
637,1,1,1,1,1,1,1,1,1,
638,1,1,1,1,1,1,1,1,1,
639,1,1,1,1,1,1,1,1,1,
640,1,1,1,1,1,1,1,1,1,
641,1,1,1,1,1,1,1,1,1,
642,1,1,1,1,1,1,1,1,1,
643,1,1,1,1,1,1,1,1,1,
644,1,1,1,1,1,1,1,1,1,
645,1,1,1,1,1,1,1,1,1,
646,1,1,1,1,1,1,1,1,1,
647,1,1,1,1,1,1,1,1,1,
648,1,1,1,1,1,1,1,1,1,
649,1,1,1,1,1,1,1,1,1,
650,1,1,1,1,1,1,1,1,1,
651,1,1,1,1,1,1,1,1,1,
652,1,1,1,1,1,1,1,1,1,
653,1,1,1,1,1,1,1,1,1,
654,1,1,1,1,1,1,1,1,1,
655,1,1,1,1,1,1,1,1,1,
656,1,1,1,1,1,1,1,1,1,
657,1,1,1,1,1,1,1,1,1,
658,1,1,1,1,1,1,1,1,1,
659,1,1,1,1,1,1,1,1,1,
660,1,1,1,1,1,1,1,1,1,
661,1,1,1,1,1,1,1,1,1,
662,1,1,1,1,1,1,1,1,1,
663,1,1,1,1,1,1,1,1,1,
664,1,1,1,1,1,1,1,1,1,
665,1,1,1,1,1,1,1,1,1,
666,1,1,1,1,1,1,1,1,1,
667,1,1,1,1,1,1,1,1,1,
668,1,1,1,1,1,1,1,1,1,
669,1,1,1,1,1,1,1,1,1,
670,1,1,1,1,1,1,1,1,1,
671,1,1,1,1,1,1,1,1,1,
672,1,1,1,1,1,1,1,1,1,
673,1,1,1,1,1,1,1,1,1,
674,1,1,1,1,1,1,1,1,1,
675,1,1,1,1,1,1,1,1,1,
676,1,1,1,1,1,1,1,1,1,
677,1,1,1,1,1,1,1,1,1,
678,1,1,1,1,1,1,1,1,1,
679,1,1,1,1,1,1,1,1,1,
680,1,1,1,1,1,1,1,1,1,
681,1,1,1,1,1,1,1,1,1,
682,1,1,1,1,1,1,1,1,1,
683,1,1,1,1,1,1,1,1,1,
684,1,1,1,1,1,1,1,1,1,
685,1,1,1,1,1,1,1,1,1,
686,1,1,1,1,1,1,1,1,1,
687,1,1,1,1,1,1,1,1,1,
688,1,1,1,1,1,1,1,1,1,
689,1,1,1,1,1,1,1,1,1,
690,1,1,1,1,1,1,1,1,1,
691,1,1,1,1,1,1,1,1,1,
692,1,1,1,1,1,1,1,1,1,
693,1,1,1,1,1,1,1,1,1,
694,1,1,1,1,1,1,1,1,1,
695,1,1,1,1,1,1,1,1,1,
696,1,1,1,1,1,1,1,1,1,
697,1,1,1,1,1,1,1,1,1,
698,1,1,1,1,1,1,1,1,1,
699,1,1,1,1,1,1,1,1,1,
700,1,1,1,1,1,1,1,1,1,
701,1,1,1,1,1,1,1,1,1,
702,1,1,1,1,1,1,1,1,1,
703,1,1,1,1,1,1,1,1,1,
704,1,1,1,1,1,1,1,1,1,
705,1,1,1,1,1,1,1,1,1,
706,1,1,1,1,1,1,1,1,1,
707,1,1,1,1,1,1,1,1,1,
708,1,1,1,1,1,1,1,1,1,
709,1,1,1,1,1,1,1,1,1,
710,1,1,1,1,1,1,1,1,1,
711,1,1,1,1,1,1,1,1,1,
712,1,1,1,1,1,1,1,1,1,
713,1,1,1,1,1,1,1,1,1,
714,1,1,1,1,1,1,1,1,1,
715,1,1,1,1,1,1,1,1,1,
716,1,1,1,1,1,1,1,1,1,
717,1,1,1,1,1,1,1,1,1,
718,1,1,1,1,1,1,1,1,1,
719,1,1,1,1,1,1,1,1,1,
720,1,1,1,1,1,1,1,1,1,
721,1,1,1,1,1,1,1,1,1,
722,1,1,1,1,1,1,1,1,1,
723,1,1,1,1,1,1,1,1,1,
724,1,1,1,1,1,1,1,1,1,
725,1,1,1,1,1,1,1,1,1,
726,1,1,1,1,1,1,1,1,1,
727,1,1,1,1,1,1,1,1,1,
728,1,1,1,1,1,1,1,1,1,
729,1,1,1,1,1,1,1,1,1,
730,1,1,1,1,1,1,1,1,1,
731,1,1,1,1,1,1,1,1,1,
732,1,1,1,1,1,1,1,1,1,
733,1,1,1,1,1,1,1,1,1,
734,1,1,1,1,1,1,1,1,1,
735,1,1,1,1,1,1,1,1,1,
736,1,1,1,1,1,1,1,1,1,
737,1,1,1,1,1,1,1,1,1,
738,1,1,1,1,1,1,1,1,1,
739,1,1,1,1,1,1,1,1,1,
740,1,1,1,1,1,1,1,1,1,
741,1,1,1,1,1,1,1,1,1,
742,1,1,1,1,1,1,1,1,1,
743,1,1,1,1,1,1,1,1,1,
744,1,1,1,1,1,1,1,1,1,
745,1,1,1,1,1,1,1,1,1,
746,1,1,1,1,1,1,1,1,1,
747,1,1,1,1,1,1,1,1,1,
748,1,1,1,1,1,1,1,1,1,
749,1,1,1,1,1,1,1,1,1,
750,1,1,1,1,1,1,1,1,1,
751,1,1,1,1,1,1,1,1,1,
752,1,1,1,1,1,1,1,1,1,
753,1,1,1,1,1,1,1,1,1,
754,1,1,1,1,1,1,1,1,1,
755,1,1,1,1,1,1,1,1,1,
756,1,1,1,1,1,1,1,1,1,
757,1,1,1,1,1,1,1,1,1,
758,1,1,1,1,1,1,1,1,1,
759,1,1,1,1,1,1,1,1,1,
760,1,1,1,1,1,1,1,1,1,
761,1,1,1,1,1,1,1,1,1,
762,1,1,1,1,1,1,1,1,1,
763,1,1,1,1,1,1,1,1,1,
764,1,1,1,1,1,1,1,1,1,
765,1,1,1,1,1,1,1,1,1,
766,1,1,1,1,1,1,1,1,1,
767,1,1,1,1,1,1,1,1,1,
768,1,1,1,1,1,1,1,1,1,
769,1,1,1,1,1,1,1,1,1,
770,1,1,1,1,1,1,1,1,1,
771,1,1,1,1,1,1,1,1,1,
772,1,1,1,1,1,1,1,1,1,
773,1,1,1,1,1,1,1,1,1,
774,1,1,1,1,1,1,1,1,1,
775,1,1,1,1,1,1,1,1,1,
776,1,1,1,1,1,1,1,1,1,
777,1,1,1,1,1,1,1,1,1,
778,1,1,1,1,1,1,1,1,1,
779,1,1,1,1,1,1,1,1,1,
780,1,1,1,1,1,1,1,1,1,
781,1,1,1,1,1,1,1,1,1,
782,1,1,1,1,1,1,1,1,1,
783,1,1,1,1,1,1,1,1,1,
784,1,1,1,1,1,1,1,1,1,
785,1,1,1,1,1,1,1,1,1,
786,1,1,1,1,1,1,1,1,1,
787,1,1,1,1,1,1,1,1,1,
788,1,1,1,1,1,1,1,1,1,
789,1,1,1,1,1,1,1,1,1,
790,1,1,1,1,1,1,1,1,1,
791,1,1,1,1,1,1,1,1,1,
792,1,1,1,1,1,1,1,1,1,
793,1,1,1,1,1,1,1,1,1,
794,1,1,1,1,1,1,1,1,1,
795,1,1,1,1,1,1,1,1,1,
796,1,1,1,1,1,1,1,1,1,
797,1,1,1,1,1,1,1,1,1,
798,1,1,1,1,1,1,1,1,1,
799,1,1,1,1,1,1,1,1,1,
800,1,1,1,1,1,1,1,1,1,
801,1,1,1,1,1,1,1,1,1,
802,1,1,1,1,1,1,1,1,1,
803,1,1,1,1,1,1,1,1,1,
804,1,1,1,1,1,1,1,1,1,
805,1,1,1,1,1,1,1,1,1,
806,1,1,1,1,1,1,1,1,1,
807,1,1,1,1,1,1,1,1,1,
808,1,1,1,1,1,1,1,1,1,
809,1,1,1,1,1,1,1,1,1,
810,1,1,1,1,1,1,1,1,1,
811,1,1,1,1,1,1,1,1,1,
812,1,1,1,1,1,1,1,1,1,
813,1,1,1,1,1,1,1,1,1,
814,1,1,1,1,1,1,1,1,1,
815,1,1,1,1,1,1,1,1,1,
816,1,1,1,1,1,1,1,1,1,
817,1,1,1,1,1,1,1,1,1,
818,1,1,1,1,1,1,1,1,1,
819,1,1,1,1,1,1,1,1,1,
820,1,1,1,1,1,1,1,1,1,
821,1,1,1,1,1,1,1,1,1,
822,1,1,1,1,1,1,1,1,1,
823,1,1,1,1,1,1,1,1,1,
824,1,1,1,1,1,1,1,1,1,
825,1,1,1,1,1,1,1,1,1,
826,1,1,1,1,1,1,1,1,1,
827,1,1,1,1,1,1,1,1,1,
828,1,1,1,1,1,1,1,1,1,
829,1,1,1,1,1,1,1,1,1,
830,1,1,1,1,1,1,1,1,1,
831,1,1,1,1,1,1,1,1,1,
832,1,1,1,1,1,1,1,1,1,
833,1,1,1,1,1,1,1,1,1,
834,1,1,1,1,1,1,1,1,1,
835,1,1,1,1,1,1,1,1,1,
836,1,1,1,1,1,1,1,1,1,
837,1,1,1,1,1,1,1,1,1,
838,1,1,1,1,1,1,1,1,1,
839,1,1,1,1,1,1,1,1,1,
840,1,1,1,1,1,1,1,1,1,
841,1,1,1,1,1,1,1,1,1,
842,1,1,1,1,1,1,1,1,1,
843,1,1,1,1,1,1,1,1,1,
844,1,1,1,1,1,1,1,1,1,
845,1,1,1,1,1,1,1,1,1,
846,1,1,1,1,1,1,1,1,1,
847,1,1,1,1,1,1,1,1,1,
848,1,1,1,1,1,1,1,1,1,
849,1,1,1,1,1,1,1,1,1,
850,1,1,1,1,1,1,1,1,1,
851,1,1,1,1,1,1,1,1,1,
852,1,1,1,1,1,1,1,1,1,
853,1,1,1,1,1,1,1,1,1,
854,1,1,1,1,1,1,1,1,1,
855,1,1,1,1,1,1,1,1,1,
856,1,1,1,1,1,1,1,1,1,
857,1,1,1,1,1,1,1,1,1,
858,1,1,1,1,1,1,1,1,1,
859,1,1,1,1,1,1,1,1,1,
860,1,1,1,1,1,1,1,1,1,
861,1,1,1,1,1,1,1,1,1,
862,1,1,1,1,1,1,1,1,1,
863,1,1,1,1,1,1,1,1,1,
864,1,1,1,1,1,1,1,1,1,
865,1,1,1,1,1,1,1,1,1,
866,1,1,1,1,1,1,1,1,1,
867,1,1,1,1,1,1,1,1,1,
868,1,1,1,1,1,1,1,1,1,
869,1,1,1,1,1,1,1,1,1,
870,1,1,1,1,1,1,1,1,1,
871,1,1,1,1,1,1,1,1,1,
872,1,1,1,1,1,1,1,1,1,
873,1,1,1,1,1,1,1,1,1,
874,1,1,1,1,1,1,1,1,1,
875,1,1,1,1,1,1,1,1,1,
876,1,1,1,1,1,1,1,1,1,
877,1,1,1,1,1,1,1,1,1,
878,1,1,1,1,1,1,1,1,1,
879,1,1,1,1,1,1,1,1,1,
880,1,1,1,1,1,1,1,1,1,
881,1,1,1,1,1,1,1,1,1,
882,1,1,1,1,1,1,1,1,1,
883,1,1,1,1,1,1,1,1,1,
884,1,1,1,1,1,1,1,1,1,
885,1,1,1,1,1,1,1,1,1,
886,1,1,1,1,1,1,1,1,1,
887,1,1,1,1,1,1,1,1,1,
888,1,1,1,1,1,1,1,1,1,
889,1,1,1,1,1,1,1,1,1,
890,1,1,1,1,1,1,1,1,1,
891,1,1,1,1,1,1,1,1,1,
892,1,1,1,1,1,1,1,1,1,
893,1,1,1,1,1,1,1,1,1,
894,1,1,1,1,1,1,1,1,1,
895,1,1,1,1,1,1,1,1,1,
896,1,1,1,1,1,1,1,1,1,
897,1,1,1,1,1,1,1,1,1,
898,1,1,1,1,1,1,1,1,1,
899,1,1,1,1,1,1,1,1,1,
900,1,1,1,1,1,1,1,1,1,
901,1,1,1,1,1,1,1,1,1,
902,1,1,1,1,1,1,1,1,1,
903,1,1,1,1,1,1,1,1,1,
904,1,1,1,1,1,1,1,1,1,
905,1,1,1,1,1,1,1,1,1,
906,1,1,1,1,1,1,1,1,1,
907,1,1,1,1,1,1,1,1,1,
908,1,1,1,1,1,1,1,1,1,
909,1,1,1,1,1,1,1,1,1,
910,1,1,1,1,1,1,1,1,1,
911,1,1,1,1,1,1,1,1,1,
912,1,1,1,1,1,1,1,1,1,
913,1,1,1,1,1,1,1,1,1,
914,1,1,1,1,1,1,1,1,1,
915,1,1,1,1,1,1,1,1,1,
916,1,1,1,1,1,1,1,1,1,
917,1,1,1,1,1,1,1,1,1,
918,1,1,1,1,1,1,1,1,1,
919,1,1,1,1,1,1,1,1,1,
920,1,1,1,1,1,1,1,1,1,
921,1,1,1,1,1,1,1,1,1,
922,1,1,1,1,1,1,1,1,1,
923,1,1,1,1,1,1,1,1,1,
924,1,1,1,1,1,1,1,1,1,
925,1,1,1,1,1,1,1,1,1,
926,1,1,1,1,1,1,1,1,1,
927,1,1,1,1,1,1,1,1,1,
928,1,1,1,1,1,1,1,1,1,
929,1,1,1,1,1,1,1,1,1,
930,1,1,1,1,1,1,1,1,1,
931,1,1,1,1,1,1,1,1,1,
932,1,1,1,1,1,1,1,1,1,
933,1,1,1,1,1,1,1,1,1,
934,1,1,1,1,1,1,1,1,1,
935,1,1,1,1,1,1,1,1,1,
936,1,1,1,1,1,1,1,1,1,
937,1,1,1,1,1,1,1,1,1,
938,1,1,1,1,1,1,1,1,1,
939,1,1,1,1,1,1,1,1,1,
940,1,1,1,1,1,1,1,1,1,
941,1,1,1,1,1,1,1,1,1,
942,1,1,1,1,1,1,1,1,1,
943,1,1,1,1,1,1,1,1,1,
944,1,1,1,1,1,1,1,1,1,
945,1,1,1,1,1,1,1,1,1,
946,1,1,1,1,1,1,1,1,1,
947,1,1,1,1,1,1,1,1,1,
948,1,1,1,1,1,1,1,1,1,
949,1,1,1,1,1,1,1,1,1,
950,1,1,1,1,1,1,1,1,1,
951,1,1,1,1,1,1,1,1,1,
952,1,1,1,1,1,1,1,1,1,
953,0,0,0,1,1,1,1,1,1,
954,1,1,1,1,1,1,1,1,1,
955,1,1,1,1,1,1,1,1,1,
956,1,1,1,1,1,1,1,1,1,
957,1,1,1,1,1,1,1,1,1,
958,1,1,1,1,1,1,1,1,1,
959,1,1,1,1,1,1,1,1,1,